moph_id,atc,brand_name,b_g,ingredients,dosage,form,price_lbp,detail_url
2233,D10BA01,A-CNOTREN,G,Isotretinoin - 20mg,20mg,"Capsule, soft gelatin",1526524,https://www.moph.gov.lb/en/Drugs/view/2233
2190,D10AD01,A-RET,G,Tretinoin - 0.05%,0.05%,Cream,335961,https://www.moph.gov.lb/en/Drugs/view/2190
4519,N02BE51,A.B.C NIGHT,G,"Paracetamol - 500mg, Diphenhydramine HCl - 25mg",,"Tablet, film coated",222694,https://www.moph.gov.lb/en/Drugs/view/4519
4535,N02BE51,A.B.C.-COLD,G,"Paracetamol - 500mg, Chlorphenamine maleate - 4mg, Phenylephrine HCl - 5mg",,"Tablet, film coated",534977,https://www.moph.gov.lb/en/Drugs/view/4535
773,B01AC06,A.S HEART,G,Acetylsalicylic acid - 81mg,81mg,"Tablet, enteric coated",148463,https://www.moph.gov.lb/en/Drugs/view/773
4864,N05AX12,ABILIFY MAINTENA,B,Aripiprazole - 400mg,400mg,"Injectable powder for suspension, prolonged release+solvent",29491998,https://www.moph.gov.lb/en/Drugs/view/4864
4846,N05AX12,ABIPREX 10,G,Aripiprazole - 10mg,10mg,Tablet,1075074,https://www.moph.gov.lb/en/Drugs/view/4846
4854,N05AX12,ABIPREX 15,G,Aripiprazole - 15mg,15mg,Tablet,1075074,https://www.moph.gov.lb/en/Drugs/view/4854
3826,L02BX03,ABIRATERONE ACETATE NEAPOLIS,G,Abiraterone acetate - 250mg,250mg,Tablet,75418662,https://www.moph.gov.lb/en/Drugs/view/3826
3827,L02BX03,ABIRATERONE ACETATE SPC,G,Abiraterone acetate - 250mg,250mg,"Tablet, film coated",73748373,https://www.moph.gov.lb/en/Drugs/view/3827
3828,L02BX03,ABLAX 250,G,Abiraterone acetate - 250mg,250mg,Tablet,45056853,https://www.moph.gov.lb/en/Drugs/view/3828
5828,L02BX03,ABLAX 250,G,Abiraterone acetate - 250mg,250mg,Tablet,,https://www.moph.gov.lb/en/Drugs/view/5828
3831,L02BX03,ABLAX 500,G,Abiraterone acetate - 500mg,500mg,Tablet,45056853,https://www.moph.gov.lb/en/Drugs/view/3831
5829,L02BX03,ABLAX 500,G,Abiraterone acetate - 500mg,500mg,Tablet,,https://www.moph.gov.lb/en/Drugs/view/5829
3442,L01CD01,ABRAXANE,BioTech,Paclitaxel Albumin- bound - 5mg/ml,5mg/ml,Injectable powder for dispersion,17850751,https://www.moph.gov.lb/en/Drugs/view/3442
3829,L02BX03,ABREMIA,G,Abiraterone acetate - 250mg,250mg,Tablet,77478802,https://www.moph.gov.lb/en/Drugs/view/3829
5749,L02BX03,ABREMIA,G,Abiraterone acetate - 250mg,250mg,Tablet,,https://www.moph.gov.lb/en/Drugs/view/5749
3937,L04AB04,ABRILADA,BioTech,Adalimumab - 40mg,40mg,Injectable solution,40259574,https://www.moph.gov.lb/en/Drugs/view/3937
3938,L04AB04,ABRILADA,BioTech,Adalimumab - 40mg,40mg,Injectable solution,40259574,https://www.moph.gov.lb/en/Drugs/view/3938
3302,J07BX05,ABRYSVO,B,"RSV subgroup A stabilized perfusion F antigen 60mcg - 60mcg, RSV subgroup B stabilized perfusion F antigen 60mcg - 60mcg, Glycoprotein F stabilized in the perfusion conformation -",,Injectable powder + solvent,22650721,https://www.moph.gov.lb/en/Drugs/view/3302
2243,D10BA01,ABSORICA LIDOSE,G,Isotretinoin - 16mg,16mg,"Capsule, hard",1827045,https://www.moph.gov.lb/en/Drugs/view/2243
4413,N02AB03,ABSTRAL,B,Fentanyl (citrate) - 200mcg,200mcg,Tablet,5261143,https://www.moph.gov.lb/en/Drugs/view/4413
4414,N02AB03,ABSTRAL,B,Fentanyl (citrate) - 100mcg,100mcg,Tablet,3419743,https://www.moph.gov.lb/en/Drugs/view/4414
5094,N07BB03,ACAMPROSATE BIOGARAN,G,Acamprosate - 333mg,333mg,"Tablet, gastroresistant",3641813,https://www.moph.gov.lb/en/Drugs/view/5094
5667,V01AA,ACARIZAX 12 SQ-HDM ORAL LYOPHILISATE,B,Allergen extracts - 12 SQ-HDM,,"Tablet, lyophilised",9366451,https://www.moph.gov.lb/en/Drugs/view/5667
5374,R05CB01,ACC LONG,G,"N-acetylcysteine - 600mg, Vitamin C - 75mg",600mg,"Tablet, effervescent",286238,https://www.moph.gov.lb/en/Drugs/view/5374
1477,C07AB04,ACEBUTOLOL BIOGARAN,G,Acebutolol HCl - 400mg,400mg,"Tablet, coated",615480,https://www.moph.gov.lb/en/Drugs/view/1477
1478,C07AB04,ACEBUTOLOL BIOGARAN,G,Acebutolol HCl - 200mg,200mg,"Tablet, coated",464970,https://www.moph.gov.lb/en/Drugs/view/1478
4103,M01AB16,ACECLOFAR,G,Aceclofenac - 100mg,100mg,Tablet,131697,https://www.moph.gov.lb/en/Drugs/view/4103
5584,S01EC01,ACETAZOLAMIDE,G,Acetazolamide - 250mg,250mg,Tablet,1001163,https://www.moph.gov.lb/en/Drugs/view/5584
925,B03BB01,ACFOL,G,Folic acid - 5mg,5mg,Tablet,355798,https://www.moph.gov.lb/en/Drugs/view/925
4228,M02AA10,ACHONID GEL,G,Ketoprofen - 2.5%,2.5%,Gel,179179,https://www.moph.gov.lb/en/Drugs/view/4228
4330,M05BB03,ACIDE ALENDRONIQUE/ VITAMINE D3 BGR,G,"Alendronic acid - 70mg, Colecalciferol - 5600UI",,Tablet,815712,https://www.moph.gov.lb/en/Drugs/view/4330
2098,D06AX01,ACIDE FUSIDIQUE BGR,G,Fusidic acid - 2%,2%,Cream,202920,https://www.moph.gov.lb/en/Drugs/view/2098
4327,M05BA08,ACLASTA,B,Zoledronic acid (monohydrate) - 5mg/100ml,5mg/100ml,Injectable solution,21075062,https://www.moph.gov.lb/en/Drugs/view/4327
3956,L04AC07,ACTEMRA,BioTech,Tocilizumab - 80mg/4ml,80mg/4ml,Injectable concentrated solution,11127864,https://www.moph.gov.lb/en/Drugs/view/3956
3957,L04AC07,ACTEMRA,BioTech,Tocilizumab - 162mg/0.9ml,162mg/0.9ml,Injectable solution,79959812,https://www.moph.gov.lb/en/Drugs/view/3957
3958,L04AC07,ACTEMRA,BioTech,Tocilizumab - 200mg/10ml,200mg/10ml,Injectable concentrated solution,25485937,https://www.moph.gov.lb/en/Drugs/view/3958
3959,L04AC07,ACTEMRA,BioTech,Tocilizumab - 400mg/20ml,400mg/20ml,Injectable concentrated solution,47925322,https://www.moph.gov.lb/en/Drugs/view/3959
5895,L04AC07,ACTEMRA,BioTech,Tocilizumab - 80mg/4ml,80mg/4ml,Injectable concentrated solution,,https://www.moph.gov.lb/en/Drugs/view/5895
5896,L04AC07,ACTEMRA,BioTech,Tocilizumab - 162mg/0.9ml,162mg/0.9ml,Injectable solution,,https://www.moph.gov.lb/en/Drugs/view/5896
5897,L04AC07,ACTEMRA,BioTech,Tocilizumab - 200mg/10ml,200mg/10ml,Injectable concentrated solution,,https://www.moph.gov.lb/en/Drugs/view/5897
5898,L04AC07,ACTEMRA,BioTech,Tocilizumab - 400mg/20ml,400mg/20ml,Injectable concentrated solution,,https://www.moph.gov.lb/en/Drugs/view/5898
3161,J05AB01,ACTI-VIR,G,Aciclovir - 200mg,200mg,"Tablet, scored",1039238,https://www.moph.gov.lb/en/Drugs/view/3161
2123,D06BB53,ACTI-VIR H,G,"Aciclovir - 5%, Hydrocortisone acetate - 1%",,Cream,833182,https://www.moph.gov.lb/en/Drugs/view/2123
183,A03E,ACTICARBINE,G,"Activated charcoal - 70mg, Papaverine HCl - 14mg",,"Tablet, coated",306396,https://www.moph.gov.lb/en/Drugs/view/183
800,B01AD02,ACTILYSE,BioTech,Alteplase - 50mg,50mg,Injectable dry powder for solution+diluent,100976553,https://www.moph.gov.lb/en/Drugs/view/800
4397,N02AA01,ACTISKENAN,G,Morphine sulfate - 30mg,30mg,"Capsule, immediate release",763303,https://www.moph.gov.lb/en/Drugs/view/4397
4398,N02AA01,ACTISKENAN,G,Morphine sulfate - 20mg,20mg,"Capsule, immediate release",512004,https://www.moph.gov.lb/en/Drugs/view/4398
4399,N02AA01,ACTISKENAN,G,Morphine sulfate - 10mg,10mg,"Capsule, immediate release",310428,https://www.moph.gov.lb/en/Drugs/view/4399
4400,N02AA01,ACTISKENAN,G,Morphine sulfate - 5mg,5mg,"Capsule, immediate release",233829,https://www.moph.gov.lb/en/Drugs/view/4400
5425,R05X,ACTISOUFRE,B,"Sulfure de Sodium - 13mg, Saccharomyces Cerevisiae  - 500mg",,Solution,729706,https://www.moph.gov.lb/en/Drugs/view/5425
9,A02AF02,ACTONORM,B,"Aluminium hydroxide - 220mg/5ml, Magnesium hydroxide - 200mg/5ml, Simethicone - 25mg/5ml",,Suspension,403153,https://www.moph.gov.lb/en/Drugs/view/9
544,A10BG03,ACTOS,B,Pioglitazone HCl - 30mg,30mg,Tablet,2484765,https://www.moph.gov.lb/en/Drugs/view/544
546,A10BG03,ACTOS,B,Pioglitazone HCl - 15mg,15mg,Tablet,1243054,https://www.moph.gov.lb/en/Drugs/view/546
482,A10BD05,ACTOSMET,B,"Metformin - 850mg, Pioglitazone - 15mg",,"Tablet, film coated",3101588,https://www.moph.gov.lb/en/Drugs/view/482
359,A10AB01,ACTRAPID,BioTech,Insulin (human) - 100IU/ml,100IU/ml,Injectable solution,752552,https://www.moph.gov.lb/en/Drugs/view/359
360,A10AB01,ACTRAPID,BioTech,Insulin (human) - 100IU/ml,100IU/ml,Injectable solution,752552,https://www.moph.gov.lb/en/Drugs/view/360
4574,N02BG06,ACUPAN,B,Nefopam HCl - 20mg,20mg,Injectable solution,365525,https://www.moph.gov.lb/en/Drugs/view/4574
1604,C09AA05,ACURIL,G,Ramipril - 2.5mg,2.5mg,Tablet,497222,https://www.moph.gov.lb/en/Drugs/view/1604
1609,C09AA05,ACURIL,G,Ramipril - 5mg,5mg,Tablet,614136,https://www.moph.gov.lb/en/Drugs/view/1609
1615,C09AA05,ACURIL,G,Ramipril - 10mg,10mg,Tablet,810337,https://www.moph.gov.lb/en/Drugs/view/1615
3939,L04AB04,ADALIREL,BioTech,Adalimumab - 40mg,40mg,Injectable solution,7805376,https://www.moph.gov.lb/en/Drugs/view/3939
5861,L04AB04,ADALIREL,BioTech,Adalimumab - 40mg,40mg,Injectable solution,,https://www.moph.gov.lb/en/Drugs/view/5861
3694,L01FX05,ADCETRIS,BioTech,Brentuximab Vedotin - 50mg,50mg,Injectable powder for concentrate for solution,298266862,https://www.moph.gov.lb/en/Drugs/view/3694
5794,L01FX05,ADCETRIS,BioTech,Brentuximab Vedotin - 50mg,50mg,Injectable powder for concentrate for solution,,https://www.moph.gov.lb/en/Drugs/view/5794
1273,B05XA31,ADDAVEN,G,"Chromic chloride 6H2O - 53mcg/10ml, Copper chloride dihydrate - 1.02mg/10ml, Ferric Chloride hexahydrate - 5.40mg/10ml, Manganese chloride 4H2O - 198mcg/10ml, Potassium iodide - 166mcg/10ml, Sodium fluoride - 2.10mg/10ml",,Injectable concentrate for solution,4065124,https://www.moph.gov.lb/en/Drugs/view/1273
1377,C02LA51,ADELPHAN ESIDREX,B,"Reserpine - 0.1mg, Hydrochlorothiazide - 10mg, Dihydralazine - 10mg",,Tablet,371157,https://www.moph.gov.lb/en/Drugs/view/1377
4289,M04AA03,ADENURIC,B,Febuxostat - 120mg,120mg,"Tablet, film coated",2184704,https://www.moph.gov.lb/en/Drugs/view/4289
4294,M04AA03,ADENURIC,B,Febuxostat - 80mg,80mg,"Tablet, film-scored",2127111,https://www.moph.gov.lb/en/Drugs/view/4294
4300,M04AA03,ADENURIC,B,Febuxostat - 40mg,40mg,"Tablet, film coated",1687866,https://www.moph.gov.lb/en/Drugs/view/4300
1381,C03BA11,ADEX,G,Indapamide - 1.5mg,1.5mg,"Tablet, prolonged release",296989,https://www.moph.gov.lb/en/Drugs/view/1381
4447,N02BE01,ADOL,G,Paracetamol - 500mg,500mg,Caplet,81974,https://www.moph.gov.lb/en/Drugs/view/4447
4469,N02BE01,ADOL,G,Paracetamol - 250mg,250mg,Suppository,124977,https://www.moph.gov.lb/en/Drugs/view/4469
4474,N02BE01,ADOL,G,Paracetamol - 500mg,500mg,Suppository,131697,https://www.moph.gov.lb/en/Drugs/view/4474
4477,N02BE01,ADOL,G,Paracetamol - 125mg,125mg,Suppository,107507,https://www.moph.gov.lb/en/Drugs/view/4477
4484,N02BE01,ADOL,G,Paracetamol - 120mg/5ml,120mg/5ml,Syrup,126321,https://www.moph.gov.lb/en/Drugs/view/4484
4495,N02BE01,ADOL,G,Paracetamol - 250mg/5ml,250mg/5ml,"Suspension, alcohol free",192169,https://www.moph.gov.lb/en/Drugs/view/4495
4515,N02BE51,ADOL EXTRA,G,"Paracetamol - 500mg, Caffeine - 65mg",,Caplet,122290,https://www.moph.gov.lb/en/Drugs/view/4515
1315,C01CA24,ADRENALINE 1 MG  I.V.,G,Adrenaline - 1mg/ml,1mg/ml,Injectable solution,2239738,https://www.moph.gov.lb/en/Drugs/view/1315
1318,C01CA24,ADRENALINE AGUETTANT,G,Adrenaline - 0.1mg/ml,0.1mg/ml,Injectable solution,13990891,https://www.moph.gov.lb/en/Drugs/view/1318
1316,C01CA24,ADRENALINE RENAUDIN,G,Epinephrine (tartrate) - 1mg/ml,1mg,Injectable solution,444812,https://www.moph.gov.lb/en/Drugs/view/1316
1317,C01CA24,ADRENALINE SALF,G,Adrenaline - 1mg/ml,1mg/ml,Injectable solution,220390,https://www.moph.gov.lb/en/Drugs/view/1317
4312,M05BA06,ADROMUX,G,Ibandronic acid - 150mg,150mg,"Tablet, coated",821088,https://www.moph.gov.lb/en/Drugs/view/4312
3980,L04AD02,ADVAGRAF,B,Tacrolimus monohydrate - 3mg,3mg,"Capsule, prolonged release",68645618,https://www.moph.gov.lb/en/Drugs/view/3980
3982,L04AD02,ADVAGRAF,B,Tacrolimus monohydrate - 1mg,1mg,"Capsule, prolonged release",25729044,https://www.moph.gov.lb/en/Drugs/view/3982
3984,L04AD02,ADVAGRAF,B,Tacrolimus monohydrate - 5mg,5mg,"Capsule, prolonged release",85485667,https://www.moph.gov.lb/en/Drugs/view/3984
3986,L04AD02,ADVAGRAF,B,Tacrolimus monohydrate - 0.5mg,0.5mg,"Capsule, prolonged release",13297758,https://www.moph.gov.lb/en/Drugs/view/3986
5789,L04AD02,ADVAGRAF,B,Tacrolimus monohydrate - 1mg,1mg,"Capsule, prolonged release",,https://www.moph.gov.lb/en/Drugs/view/5789
5790,L04AD02,ADVAGRAF,B,Tacrolimus monohydrate - 3mg,3mg,"Capsule, prolonged release",,https://www.moph.gov.lb/en/Drugs/view/5790
2150,D07AC14,ADVANTAN,B,Methylprednisolone aceponate - 1mg/g,1mg/g,Ointment,385683,https://www.moph.gov.lb/en/Drugs/view/2150
2151,D07AC14,ADVANTAN,B,Methylprednisolone aceponate - 1mg/g,1mg/g,Cream,385683,https://www.moph.gov.lb/en/Drugs/view/2151
4129,M01AE01,ADVIL,B,Ibuprofen - 200mg,200mg,Tablet,387027,https://www.moph.gov.lb/en/Drugs/view/4129
4176,M01AE51,ADVIL COLD & SINUS,B,"Ibuprofen - 200mg, Pseudoephedrine HCl - 30mg",,"Caplet, coated",288926,https://www.moph.gov.lb/en/Drugs/view/4176
4130,M01AE01,ADVIL LIQUI-GELS,B,Ibuprofen - 200mg,200mg,Capsule,464970,https://www.moph.gov.lb/en/Drugs/view/4130
4149,M01AE01,ADVIL LIQUI-GELS EXTRA STRENGTH,B,Ibuprofen - 400mg,400mg,Capsule,575165,https://www.moph.gov.lb/en/Drugs/view/4149
5501,R06AX27,AERIALLERG,G,Desloratadine - 5mg,5mg,"Tablet, film coated",400465,https://www.moph.gov.lb/en/Drugs/view/5501
5511,R06AX27,AERIALLERG,G,Desloratadine - 0.5mg/ml,0.5mg/ml,Syrup,200233,https://www.moph.gov.lb/en/Drugs/view/5511
5499,R06AX27,AERIUS,B,Desloratadine - 5mg,5mg,"Tablet, film coated",430030,https://www.moph.gov.lb/en/Drugs/view/5499
5500,R06AX27,AERIUS,B,Desloratadine - 5mg,5mg,"Tablet, film coated",430030,https://www.moph.gov.lb/en/Drugs/view/5500
5510,R06AX27,AERIUS,B,Desloratadine - 0.5mg/ml,0.5mg/ml,Solution,403153,https://www.moph.gov.lb/en/Drugs/view/5510
5272,R03AK13,AEROCORT-A HFA,G,"Salbutamol - 100mcg/dose, Beclometasone - 50mcg/dose",,Metered dose inhaler,541569,https://www.moph.gov.lb/en/Drugs/view/5272
5241,R03AC13,AEROFOR,G,Formoterol fumarate - 12mcg,12mcg,"Capsule, inhalation",897687,https://www.moph.gov.lb/en/Drugs/view/5241
5242,R03AC13,AEROFOR,G,Formoterol fumarate - 12mcg,12mcg,"Capsule, inhalation",1709368,https://www.moph.gov.lb/en/Drugs/view/5242
5284,R03BA02,AERONIDE,G,Budesonide - 200mcg,200mcg,"Capsule, inhalation",1150329,https://www.moph.gov.lb/en/Drugs/view/5284
5296,R03BA02,AERONIDE,G,Budesonide - 400mcg,400mcg,"Capsule, inhalation",2116552,https://www.moph.gov.lb/en/Drugs/view/5296
1436,C05BB02,AETHOXYSKLEROL,B,Polidocanol (Lauromacrogol 400) - 0.5%,0.5%,Injectable solution,1441943,https://www.moph.gov.lb/en/Drugs/view/1436
1437,C05BB02,AETHOXYSKLEROL,B,Polidocanol (Lauromacrogol 400) - 1%,1%,Injectable solution,1732213,https://www.moph.gov.lb/en/Drugs/view/1437
1438,C05BB02,AETHOXYSKLEROL,B,Polidocanol (Lauromacrogol 400) - 3%,3%,Injectable solution,2576146,https://www.moph.gov.lb/en/Drugs/view/1438
3573,L01EG02,AFINITOR,B,Everolimus - 5mg,5mg,Tablet,149125651,https://www.moph.gov.lb/en/Drugs/view/3573
3576,L01EG02,AFINITOR,B,Everolimus - 10mg,10mg,Tablet,214674575,https://www.moph.gov.lb/en/Drugs/view/3576
781,B01AC17,AGGRASTAT,B,Tirofiban hydrochloride monohydrate - 0.25mg/ml,0.25mg/ml,Injectable concentrated solution,18280324,https://www.moph.gov.lb/en/Drugs/view/781
754,B01AC04,AGGRIX 75,G,Clopidogrel besylate - 75mg,75mg,"Tablet, film coated",1204083,https://www.moph.gov.lb/en/Drugs/view/754
4588,N02CD01,AIMOVIG,BioTech,Erenumab - 70mg/ml,70mg/ml,Injectable solution,35423371,https://www.moph.gov.lb/en/Drugs/view/4588
5332,R03DC03,AIRFAST,G,Montelukast (sodium) - 10mg,10mg,"Tablet, film coated",802274,https://www.moph.gov.lb/en/Drugs/view/5332
5348,R03DC03,AIRFAST PEDIATRICS,G,Montelukast (sodium) - 4mg,4mg,Granules for solution,880217,https://www.moph.gov.lb/en/Drugs/view/5348
4102,M01AB16,AIRTAL 100MG 20,B,Aceclofenac - 100mg,100mg,"Tablet, film coated",471689,https://www.moph.gov.lb/en/Drugs/view/4102
4224,M02AA,AIRTAL DIFUCREM 1.5%,B,Aceclofenac - 1.5g/100g,1.5%,Cream,536193,https://www.moph.gov.lb/en/Drugs/view/4224
3756,L01XK52,AKEEGA,B,"Niraparib - 100mg, Abiraterone acetate - 500mg",,"Tablet, film coated",519366124,https://www.moph.gov.lb/en/Drugs/view/3756
3757,L01XK52,AKEEGA,B,"Niraparib - 50mg, Abiraterone acetate - 500mg",,"Tablet, film coated",519366124,https://www.moph.gov.lb/en/Drugs/view/3757
2202,D10AD06,AKLIEF,B,Trifarotene - 50mcg/g,50mcg/g,Cream,4359425,https://www.moph.gov.lb/en/Drugs/view/2202
258,A04AA55,AKYNZEO,B,"Palonosetron - 0.5mg, Netupitant - 300mg",,"Capsule, hard",7364372,https://www.moph.gov.lb/en/Drugs/view/258
5162,P02CA03,ALBENDA,G,Albendazole - 100mg/5ml,400mg/20ml,Suspension,129009,https://www.moph.gov.lb/en/Drugs/view/5162
5163,P02CA03,ALBENDA,G,Albendazole - 200mg,200mg,Tablet,116914,https://www.moph.gov.lb/en/Drugs/view/5163
5164,P02CA03,ALBENDACURE,G,Albendazole - 200mg,200mg,Tablet,127985,https://www.moph.gov.lb/en/Drugs/view/5164
5165,P02CA03,ALBENDAZOLE-UBSA,G,Albendazole - 200mg,200mg,Tablet,127985,https://www.moph.gov.lb/en/Drugs/view/5165
5166,P02CA03,ALBEZORA,G,Albendazole - 200mg,200mg,Tablet,116466,https://www.moph.gov.lb/en/Drugs/view/5166
957,B05AA01,ALBUKEY,BioHuman,Albumin human - 20%,20%,Injectable solution,4863366,https://www.moph.gov.lb/en/Drugs/view/957
958,B05AA01,ALBUREL HUMAN ALBUMIN BP,BioHuman,Albumin human - 20%,20%,Injectable solution,3836670,https://www.moph.gov.lb/en/Drugs/view/958
959,B05AA01,ALBUREL HUMAN ALBUMIN BP,BioHuman,Albumin human - 20%,20%,Injectable solution,6353687,https://www.moph.gov.lb/en/Drugs/view/959
5860,B05AA01,ALBUREL HUMAN ALBUMIN BP,BioHuman,Albumin human - 20%,20%,Injectable solution,,https://www.moph.gov.lb/en/Drugs/view/5860
960,B05AA01,ALBUTEIN,BioHuman,Albumin human - 20%,20%,Injectable solution,7154928,https://www.moph.gov.lb/en/Drugs/view/960
961,B05AA01,ALBUTEIN,BioHuman,Albumin human - 20%,,Injectable solution,4031528,https://www.moph.gov.lb/en/Drugs/view/961
1401,C03DA01,ALDACTONE,B,Spironolactone - 100mg,100mg,Tablet,458250,https://www.moph.gov.lb/en/Drugs/view/1401
1402,C03DA01,ALDACTONE,B,Spironolactone - 25mg,25mg,Tablet,237860,https://www.moph.gov.lb/en/Drugs/view/1402
2120,D06BB10,ALDARA,B,Imiquimod - 5%,5%,Cream,6301277,https://www.moph.gov.lb/en/Drugs/view/2120
1120,B05CX01,ALDEX,G,"Dextrose, H2O - 5g/100ml",5g/100ml,Injectable solution,174062,https://www.moph.gov.lb/en/Drugs/view/1120
1121,B05CX01,ALDEX,G,"Dextrose, H2O - 5g/100ml",5g/100ml,Injectable solution,174062,https://www.moph.gov.lb/en/Drugs/view/1121
1122,B05CX01,ALDEX,G,"Dextrose, H2O - 5g/100ml",5g/100ml,Injectable solution,170630,https://www.moph.gov.lb/en/Drugs/view/1122
1123,B05CX01,ALDEX,G,"Dextrose, H2O - 5g/100ml",5g/100ml,Injectable solution,182720,https://www.moph.gov.lb/en/Drugs/view/1123
1124,B05CX01,ALDEX,G,"Dextrose, H2O - 5g/100ml",5g/100ml,Injectable solution,205933,https://www.moph.gov.lb/en/Drugs/view/1124
1355,C02AB02,ALDOMET,B,Methyldopa - 250mg,250mg,"Tablet, coated",644400,https://www.moph.gov.lb/en/Drugs/view/1355
1356,C02AB02,ALDOMET,B,Methyldopa - 500mg,500mg,"Tablet, coated",856708,https://www.moph.gov.lb/en/Drugs/view/1356
711,A16AB05,ALDURAZYME,B,Laronidase - 100U/ml,100U/ml,Injectable concentrate for solution,57138680,https://www.moph.gov.lb/en/Drugs/view/711
3546,L01ED03,ALECENSA,B,Alectinib - 150mg,150mg,"Capsule, hard",490837809,https://www.moph.gov.lb/en/Drugs/view/3546
5809,L01ED03,ALECENSA,B,Alectinib - 150mg,150mg,"Capsule, hard",,https://www.moph.gov.lb/en/Drugs/view/5809
5440,R06AB54,ALERGICAL EXPECTORANT,B,"Chlorpheniramine maleate - 50mg/100ml, Guaifenesin - 2000mg/100ml, Dihydroxypropyltheophylline - 500mg/100ml, Paracetamol - 2000mg/100ml",,Syrup,485127,https://www.moph.gov.lb/en/Drugs/view/5440
5619,S01GA04,ALERJON,G,Oxymetazoline HCl -,,Drops solution,528130,https://www.moph.gov.lb/en/Drugs/view/5619
3375,L01BC01,ALEXAN,G,Cytarabine - 100mg/5ml,100mg/5ml,Injectable solution,1209458,https://www.moph.gov.lb/en/Drugs/view/3375
3376,L01BC01,ALEXAN,G,"Cytarabine - 1,000mg/20ml","1,000mg/20ml",Injectable solution,2848946,https://www.moph.gov.lb/en/Drugs/view/3376
5933,L01BC01,ALEXAN,G,"Cytarabine - 1,000mg/20ml","1,000mg/20ml",Injectable solution,,https://www.moph.gov.lb/en/Drugs/view/5933
5224,R02A,ALFA-AMYLASE BGR CONSEIL,G,"Alpha-Amylase - 3,000U.CEIP","3,000U.CEIP","Tablet, coated",290270,https://www.moph.gov.lb/en/Drugs/view/5224
5226,R02A,ALFA-AMYLASE BGR CONSEIL,G,Alpha-Amylase - 200U.CEIP/ml,200U.CEIP/ml,Syrup,384339,https://www.moph.gov.lb/en/Drugs/view/5226
2494,G04CA01,ALFOCIN,G,Alfuzosin HCl - 10mg,10mg,"Tablet, extended release",858779,https://www.moph.gov.lb/en/Drugs/view/2494
2495,G04CA01,ALFUZOSINE ARROW LP,G,Alfuzosin HCl - 10mg,10mg,"Tablet, film coated, sustained release",743145,https://www.moph.gov.lb/en/Drugs/view/2495
2496,G04CA01,ALFUZOSINE BIOGARAN LP,G,Alfuzosin HCl - 10mg,10mg,"Tablet, coated, prolonged release",1115389,https://www.moph.gov.lb/en/Drugs/view/2496
4244,M02AX10,ALGESAL SURACTIVE,B,"Salycilic acid - 6.54g/100g, Diethylamine - 3.46g/100g, Myrtecaine - 1g/100g",,Cream,1006538,https://www.moph.gov.lb/en/Drugs/view/4244
4147,M01AE01,ALGIFAST 400,B,Ibuprofen Lysine - 400mg,400mg,Powder for suspension,473033,https://www.moph.gov.lb/en/Drugs/view/4147
4148,M01AE01,ALGIFAST PEDIATRIC,B,Ibuprofen Lysine - 20mg/ml,20mg/ml,Suspension,393746,https://www.moph.gov.lb/en/Drugs/view/4148
4099,M01AB15,ALGIKEY,G,Ketorolac trometamine - 30mg/ml,30mg/ml,Injectable solution,873498,https://www.moph.gov.lb/en/Drugs/view/4099
4470,N02BE01,ALGIVIC,G,Paracetamol - 250mg,250mg,Suppository,215015,https://www.moph.gov.lb/en/Drugs/view/4470
4475,N02BE01,ALGIVIC,G,Paracetamol - 500mg,500mg,Suppository,147183,https://www.moph.gov.lb/en/Drugs/view/4475
4478,N02BE01,ALGIVIC INFANT,G,Paracetamol - 125mg,125mg,Suppository,199657,https://www.moph.gov.lb/en/Drugs/view/4478
4418,N02AJ06,ALGOCOD,G,"Paracetamol - 500mg, Codeine phosphate - 30mg",,"Tablet, effervescent",299677,https://www.moph.gov.lb/en/Drugs/view/4418
4423,N02AJ13,ALGODOL,G,"Paracetamol - 325mg, Tramadol HCl - 37.5mg",,Capsule,317403,https://www.moph.gov.lb/en/Drugs/view/4423
5400,R05DA20,ALGOMIEL COUGH SYRUP,G,"Dextromethorphan HBr - 5mg, Carbinoxamine maleate - 2mg",,Syrup,639925,https://www.moph.gov.lb/en/Drugs/view/5400
3348,L01BA04,ALIMTA,B,Pemetrexed (disodium) - 500mg,500mg,Injectable concentrated powder for solution,78132798,https://www.moph.gov.lb/en/Drugs/view/3348
3358,L01BA04,ALIMTA,B,Pemetrexed (disodium) - 100mg,100mg,Injectable concentrated powder for solution,16854009,https://www.moph.gov.lb/en/Drugs/view/3358
5623,S01GX07,ALLERGODIL,B,Azelastine HCl - 0.5mg/ml,0.5mg/ml,Drops solution,709549,https://www.moph.gov.lb/en/Drugs/view/5623
5199,R01AC03,ALLERGODIL NASAL,B,Azelastine HCl - 0.14mg/dose,0.14mg/dose,"Spray, solution",657139,https://www.moph.gov.lb/en/Drugs/view/5199
4282,M04AA01,ALLOPURINOL BIOGARAN,G,Allopurinol - 100mg,100mg,Tablet,107507,https://www.moph.gov.lb/en/Drugs/view/4282
4285,M04AA01,ALLOPURINOL BIOGARAN,G,Allopurinol - 300mg,300mg,Tablet,212327,https://www.moph.gov.lb/en/Drugs/view/4285
4288,M04AA01,ALLOPURINOL BIOGARAN,G,Allopurinol - 200mg,200mg,Tablet,169324,https://www.moph.gov.lb/en/Drugs/view/4288
2274,D11AX18,ALMIRAL,G,Diclofenac sodium - 1% w/w,1% w/w,Gel,396434,https://www.moph.gov.lb/en/Drugs/view/2274
4076,M01AB05,ALMIRAL,G,Diclofenac sodium - 75mg/3ml,75mg/3ml,Injectable solution,415247,https://www.moph.gov.lb/en/Drugs/view/4076
4587,N02CC05,ALMOVITAE,G,Almotriptan - 12.5mg,12.5mg,"Tablet, film coated",1148985,https://www.moph.gov.lb/en/Drugs/view/4587
2263,D11AX01,ALOPEXY,G,Minoxidil - 5%,5%,Solution,896343,https://www.moph.gov.lb/en/Drugs/view/2263
255,A04AA05,ALOXI,B,Palonosetron HCl - 0.25mg/5ml,0.25mg/5ml,Injectable solution,3656595,https://www.moph.gov.lb/en/Drugs/view/255
934,B03XA01,ALPEEN,BioTech,"Erythropoietin recombinant human (Epoetin alfa) - 10,000IU",10000IU,Injectable solution,4036903,https://www.moph.gov.lb/en/Drugs/view/934
935,B03XA01,ALPEEN,BioTech,"Erythropoietin recombinant human (Epoetin alfa) - 10,000IU","10,000IU",Injectable solution,10661285,https://www.moph.gov.lb/en/Drugs/view/935
940,B03XA01,ALPEEN,BioTech,Erythropoietin recombinant human (Epoetin alfa) - 4000IU,4000IU,Injectable solution,8728144,https://www.moph.gov.lb/en/Drugs/view/940
941,B03XA01,ALPEEN,BioTech,Erythropoietin recombinant human (Epoetin alfa) - 4000IU,4000IU,Injectable solution,1127036,https://www.moph.gov.lb/en/Drugs/view/941
942,B03XA01,ALPEEN,BioTech,Erythropoietin recombinant human (Epoetin alfa) - 4000IU,4000IU,Injectable solution,4748244,https://www.moph.gov.lb/en/Drugs/view/942
948,B03XA01,ALPEEN,BioTech,"Erythropoietin recombinant human (Epoetin alfa) - 40,000IU","40,000IU",Injectable solution,11210836,https://www.moph.gov.lb/en/Drugs/view/948
5573,S01EA05,ALPHAGAN P,B,Brimonidine tartrate - 1.5mg/ml,0.15%,Drops solution,999819,https://www.moph.gov.lb/en/Drugs/view/5573
5574,S01EA05,ALPHAGAN P,B,Brimonidine tartrate - 1.5mg/ml,0.15%,Drops solution,999819,https://www.moph.gov.lb/en/Drugs/view/5574
5581,S01EA05,ALPHAGAN P,B,Brimonidine tartrate - 0.1%,0.15%,Drops solution,999819,https://www.moph.gov.lb/en/Drugs/view/5581
5575,S01EA05,ALPHANOVA,G,Brimonidine tartrate - 0.15%,0.15%,Drops solution,599354,https://www.moph.gov.lb/en/Drugs/view/5575
4893,N05BA12,ALPRAZOLAM BIOGARAN,G,Alprazolam - 0.5mg,0.5mg,"Tablet, scored",169324,https://www.moph.gov.lb/en/Drugs/view/4893
4897,N05BA12,ALPRAZOLAM BIOGARAN,G,Alprazolam - 0.25mg,0.25mg,"Tablet, scored",115570,https://www.moph.gov.lb/en/Drugs/view/4897
4894,N05BA12,ALPROX,G,Alprazolam - 0.5mg,0.5mg,Tablet,383955,https://www.moph.gov.lb/en/Drugs/view/4894
4898,N05BA12,ALPROX,G,Alprazolam - 1mg,1mg,Tablet,895895,https://www.moph.gov.lb/en/Drugs/view/4898
3914,L04AB01,ALTEBREL,BioTech,Etanercept - 50mg/1ml,50mg/1ml,Injectable solution,14833767,https://www.moph.gov.lb/en/Drugs/view/3914
3922,L04AB01,ALTEBREL,BioTech,Etanercept - 25mg/0.5ml,25mg/0.5ml,Injectable solution,27383989,https://www.moph.gov.lb/en/Drugs/view/3922
5735,L04AB01,ALTEBREL,BioTech,Etanercept - 50mg/1ml,50mg/1ml,Injectable solution,,https://www.moph.gov.lb/en/Drugs/view/5735
622,A11CC05,ALTO D 10.000,G,"Vitamin D3 - 10,000IU","10,000IU",Capsule,895895,https://www.moph.gov.lb/en/Drugs/view/622
635,A11CC05,ALTUM,G,"Vitamin D3 - 50,000IU","50,000IU","Capsule, hard",712620,https://www.moph.gov.lb/en/Drugs/view/635
623,A11CC05,ALTUM-D3,G,"Vitamin D3 - 10,000IU","10,000IU",Capsule,561342,https://www.moph.gov.lb/en/Drugs/view/623
636,A11CC05,ALTUM-D3,G,"Vitamin D3 - 50,000IU","50,000IU","Capsule, hard",712620,https://www.moph.gov.lb/en/Drugs/view/636
3547,L01ED04,ALUNBRIG,B,Brigatinib - 30mg,30mg,"Tablet, film coated",87227357,https://www.moph.gov.lb/en/Drugs/view/3547
3548,L01ED04,ALUNBRIG,B,Brigatinib - 90mg,90mg,"Tablet, film coated",261678963,https://www.moph.gov.lb/en/Drugs/view/3548
3549,L01ED04,ALUNBRIG,B,Brigatinib - 180mg,180mg,"Tablet, film coated",409120926,https://www.moph.gov.lb/en/Drugs/view/3549
4286,M04AA01,ALURIC,G,Allopurinol - 300mg,300mg,"Tablet, scored",175339,https://www.moph.gov.lb/en/Drugs/view/4286
5109,N07CA01,ALVIGO,G,Betahistine dihydrochloride - 16mg,16mg,"Tablet, scored",1204339,https://www.moph.gov.lb/en/Drugs/view/5109
3737,L01XG01,ALVOCADE,G,Bortezomib - 3.5mg,3.5mg,Injectable powder for solution,14169600,https://www.moph.gov.lb/en/Drugs/view/3737
5954,L01XG01,ALVOCADE,G,Bortezomib - 3.5mg,3.5mg,Injectable powder for solution,,https://www.moph.gov.lb/en/Drugs/view/5954
5051,N06DA02,ALZEPIL,G,Donepezil HCl - 5mg,5mg,Tablet,1406555,https://www.moph.gov.lb/en/Drugs/view/5051
5058,N06DA02,ALZEPIL,G,Donepezil HCl - 10mg,10mg,Tablet,1908256,https://www.moph.gov.lb/en/Drugs/view/5058
2910,J01DH51,AMANAM 500,G,"Imipenem - 500mg, Cilastatin - 500mg",500mg,Injectable powder for solution,997131,https://www.moph.gov.lb/en/Drugs/view/2910
443,A10BB12,AMARYL,B,Glimepiride - 1mg,1mg,Tablet,231141,https://www.moph.gov.lb/en/Drugs/view/443
449,A10BB12,AMARYL,B,Glimepiride - 2mg,2mg,Tablet,233829,https://www.moph.gov.lb/en/Drugs/view/449
457,A10BB12,AMARYL,B,Glimepiride - 3mg,3mg,Tablet,392402,https://www.moph.gov.lb/en/Drugs/view/457
465,A10BB12,AMARYL,B,Glimepiride - 4mg,4mg,Tablet,392402,https://www.moph.gov.lb/en/Drugs/view/465
3099,J02AA01,AMBISOME,B,Liposomal Amphotericin B - 50mg,50mg,Injectable powder for liposomal dispersion,13126040,https://www.moph.gov.lb/en/Drugs/view/3099
444,A10BB12,AMEPRIDE,G,Glimepiride - 1mg,1mg,Tablet,137072,https://www.moph.gov.lb/en/Drugs/view/444
450,A10BB12,AMEPRIDE,G,Glimepiride - 2mg,2mg,Tablet,139760,https://www.moph.gov.lb/en/Drugs/view/450
458,A10BB12,AMEPRIDE,G,Glimepiride - 3mg,3mg,Tablet,215015,https://www.moph.gov.lb/en/Drugs/view/458
466,A10BB12,AMEPRIDE,G,Glimepiride - 4mg,4mg,Tablet,215015,https://www.moph.gov.lb/en/Drugs/view/466
2972,J01GB06,AMICINE,G,Amikacin (sulfate) - 500mg/2ml,500mg/2ml,Injectable solution,1749683,https://www.moph.gov.lb/en/Drugs/view/2972
2973,J01GB06,AMIKACIN SULPHATE,G,Amikacin (sulfate) - 500mg/2ml,500mg/2ml,Injectable solution,372244,https://www.moph.gov.lb/en/Drugs/view/2973
2974,J01GB06,AMIKACIN-ORBUCELL,G,Amikacin (sulfate) - 500mg/2ml,500mg/2ml,Injectable solution,3711565,https://www.moph.gov.lb/en/Drugs/view/2974
5315,R03DA05,AMINOPHYLLINE,G,Aminophylline - 100mg,100mg,"Tablet, scored",445388,https://www.moph.gov.lb/en/Drugs/view/5315
5316,R03DA05,AMINOPHYLLINE ADULTS,G,Aminophylline - 350mg,350mg,Suppository,244451,https://www.moph.gov.lb/en/Drugs/view/5316
5317,R03DA05,AMINOPHYLLINE CHILDREN,G,Aminophylline - 100mg,100mg,Suppository,203496,https://www.moph.gov.lb/en/Drugs/view/5317
5314,R03DA05,AMINOPHYLLINE RENAUDIN,G,Aminophylline - 250mg/10ml,2.5%,Injectable solution,739113,https://www.moph.gov.lb/en/Drugs/view/5314
972,B05BA01,AMINOPLASMAL B. BRAUN,B,Amino acids - 10%,10%,Injectable solution,1036103,https://www.moph.gov.lb/en/Drugs/view/972
970,B05BA01,AMINOVEN 10%,B,"Glacial Acetic Acid 99% - 5.297g/l, L-Proline - 15.0g/l, L-Alanine - 15.0g/l, Glycine - 14.0g/l, L-Histidine - 3.00g/l, L-Arginine - 12.0g/l, L-Valine - 6.20g/l, L-Tryptophan - 2.00g/l, L-Threonine - 4.40g/l, L-Phenylalanine - 5.10g/l, L-Methionine - 4.30g/l, L-Lysine (monoacetate) - 6.60g/l, L-Leucine - 7.40g/l, L-Isoleucine - 5.00g/l",,Injectable solution,951440,https://www.moph.gov.lb/en/Drugs/view/970
971,B05BA01,AMINOVEN INFANT,B,"L-Leucine - 13g/l, L-Isoleucine - 8g/l, L-Lysine Acetate - 12g/l, L-Methionine - 3.12g/l, L-Phenylalanine - 3.75g/l, L-Threonine - 4.40g/l, L-Tryptophan - 2.01g/l, L-Valine - 9g/l, Arginine - 7.5g/l, L-Histidine - 4.76g/l, Glycine - 4.15g/l, L-Taurine - 0.40g/l, L-Serine - 7.67g/l, L-Alanine - 9.3g/l, L-Proline - 9.71g/l, N-Acetyl-L-Tyrosine - 5.176g/l, N-Acetyl-L-Cysteine - 0.70g/l, L-Malic Acid - 2.62g/l",10%,Injectable solution,880217,https://www.moph.gov.lb/en/Drugs/view/971
1300,C01BD01,AMIODARONE BIOGARAN,G,Amiodarone (HCl) - 200mg,200mg,Tablet,345368,https://www.moph.gov.lb/en/Drugs/view/1300
1537,C08CA01,AMLINE,G,Amlodipine - 5mg,5mg,"Tablet, scored",358358,https://www.moph.gov.lb/en/Drugs/view/1537
1558,C08CA01,AMLINE,G,Amlodipine - 10mg,10mg,Tablet,662962,https://www.moph.gov.lb/en/Drugs/view/1558
1538,C08CA01,AMLO TAD,G,Amlodipine besylate - 5mg,5mg,Tablet,744489,https://www.moph.gov.lb/en/Drugs/view/1538
1542,C08CA01,AMLO-DECURE,G,Amlodipine - 5mg,5mg,Tablet,362198,https://www.moph.gov.lb/en/Drugs/view/1542
1539,C08CA01,AMLOCARD,G,Amlodipine (besylate) - 5mg,5mg,Tablet,473545,https://www.moph.gov.lb/en/Drugs/view/1539
1559,C08CA01,AMLOCARD 10,G,Amlodipine (besylate) - 10mg,10mg,Tablet,870298,https://www.moph.gov.lb/en/Drugs/view/1559
1540,C08CA01,AMLOCOEUR,G,Amlodipine - 5mg,5mg,Tablet,362198,https://www.moph.gov.lb/en/Drugs/view/1540
1560,C08CA01,AMLODAR 10,G,Amlodipine (besylate) - 10mg,10mg,Capsule,671921,https://www.moph.gov.lb/en/Drugs/view/1560
1541,C08CA01,AMLODAR 5,G,Amlodipine (besylate) - 5mg,5mg,Capsule,362837,https://www.moph.gov.lb/en/Drugs/view/1541
1543,C08CA01,AMLODIPINE ARROW,G,Amlodipine (besylate) - 5mg,5mg,Capsule,462282,https://www.moph.gov.lb/en/Drugs/view/1543
1544,C08CA01,AMLODIPINE ARROW,G,Amlodipine (besylate) - 5mg,5mg,Capsule,1303527,https://www.moph.gov.lb/en/Drugs/view/1544
1561,C08CA01,AMLODIPINE ARROW,G,Amlodipine (besylate) - 10mg,10mg,Capsule,462282,https://www.moph.gov.lb/en/Drugs/view/1561
1545,C08CA01,AMLODIPINE BIOGARAN,G,Amlodipine (besylate) - 5mg,5mg,Capsule,462282,https://www.moph.gov.lb/en/Drugs/view/1545
1562,C08CA01,AMLODIPINE BIOGARAN,G,Amlodipine (besylate) - 10mg,10mg,Capsule,462282,https://www.moph.gov.lb/en/Drugs/view/1562
1780,C09DB01,AMLODIPINE/VALSARTAN ARROW,G,"Amlodipine (besylate) - 5mg, Valsartan - 160mg",,"Tablet, coated",923220,https://www.moph.gov.lb/en/Drugs/view/1780
1781,C09DB01,AMLODIPINE/VALSARTAN ARROW,G,"Amlodipine (besylate) - 5mg, Valsartan - 160mg",,"Tablet, film coated",2603023,https://www.moph.gov.lb/en/Drugs/view/1781
1787,C09DB01,AMLODIPINE/VALSARTAN ARROW,G,"Amlodipine (besylate) - 10mg, Valsartan - 160mg",,"Tablet, coated",923220,https://www.moph.gov.lb/en/Drugs/view/1787
1793,C09DB01,AMLODIPINE/VALSARTAN ARROW,G,"Amlodipine (besylate) - 5mg, Valsartan - 80mg",,"Tablet, coated",807649,https://www.moph.gov.lb/en/Drugs/view/1793
1546,C08CA01,AMLODIPRESS,G,Amlodipine - 5mg,5mg,Tablet,362198,https://www.moph.gov.lb/en/Drugs/view/1546
1547,C08CA01,AMLOKEY,G,Amlodipine (besylate) - 5mg,5mg,Tablet,349399,https://www.moph.gov.lb/en/Drugs/view/1547
1563,C08CA01,AMLOKEY,G,Amlodipine (besylate) - 10mg,10mg,Tablet,397777,https://www.moph.gov.lb/en/Drugs/view/1563
1548,C08CA01,AMLOPHAR,G,Amlodipine (besylate) - 5mg,5mg,Capsule,388370,https://www.moph.gov.lb/en/Drugs/view/1548
1535,C08CA01,AMLOR,B,Amlodipine besylate - 5mg,5mg,Capsule,560382,https://www.moph.gov.lb/en/Drugs/view/1535
1536,C08CA01,AMLOR,B,Amlodipine besylate - 5mg,5mg,Capsule,560382,https://www.moph.gov.lb/en/Drugs/view/1536
1564,C08CA01,AMLORINE 10,G,Amlodipine (besylate) - 10mg,10mg,Tablet,959504,https://www.moph.gov.lb/en/Drugs/view/1564
1549,C08CA01,AMLORINE 5,G,Amlodipine (besylate) - 5mg,5mg,Tablet,388370,https://www.moph.gov.lb/en/Drugs/view/1549
2678,J01CR02,AMOCLAN,G,"Amoxicillin (trihydrate) - 125mg/5ml, Clavulanic Acid (potassium) - 31.25mg/5ml",156mg/5ml,Powder for suspension,159917,https://www.moph.gov.lb/en/Drugs/view/2678
2698,J01CR02,AMOCLAN,G,"Amoxicillin (trihydrate) - 250mg, Clavulanic Acid (potassium) - 125mg",375mg,Tablet,259362,https://www.moph.gov.lb/en/Drugs/view/2698
2682,J01CR02,AMOCLAN BID,G,"Amoxicillin (trihydrate) - 200mg/5ml, Clavulanic Acid (potassium) - 28.5mg/5ml",228.5mg/5ml,Powder for suspension,345368,https://www.moph.gov.lb/en/Drugs/view/2682
2684,J01CR02,AMOCLAN BID,G,"Amoxicillin (trihydrate) - 400mg/5ml, Clavulanic Acid (potassium) - 57.1mg/5ml",457mg/5ml,Powder for suspension,278175,https://www.moph.gov.lb/en/Drugs/view/2684
2692,J01CR02,AMOCLAN BID,G,"Amoxicillin (trihydrate) - 600mg/5ml, Clavulanic Acid (potassium) - 42.9mg/5ml",642.9mg/5ml,Powder for suspension,507972,https://www.moph.gov.lb/en/Drugs/view/2692
2705,J01CR02,AMOCLAN BID,G,"Amoxicillin (trihydrate) - 875mg, Clavulanic Acid (potassium) - 125mg",1g,Tablet,456906,https://www.moph.gov.lb/en/Drugs/view/2705
2680,J01CR02,AMOCLAN FORTE,G,"Amoxicillin (trihydrate) - 250mg/5ml, Clavulanic Acid (potassium) - 62.5mg/5ml",312mg/5ml,Powder for suspension,288926,https://www.moph.gov.lb/en/Drugs/view/2680
2700,J01CR02,AMOCLAN FORTE,G,"Amoxicillin (trihydrate) - 500mg, Clavulanic Acid (potassium) - 125mg",625mg,Tablet,170668,https://www.moph.gov.lb/en/Drugs/view/2700
2706,J01CR02,AMOKLAVIN BID,G,"Amoxicillin (trihydrate) - 875mg, Clavulanic Acid (potassium) - 125mg",1000mg,"Tablet, film coated",448843,https://www.moph.gov.lb/en/Drugs/view/2706
2685,J01CR02,AMOKLAVIN BID 400/57MG FORTE,G,"Amoxicillin (trihydrate) - 400mg/5ml, Clavulanic Acid (potassium) - 57mg/5ml",,Powder for suspension,278175,https://www.moph.gov.lb/en/Drugs/view/2685
2693,J01CR02,AMOKLAVIN ES,G,"Amoxicillin (trihydrate) - 600mg/5ml, Clavulanic Acid (potassium) - 42.9mg/5ml",,Powder for suspension,507972,https://www.moph.gov.lb/en/Drugs/view/2693
1550,C08CA01,AMOPRO,G,Amlodipine (besylate) - 5mg,5mg,Capsule,362837,https://www.moph.gov.lb/en/Drugs/view/1550
2043,D01AE16,AMOROLFINE BGR,G,Amorolfine - 5%,5%,Nail lacquer,753896,https://www.moph.gov.lb/en/Drugs/view/2043
2476,G04BE08,AMOS,G,Tadalafil - 20mg,20mg,"Film, orodispersible",2175745,https://www.moph.gov.lb/en/Drugs/view/2476
2477,G04BE08,AMOS,G,Tadalafil - 10mg,10mg,"Film, orodispersible",1662781,https://www.moph.gov.lb/en/Drugs/view/2477
2478,G04BE08,AMOS,G,Tadalafil - 5mg,5mg,"Film, orodispersible",2743998,https://www.moph.gov.lb/en/Drugs/view/2478
2654,J01CA04,AMOXICILLIN,G,Amoxicillin (trihydrate) - 500mg,500mg,Capsule,6199145,https://www.moph.gov.lb/en/Drugs/view/2654
2673,J01CR02,AMOXICILLINA/ ACIDO CLAVULANICO,G,"Amoxicillin (sodium) - 1g, Clavulanic Acid (potassium) - 200mg",1.2g,Injectable powder for solution,16577136,https://www.moph.gov.lb/en/Drugs/view/2673
2655,J01CA04,AMOXICILLINE ARROW LAB,G,Amoxicillin (trihydrate) - 500mg,500mg,Capsule,564414,https://www.moph.gov.lb/en/Drugs/view/2655
2666,J01CA04,AMOXICILLINE ARROW LAB,G,Amoxicillin (trihydrate) - 1g,1g,"Tablet, dispersible",940690,https://www.moph.gov.lb/en/Drugs/view/2666
2668,J01CA04,AMOXICILLINE INJ.,G,Amoxicillin (sodium) - 1g,1g,Injectable powder for solution,1173175,https://www.moph.gov.lb/en/Drugs/view/2668
2669,J01CA04,AMOXICILLINE PANPHARMA,G,Amoxicillin (sodium) - 1g,1g,Injectable powder for solution,2734719,https://www.moph.gov.lb/en/Drugs/view/2669
2674,J01CR02,AMOXICLAV-ORBUCELL,G,"Amoxicillin - 1g, Clavulanic Acid (potassium) - 0.2g",,Injectable powder for solution,7433691,https://www.moph.gov.lb/en/Drugs/view/2674
2656,J01CA04,AMOXIDREX,G,Amoxicillin (trihydrate) - 500mg,500mg,Capsule,254690,https://www.moph.gov.lb/en/Drugs/view/2656
2657,J01CA04,AMOXIDREX,G,Amoxicillin (trihydrate) - 500mg,500mg,Capsule,7332097,https://www.moph.gov.lb/en/Drugs/view/2657
2661,J01CA04,AMOXIDREX,G,Amoxicillin (trihydrate) - 250mg/5ml,250mg/5ml,Powder for suspension,284127,https://www.moph.gov.lb/en/Drugs/view/2661
2658,J01CA04,AMOXYCILLIN,G,Amoxicillin (trihydrate) - 500mg,500mg,Capsule,4073187,https://www.moph.gov.lb/en/Drugs/view/2658
2662,J01CA04,AMOXYCILLIN,G,Amoxicillin (trihydrate) - 250mg/5ml,250mg/5ml,Powder for suspension,166381,https://www.moph.gov.lb/en/Drugs/view/2662
2663,J01CA04,AMOXYDIL,G,Amoxicillin (trihydrate) - 250mg/5ml,250mg/5ml,Powder for suspension,142063,https://www.moph.gov.lb/en/Drugs/view/2663
2665,J01CA04,AMOXYDIL,G,Amoxicillin (trihydrate) - 500mg/5ml,500mg/5ml,Powder for suspension,218854,https://www.moph.gov.lb/en/Drugs/view/2665
2652,J01CA01,AMPICILLINE PANPHARMA,G,Ampicillin (sodium) - 500mg,500mg,Injectable powder for solution,1944540,https://www.moph.gov.lb/en/Drugs/view/2652
2653,J01CA01,AMPICILLINE PANPHARMA,G,Ampicillin (sodium) - 1g,1g,Injectable powder for solution,2857009,https://www.moph.gov.lb/en/Drugs/view/2653
2672,J01CR01,AMPIS,G,"Ampicillin - 1g, Sulbactam - 0.5g",,Injectable powder for solution,18545534,https://www.moph.gov.lb/en/Drugs/view/2672
5432,R06AA52,AMYDRAMINE,G,"Diphenhydramine HCl - 13.5mg/5ml, Sodium citrate - 57mg/5ml, Ammonium chloride - 131.5mg/5ml, Menthol - 1mg/5ml",,"Syrup, sugar free",133040,https://www.moph.gov.lb/en/Drugs/view/5432
3765,L01XX35,ANAGRELIDE BIOGARAN,G,Anagrelide - 0.5mg,0.5mg,Capsule,15754068,https://www.moph.gov.lb/en/Drugs/view/3765
3805,L02BG03,ANASTROZOL GP PHARM,G,Anastrozole - 1mg,1mg,"Tablet, film coated",1181238,https://www.moph.gov.lb/en/Drugs/view/3805
3806,L02BG03,ANASTROZOLE ARROW LAB,G,Anastrozole - 1mg,1mg,Tablet,1552138,https://www.moph.gov.lb/en/Drugs/view/3806
3807,L02BG03,ANASTROZOLE BIOGARAN,G,Anastrozole - 1mg,1mg,"Tablet, coated",3800387,https://www.moph.gov.lb/en/Drugs/view/3807
1629,C09BB04,ANCAVAZ,G,"Amlodipine - 5mg, Perindopril - 5mg",,"Tablet, film coated",491846,https://www.moph.gov.lb/en/Drugs/view/1629
1632,C09BB04,ANCAVAZ,G,"Amlodipine - 5mg, Perindopril - 10mg",,"Tablet, film coated",669234,https://www.moph.gov.lb/en/Drugs/view/1632
1671,C09CA04,ANDARAN,G,Irbesartan - 150mg,150mg,"Tablet, film coated",940435,https://www.moph.gov.lb/en/Drugs/view/1671
1679,C09CA04,ANDARAN,G,Irbesartan - 300mg,300mg,"Tablet, film coated",940435,https://www.moph.gov.lb/en/Drugs/view/1679
1741,C09DA04,ANDARAN PLUS,G,"Irbesartan - 150mg, Hydrochlorothiazide - 12.5mg",,"Tablet, film coated",598051,https://www.moph.gov.lb/en/Drugs/view/1741
1748,C09DA04,ANDARAN PLUS,G,"Irbesartan - 300mg, Hydrochlorothiazide - 12.5mg",,"Tablet, film coated",598051,https://www.moph.gov.lb/en/Drugs/view/1748
1753,C09DA04,ANDARAN PLUS,G,"Irbesartan - 300mg, Hydrochlorothiazide - 25mg",,"Tablet, film coated",940435,https://www.moph.gov.lb/en/Drugs/view/1753
5167,P02CA03,ANDAZOL,G,Albendazole - 200mg,200mg,"Tablet, film coated",302365,https://www.moph.gov.lb/en/Drugs/view/5167
1693,C09CA06,ANDESART 16,G,Candesartan cilexetil - 16mg,16mg,Tablet,665202,https://www.moph.gov.lb/en/Drugs/view/1693
1688,C09CA06,ANDESART 8,G,Candesartan cilexetil - 8mg,8mg,Tablet,498566,https://www.moph.gov.lb/en/Drugs/view/1688
5631,S01HA02,ANESTOCIL,B,Oxybuprocaine HCl (Benoxinate HCl) - 0.4%,0.4%,Drops solution,442124,https://www.moph.gov.lb/en/Drugs/view/5631
1654,C09CA03,ANGINET,G,Valsartan - 80mg,80mg,"Tablet, film coated",387027,https://www.moph.gov.lb/en/Drugs/view/1654
1661,C09CA03,ANGINET,G,Valsartan - 160mg,160mg,"Tablet, film coated",544256,https://www.moph.gov.lb/en/Drugs/view/1661
5227,R02A,ANGINOVAG,G,"Lidocaine HCl - 100mg/100ml, Hydrocortisone acetate - 60mg/100ml, Tyrothricin - 400mg/100ml, Dequalinium chloride - 100mg/100ml, ?-Glycerrhetinic acid - 60mg/100ml",,Spray,643701,https://www.moph.gov.lb/en/Drugs/view/5227
747,B01AB11,ANGIOFLUX,G,Sulodexide - 250LRU,250LRU,"Capsule, soft",1999638,https://www.moph.gov.lb/en/Drugs/view/747
1788,C09DB01,ANGIOSAR,G,"Amlodipine besylate - 10mg, Valsartan - 160mg",,"Tablet, film coated",857372,https://www.moph.gov.lb/en/Drugs/view/1788
1828,C09DX01,ANGIOSAR PLUS,G,"Valsartan - 320mg, Amlodipine - 10mg, Hydrochlorothiazide - 25mg",,"Tablet, film coated",1689210,https://www.moph.gov.lb/en/Drugs/view/1828
4158,M01AE02,ANODYNE 500,G,Naproxen - 500mg,500mg,Suppository,342680,https://www.moph.gov.lb/en/Drugs/view/4158
5278,R03AL03,ANORO ELLIPTA,B,"Vilanterol - 25mcg, Umeclidinium bromide - 62.5mcg",,Inhalation powder,5367774,https://www.moph.gov.lb/en/Drugs/view/5278
5318,R03DA11,ANSIMAR,G,Doxofylline - 20mg/ml,20mg/ml,Syrup,550975,https://www.moph.gov.lb/en/Drugs/view/5318
5319,R03DA11,ANSIMAR,G,Doxofylline - 400mg,400mg,Tablet,544256,https://www.moph.gov.lb/en/Drugs/view/5319
2648,J01CA01,ANTALPEN,G,Ampicillin (trihydrate) - 125mg/5ml,125mg/5ml,Powder for suspension,174060,https://www.moph.gov.lb/en/Drugs/view/2648
2650,J01CA01,ANTALPEN,G,Ampicillin (trihydrate) - 250mg,250mg,Capsule,218854,https://www.moph.gov.lb/en/Drugs/view/2650
2651,J01CA01,ANTALPEN,G,Ampicillin (trihydrate) - 500mg,500mg,Capsule,285407,https://www.moph.gov.lb/en/Drugs/view/2651
2649,J01CA01,ANTALPEN FORTE,G,Ampicillin (trihydrate) - 250mg/5ml,250mg/5ml,Powder for suspension,206056,https://www.moph.gov.lb/en/Drugs/view/2649
4420,N02AJ08,ANTARENE CODEINE,G,"Ibuprofen - 200mg, Codeine - 30mg",,"Tablet, coated",255330,https://www.moph.gov.lb/en/Drugs/view/4420
169,A03BB01,ANTIPAN,G,Hyoscine N butylbromide - 20mg/ml,,Injectable solution,355798,https://www.moph.gov.lb/en/Drugs/view/169
170,A03BB01,ANTIPAN,G,Hyoscine N butylbromide - 20mg/ml,,Injectable solution,2557140,https://www.moph.gov.lb/en/Drugs/view/170
755,B01AC04,ANTIPLEX,G,Clopidogrel (Bisulfate) - 75mg,75mg,"Tablet, film coated",1295464,https://www.moph.gov.lb/en/Drugs/view/755
1422,C05A,ANTROLIN,B,"Nifedipine - 0.3%, Lidocaine - 1.5%",,Cream,1333092,https://www.moph.gov.lb/en/Drugs/view/1422
1423,C05A,ANTROLIN,B,"Nifedipine - 0.3%, Lidocaine - 1.5%",,Cream,1333092,https://www.moph.gov.lb/en/Drugs/view/1423
4889,N05BA08,ANXYL,G,Bromazepam - 3mg,3mg,"Tablet, scored",167660,https://www.moph.gov.lb/en/Drugs/view/4889
5656,S03AA07,API-CIPROCIN,G,Ciprofloxacine (HCl) - 3mg/ml,3mg/ml,Drops,530818,https://www.moph.gov.lb/en/Drugs/view/5656
5604,S01EE01,API-LOPROST,G,Latanoprost - 0.005%,0.005%,Drops,447500,https://www.moph.gov.lb/en/Drugs/view/5604
5382,R05CB06,API-MUCOL,G,Ambroxol HCl - 15mg/5ml,15mg/5ml,Syrup,326554,https://www.moph.gov.lb/en/Drugs/view/5382
5564,S01CA01,API-TOBRASON,G,"Dexamethasone - 1mg/ml, Tobramycin - 3mg/ml",,Drops suspension,294302,https://www.moph.gov.lb/en/Drugs/view/5564
5569,S01CA01,API-TOBRASON,G,"Dexamethasone - 1mg/g, Tobramycin - 3mg/g",,Ointment,243235,https://www.moph.gov.lb/en/Drugs/view/5569
373,A10AB06,APIDRA,BioTech,Insulin glulisine - 100IU/ml,100IU/ml,Injectable solution,2221372,https://www.moph.gov.lb/en/Drugs/view/373
372,A10AB06,APIDRA SOLOSTAR,BioTech,Insulin glulisine - 100IU/ml,100IU/ml,Injectable solution,3942834,https://www.moph.gov.lb/en/Drugs/view/372
832,B01AF02,APIXEL,G,Apixaban - 5mg,5mg,"Tablet, film coated",1750579,https://www.moph.gov.lb/en/Drugs/view/832
837,B01AF02,APIXEL,G,Apixaban - 2.5mg,2.5mg,"Tablet, film coated",1750579,https://www.moph.gov.lb/en/Drugs/view/837
4590,N02CX01,APIZINE,G,Pizotifen - 0.25mg/5ml,0.25mg/5ml,Syrup,505541,https://www.moph.gov.lb/en/Drugs/view/4590
3832,L02BX03,APO-ABIRATERONE,G,Abiraterone acetate - 500mg,500mg,"Tablet, film coated",46110590,https://www.moph.gov.lb/en/Drugs/view/3832
4305,M05BA04,APO-ALENDRONATE,G,Alendronate (monosodium trihydrate) - 70mg,70mg,Tablet,981005,https://www.moph.gov.lb/en/Drugs/view/4305
2497,G04CA01,APO-ALFUZOSIN,G,Alfuzosin HCl - 10mg,10mg,Tablet,2331567,https://www.moph.gov.lb/en/Drugs/view/2497
4283,M04AA01,APO-ALLOPURINOL,G,Allopurinol - 100mg,100mg,Tablet,369557,https://www.moph.gov.lb/en/Drugs/view/4283
4287,M04AA01,APO-ALLOPURINOL,G,Allopurinol - 300mg,300mg,Tablet,720300,https://www.moph.gov.lb/en/Drugs/view/4287
3808,L02BG03,APO-ANASTROZOLE,G,Anastrozole - 1mg,1mg,Tablet,2615118,https://www.moph.gov.lb/en/Drugs/view/3808
833,B01AF02,APO-APIXABAN,G,Apixaban - 5mg,5mg,Tablet,3084119,https://www.moph.gov.lb/en/Drugs/view/833
838,B01AF02,APO-APIXABAN,G,Apixaban - 2.5mg,2.5mg,Tablet,3084119,https://www.moph.gov.lb/en/Drugs/view/838
1470,C07AB03,APO-ATENOL,G,Atenolol - 50mg,50mg,Tablet,327898,https://www.moph.gov.lb/en/Drugs/view/1470
5034,N06BA09,APO-ATOMOXETINE,G,Atomoxetine (HCl) - 60mg,60mg,Capsule,4731669,https://www.moph.gov.lb/en/Drugs/view/5034
5036,N06BA09,APO-ATOMOXETINE,G,Atomoxetine (HCl) - 40mg,40mg,Capsule,4114846,https://www.moph.gov.lb/en/Drugs/view/5036
5038,N06BA09,APO-ATOMOXETINE,G,Atomoxetine (HCl) - 25mg,25mg,Capsule,3703630,https://www.moph.gov.lb/en/Drugs/view/5038
5041,N06BA09,APO-ATOMOXETINE,G,Atomoxetine (HCl) - 10mg,10mg,Capsule,2981987,https://www.moph.gov.lb/en/Drugs/view/5041
1866,C10AA05,APO-ATORVASTATIN,G,Atorvastatin (calcium) - 10mg,10mg,Tablet,889624,https://www.moph.gov.lb/en/Drugs/view/1866
1886,C10AA05,APO-ATORVASTATIN,G,Atorvastatin (calcium) - 20mg,20mg,Tablet,1088378,https://www.moph.gov.lb/en/Drugs/view/1886
1908,C10AA05,APO-ATORVASTATIN,G,Atorvastatin (calcium) - 40mg,40mg,Tablet,1405390,https://www.moph.gov.lb/en/Drugs/view/1908
2948,J01FA10,APO-AZITHROMYCIN Z,G,Azithromycin - 250mg,250mg,Tablet,481096,https://www.moph.gov.lb/en/Drugs/view/2948
1481,C07AB07,APO-BISOPROLOL,G,Bisoprolol fumarate - 5mg,5mg,Tablet,923220,https://www.moph.gov.lb/en/Drugs/view/1481
1587,C09AA01,APO-CAPTO,G,Captopril - 25mg,25mg,"Tablet, scored",1132859,https://www.moph.gov.lb/en/Drugs/view/1587
1592,C09AA01,APO-CAPTO,G,Captopril - 50mg,50mg,"Tablet, scored",1752371,https://www.moph.gov.lb/en/Drugs/view/1592
4598,N03AF01,APO-CARBAMAZEPINE,G,Carbamazepine - 200mg,200mg,Tablet,727019,https://www.moph.gov.lb/en/Drugs/view/4598
756,B01AC04,APO-CLOPIDOGREL,G,"Clopidogrel (Bisulfate),  - 75mg",75mg,Tablet,911125,https://www.moph.gov.lb/en/Drugs/view/756
5955,L01EA02,APO-DASATINIB,G,Dasatinib - 70mg,70mg,Tablet,,https://www.moph.gov.lb/en/Drugs/view/5955
3506,L01EA02,APO-DASATINIB,G,Dasatinib - 70mg,70mg,Tablet,71323688,https://www.moph.gov.lb/en/Drugs/view/3506
3511,L01EA02,APO-DASATINIB,G,Dasatinib - 50mg,50mg,Tablet,71323688,https://www.moph.gov.lb/en/Drugs/view/3511
3515,L01EA02,APO-DASATINIB,G,Dasatinib - 20mg,20mg,Tablet,57771855,https://www.moph.gov.lb/en/Drugs/view/3515
1582,C08DB01,APO-DILTIAZ,G,Diltiazem HCl - 60mg,60mg,Tablet,545600,https://www.moph.gov.lb/en/Drugs/view/1582
884,B02BX05,APO-ELTROMBOPAG,G,Eltrombopag Olamine - 25mg,25mg,Tablet,41496211,https://www.moph.gov.lb/en/Drugs/view/884
886,B02BX05,APO-ELTROMBOPAG,G,Eltrombopag Olamine - 50mg,50mg,Tablet,75952887,https://www.moph.gov.lb/en/Drugs/view/886
3191,J05AF10,APO-ENTECAVIR,G,Entecavir - 0.5mg,0.5mg,Tablet,28943287,https://www.moph.gov.lb/en/Drugs/view/3191
3534,L01EB02,APO-ERLOTINIB,G,Erlotinib (HCl) - 100mg,100mg,Tablet,79672726,https://www.moph.gov.lb/en/Drugs/view/3534
3537,L01EB02,APO-ERLOTINIB,G,Erlotinib (HCl) - 150mg,150mg,Tablet,91523229,https://www.moph.gov.lb/en/Drugs/view/3537
4963,N06AB10,APO-ESCITALOPRAM,G,Escitalopram (oxalate) - 10mg,10mg,Tablet,565758,https://www.moph.gov.lb/en/Drugs/view/4963
4978,N06AB10,APO-ESCITALOPRAM,G,Escitalopram (oxalate) - 20mg,20mg,Tablet,1087169,https://www.moph.gov.lb/en/Drugs/view/4978
1384,C03CA01,APO-FUROSEMIDE,G,Furosemide - 40mg,40mg,"Tablet, scored",862747,https://www.moph.gov.lb/en/Drugs/view/1384
4642,N03AX12,APO-GABAPENTIN,G,Gabapentin - 300mg,300mg,Capsule,2260343,https://www.moph.gov.lb/en/Drugs/view/4642
3532,L01EB01,APO-GEFITINIB,G,Gefitinib - 250mg,250mg,Tablet,87345820,https://www.moph.gov.lb/en/Drugs/view/3532
3495,L01EA01,APO-IMATINIB,G,Imatinib - 100mg,100mg,Tablet,18838684,https://www.moph.gov.lb/en/Drugs/view/3495
4004,L04AX04,APO-LENALIDOMIDE,G,Lenalidomide - 5mg,5mg,Capsule,49795454,https://www.moph.gov.lb/en/Drugs/view/4004
4013,L04AX04,APO-LENALIDOMIDE,G,Lenalidomide - 10mg,10mg,Capsule,53945075,https://www.moph.gov.lb/en/Drugs/view/4013
4023,L04AX04,APO-LENALIDOMIDE,G,Lenalidomide - 15mg,15mg,Capsule,56434848,https://www.moph.gov.lb/en/Drugs/view/4023
4032,L04AX04,APO-LENALIDOMIDE,G,Lenalidomide - 25mg,25mg,Capsule,58924620,https://www.moph.gov.lb/en/Drugs/view/4032
3812,L02BG04,APO-LETROZOLE,G,Letrozole - 2.5mg,2.5mg,Tablet,1962010,https://www.moph.gov.lb/en/Drugs/view/3812
4772,N05AH03,APO-OLANZAPINE ODT,G,Olanzapine - 5mg,5mg,"Tablet, orally disintegrating",1463444,https://www.moph.gov.lb/en/Drugs/view/4772
4782,N05AH03,APO-OLANZAPINE ODT,G,Olanzapine - 10mg,10mg,"Tablet, orally disintegrating",2422948,https://www.moph.gov.lb/en/Drugs/view/4782
212,A04AA01,APO-ONDANSETRON,G,Ondansetron - 8mg,8mg,Tablet,1491665,https://www.moph.gov.lb/en/Drugs/view/212
4939,N06AB05,APO-PAROXETINE,G,Paroxetine (HCl) - 20mg,20mg,Tablet,983693,https://www.moph.gov.lb/en/Drugs/view/4939
1859,C10AA03,APO-PRAVASTATIN,G,Pravastatin Sodium - 40mg,40mg,Tablet,958160,https://www.moph.gov.lb/en/Drugs/view/1859
1862,C10AA03,APO-PRAVASTATIN,G,Pravastatin Sodium - 20mg,20mg,Tablet,775397,https://www.moph.gov.lb/en/Drugs/view/1862
1457,C07AA05,APO-PROPRANOLOL,G,Propranolol HCl - 10mg,10mg,"Tablet, scored",411216,https://www.moph.gov.lb/en/Drugs/view/1457
1460,C07AA05,APO-PROPRANOLOL,G,Propranolol HCl - 40mg,40mg,"Tablet, scored",514692,https://www.moph.gov.lb/en/Drugs/view/1460
1605,C09AA05,APO-RAMIPRIL,G,Ramipril - 2.5mg,2.5mg,Capsule,463626,https://www.moph.gov.lb/en/Drugs/view/1605
1610,C09AA05,APO-RAMIPRIL,G,Ramipril - 5mg,5mg,Capsule,794211,https://www.moph.gov.lb/en/Drugs/view/1610
1616,C09AA05,APO-RAMIPRIL,G,Ramipril - 10mg,10mg,Capsule,1178550,https://www.moph.gov.lb/en/Drugs/view/1616
4320,M05BA07,APO-RISEDRONATE,G,Risedronate sodium - 150mg,150mg,Tablet,925907,https://www.moph.gov.lb/en/Drugs/view/4320
1930,C10AA07,APO-ROSUVASTATIN,G,Rosuvastatin (calcium) - 10mg,10mg,Tablet,599354,https://www.moph.gov.lb/en/Drugs/view/1930
1946,C10AA07,APO-ROSUVASTATIN,G,Rosuvastatin (calcium) - 20mg,20mg,Tablet,599354,https://www.moph.gov.lb/en/Drugs/view/1946
1962,C10AA07,APO-ROSUVASTATIN,G,Rosuvastatin (calcium) - 40mg,40mg,Tablet,599354,https://www.moph.gov.lb/en/Drugs/view/1962
2446,G04BE08,APO-TADALAFIL,G,Tadalafil - 20mg,20mg,Tablet,1111358,https://www.moph.gov.lb/en/Drugs/view/2446
2462,G04BE08,APO-TADALAFIL,G,Tadalafil - 5mg,5mg,Tablet,1635456,https://www.moph.gov.lb/en/Drugs/view/2462
2473,G04BE08,APO-TADALAFIL,G,Tadalafil - 10mg,10mg,Tablet,888280,https://www.moph.gov.lb/en/Drugs/view/2473
2501,G04CA02,APO-TAMSULOSIN CR,G,Tamsulosin HCl - 0.4mg,0.4mg,Tablet,607417,https://www.moph.gov.lb/en/Drugs/view/2501
2047,D01BA02,APO-TERBINAFINE,G,Terbinafine HCl - 250mg,250mg,Tablet,1409691,https://www.moph.gov.lb/en/Drugs/view/2047
5485,R06AX13,APOTHECARE LORATADINE,G,Loratadine - 10mg,10mg,Tablet,430030,https://www.moph.gov.lb/en/Drugs/view/5485
262,A04AD12,APREPITANT BIOGARAN,G,Aprepitant - 80mg,80mg,Capsule,1986199,https://www.moph.gov.lb/en/Drugs/view/262
263,A04AD12,APREPITANT BIOGARAN 125MG APREPITANT BIOGARAN 80MG,G,"Aprepitant - 125mg, Aprepitant - 80mg",125mg,Capsule,2980643,https://www.moph.gov.lb/en/Drugs/view/263
3901,L04AA32,APRIVA,G,Apremilast - 30mg,30mg,"Tablet, film coated",41455526,https://www.moph.gov.lb/en/Drugs/view/3901
3899,L04AA32,APRIVA STARTER PACK,G,"Apremilast - 10mg, Apremilast - 20mg, Apremilast - 30mg",,"Tablet, film coated",22154866,https://www.moph.gov.lb/en/Drugs/view/3899
1669,C09CA04,APROVEL,B,Irbesartan - 150mg,150mg,"Tablet, film coated",651764,https://www.moph.gov.lb/en/Drugs/view/1669
1670,C09CA04,APROVEL,B,Irbesartan - 150mg,150mg,"Tablet, film coated",651764,https://www.moph.gov.lb/en/Drugs/view/1670
1677,C09CA04,APROVEL,B,Irbesartan - 300mg,300mg,"Tablet, film coated",651764,https://www.moph.gov.lb/en/Drugs/view/1677
1678,C09CA04,APROVEL,B,Irbesartan - 300mg,300mg,"Tablet, film coated",651764,https://www.moph.gov.lb/en/Drugs/view/1678
4104,M01AB16,ARACENAC,G,Aceclofenac - 100mg,100mg,"Tablet, film coated",330585,https://www.moph.gov.lb/en/Drugs/view/4104
3227,J06BA02,ARAGAM,BioHuman,Human normal immunoglobulin - 5g/100ml,5g/100ml,Injectable solution,40075575,https://www.moph.gov.lb/en/Drugs/view/3227
20,A02BC01,ARAPRIDE,G,Omeprazole - 20mg,20mg,"Capsule, hard, gastro-resistant",427342,https://www.moph.gov.lb/en/Drugs/view/20
2939,J01FA10,ARATRO,G,Azithromycin - 200mg/5ml,200mg/5ml,Powder for suspension,765990,https://www.moph.gov.lb/en/Drugs/view/2939
2940,J01FA10,ARATRO,G,Azithromycin - 200mg/5ml,200mg/5ml,Powder for suspension,403153,https://www.moph.gov.lb/en/Drugs/view/2940
2959,J01FA10,ARATRO,G,Azithromycin - 500mg,500mg,"Tablet, film coated",485127,https://www.moph.gov.lb/en/Drugs/view/2959
3869,L04AA13,ARAVA,B,Leflunomide - 10mg,10mg,"Tablet, film coated",2230779,https://www.moph.gov.lb/en/Drugs/view/3869
3871,L04AA13,ARAVA,B,Leflunomide - 20mg,20mg,"Tablet, film coated",3346168,https://www.moph.gov.lb/en/Drugs/view/3871
1662,C09CA03,ARBITEN 160,G,Valsartan - 160mg,160mg,Tablet,544256,https://www.moph.gov.lb/en/Drugs/view/1662
1655,C09CA03,ARBITEN 80,G,Valsartan - 80mg,80mg,Tablet,387027,https://www.moph.gov.lb/en/Drugs/view/1655
1789,C09DB01,ARBITEN AM 10/160,G,"Amlodipine - 10mg, Valsartan - 160mg",,"Caplet, film coated",857372,https://www.moph.gov.lb/en/Drugs/view/1789
1782,C09DB01,ARBITEN AM 5/160,G,"Amlodipine - 5mg, Valsartan - 160mg",,"Caplet, film coated",857372,https://www.moph.gov.lb/en/Drugs/view/1782
1825,C09DX01,ARBITEN AM PLUS,G,"Valsartan - 160mg, Amlodipine - 5mg, Hydrochlorothiazide - 12.5mg",,Tablet,857372,https://www.moph.gov.lb/en/Drugs/view/1825
1731,C09DA03,ARBITEN PLUS,G,"Valsartan - 160mg, Hydrochlorothiazide - 12.5mg",,Tablet,544256,https://www.moph.gov.lb/en/Drugs/view/1731
1737,C09DA03,ARBITEN PLUS,G,"Valsartan - 160mg, Hydrochlorothiazide - 25mg",,Tablet,579196,https://www.moph.gov.lb/en/Drugs/view/1737
1702,C09CA07,ARBIVASTEL,G,Telmisartan - 80mg,80mg,Tablet,667890,https://www.moph.gov.lb/en/Drugs/view/1702
2884,J01DH02,ARCHIFAR,G,Meropenem - 500mg,500mg,Injectable powder for solution,6443725,https://www.moph.gov.lb/en/Drugs/view/2884
2890,J01DH02,ARCHIFAR,G,Meropenem - 1g,1g,Injectable powder for solution,6443725,https://www.moph.gov.lb/en/Drugs/view/2890
4195,M01AH05,ARCOXIA,B,Etoricoxib - 60mg,60mg,"Tablet, film coated",993100,https://www.moph.gov.lb/en/Drugs/view/4195
4202,M01AH05,ARCOXIA,B,Etoricoxib - 90mg,90mg,"Tablet, film coated",1608579,https://www.moph.gov.lb/en/Drugs/view/4202
4212,M01AH05,ARCOXIA,B,Etoricoxib - 120mg,120mg,"Tablet, film coated",482439,https://www.moph.gov.lb/en/Drugs/view/4212
4165,M01AE03,ARDBEG 80MG ADULTS,G,Ketoprofen Lysine salt - 80mg,80mg,Powder for solution,634294,https://www.moph.gov.lb/en/Drugs/view/4165
2707,J01CR02,ARDINECLAV-ORBUCELL,G,"Amoxicillin (trihydrate) - 875mg, Clavulanic Acid (potassium) - 125mg",1g,Tablet,502981,https://www.moph.gov.lb/en/Drugs/view/2707
5050,N06DA02,ARICEPT,B,Donepezil HCl - 5mg,5mg,"Tablet, film coated",3254787,https://www.moph.gov.lb/en/Drugs/view/5050
5057,N06DA02,ARICEPT,B,Donepezil HCl - 10mg,10mg,"Tablet, film coated",3776197,https://www.moph.gov.lb/en/Drugs/view/5057
3804,L02BG03,ARIMIDEX,B,Anastrozole - 1mg,1mg,"Tablet, film coated",3202377,https://www.moph.gov.lb/en/Drugs/view/3804
5059,N06DA02,ARIPEZIL 10,G,Donepezil HCl - 10mg,10mg,"Tablet, film coated",2292595,https://www.moph.gov.lb/en/Drugs/view/5059
5052,N06DA02,ARIPEZIL 5,G,Donepezil HCl - 5mg,5mg,"Tablet, film coated",1970969,https://www.moph.gov.lb/en/Drugs/view/5052
4847,N05AX12,ARIPIPAN,G,Aripiprazole - 10mg,10mg,Tablet,839902,https://www.moph.gov.lb/en/Drugs/view/4847
4855,N05AX12,ARIPIPAN,G,Aripiprazole - 15mg,15mg,Tablet,839902,https://www.moph.gov.lb/en/Drugs/view/4855
841,B01AX05,ARIXTRA,B,Fondaparinux sodium - 2.5mg/0.5ml,2.5mg/0.5ml,Injectable solution,5341774,https://www.moph.gov.lb/en/Drugs/view/841
842,B01AX05,ARIXTRA,B,Fondaparinux sodium - 2.5mg/0.5ml,2.5mg/0.5ml,Injectable solution,2369194,https://www.moph.gov.lb/en/Drugs/view/842
843,B01AX05,ARIXTRA,B,Fondaparinux sodium - 7.5mg/0.6ml,7.5mg/0.6ml,Injectable solution,12004668,https://www.moph.gov.lb/en/Drugs/view/843
844,B01AX05,ARIXTRA,B,Fondaparinux sodium - 7.5mg/0.6ml,7.5mg/0.6ml,Injectable solution,5171061,https://www.moph.gov.lb/en/Drugs/view/844
1694,C09CA06,ARKANDA 16,G,Candesartan cilexetil - 16mg,16mg,Tablet,639925,https://www.moph.gov.lb/en/Drugs/view/1694
1689,C09CA06,ARKANDA 8,G,Candesartan cilexetil - 8mg,8mg,Tablet,478664,https://www.moph.gov.lb/en/Drugs/view/1689
1759,C09DA06,ARKANDA PLUS 16/12.5,G,"Candesartan cilexetil - 16mg, Hydrochlorothiazide - 12.5mg",32mg,Tablet,642485,https://www.moph.gov.lb/en/Drugs/view/1759
2885,J01DH02,AROPEM,G,Meropenem (trihydrate) - 0.5g,0.5g,Injectable powder for solution,995723,https://www.moph.gov.lb/en/Drugs/view/2885
2886,J01DH02,AROPEM,G,Meropenem - 0.5g,0.5g,Injectable powder for solution,995723,https://www.moph.gov.lb/en/Drugs/view/2886
2887,J01DH02,AROPEM,G,Meropenem - 0.5g,0.5g,Injectable powder for solution,995723,https://www.moph.gov.lb/en/Drugs/view/2887
2888,J01DH02,AROPEM,G,Meropenem - 0.5g,0.5g,Injectable powder for solution,19022727,https://www.moph.gov.lb/en/Drugs/view/2888
2891,J01DH02,AROPEM,G,Meropenem (trihydrate) - 1g,1g,Injectable powder for solution,995723,https://www.moph.gov.lb/en/Drugs/view/2891
2892,J01DH02,AROPEM,G,Meropenem - 1g,1g,Injectable powder for solution,995723,https://www.moph.gov.lb/en/Drugs/view/2892
2893,J01DH02,AROPEM,G,Meropenem - 1g,1g,Injectable powder for solution,995723,https://www.moph.gov.lb/en/Drugs/view/2893
2894,J01DH02,AROPEM,G,Meropenem - 1g,1g,Injectable powder for solution,19022727,https://www.moph.gov.lb/en/Drugs/view/2894
3870,L04AA13,AROTAN,G,Leflunomide - 10mg,10mg,"Tablet, film coated",1527949,https://www.moph.gov.lb/en/Drugs/view/3870
3872,L04AA13,AROTAN,G,Leflunomide - 20mg,20mg,"Tablet, film coated",2014420,https://www.moph.gov.lb/en/Drugs/view/3872
5546,S01AE07,AROX,G,Moxifloxacin (HCl) - 0.5%,0.5%,Drops,423310,https://www.moph.gov.lb/en/Drugs/view/5546
4222,M01AX21,ART,G,Diacerein - 50mg,50mg,Capsule,1146298,https://www.moph.gov.lb/en/Drugs/view/4222
4385,N01BB58,ARTICAINE MEDIS ADRENALINE,G,"Articaine HCl - 40mg/ml, Adrenaline - 0.07mg/ml",,Injectable solution,1881380,https://www.moph.gov.lb/en/Drugs/view/4385
4383,N01BB58,ARTINIBSA 4% WITH EPINEPHRINE 1/100000,B,"Articaine HCl - 4%, Epinephrine - 1/100.000",,Injectable solution,1968729,https://www.moph.gov.lb/en/Drugs/view/4383
4213,M01AH05,ARTRIX 120,G,Etoricoxib - 120mg,120mg,"Tablet, film coated",511940,https://www.moph.gov.lb/en/Drugs/view/4213
4196,M01AH05,ARTRIX 60,G,Etoricoxib - 60mg,60mg,"Tablet, film coated",904854,https://www.moph.gov.lb/en/Drugs/view/4196
4203,M01AH05,ARTRIX 90,G,Etoricoxib - 90mg,90mg,"Tablet, film coated",1228656,https://www.moph.gov.lb/en/Drugs/view/4203
5705,V07AB01,ARWAN WFI,G,Water for injection -,,"Water for injection, irrigation",399915,https://www.moph.gov.lb/en/Drugs/view/5705
5725,B02BD08,ARYOSEVEN RT,BioTech,Eptacog alfa - 1mg,1mg,Injectable powder for solution+diluent,,https://www.moph.gov.lb/en/Drugs/view/5725
876,B02BD08,ARYOSEVEN RT,BioTech,Eptacog alfa - 1mg,1mg,Injectable powder for solution+diluent,16902713,https://www.moph.gov.lb/en/Drugs/view/876
3646,L01FD01,ARYOTRUST,BioTech,Trastuzumab - 440mg,440mg,Injectable powder for concentrate for solution + solvent,34948930,https://www.moph.gov.lb/en/Drugs/view/3646
5953,L01FD01,ARYOTRUST,BioTech,Trastuzumab - 440mg,440mg,Injectable powder for concentrate for solution + solvent,,https://www.moph.gov.lb/en/Drugs/view/5953
3654,L01FD01,ARYOTRUST,BioTech,Trastuzumab - 150mg,150mg,Injectable powder for concentrate for solution,21176745,https://www.moph.gov.lb/en/Drugs/view/3654
314,A07EC02,ASACOL,B,Mesalazine - 400mg,400mg,"Tablet, enteric coated",5895437,https://www.moph.gov.lb/en/Drugs/view/314
317,A07EC02,ASACOL,B,Mesalazine - 800mg,800mg,Tablet,6396690,https://www.moph.gov.lb/en/Drugs/view/317
322,A07EC02,ASACOL,B,Mesalazine - 500mg,500mg,Suppository,1703992,https://www.moph.gov.lb/en/Drugs/view/322
329,A07EC02,ASACOL,B,Mesalazine - 1g/100ml,1g/100ml,Enema,2748158,https://www.moph.gov.lb/en/Drugs/view/329
333,A07EC02,ASACOL,B,Mesalazine - 1600mg,1600mg,"Tablet, modified release",8454523,https://www.moph.gov.lb/en/Drugs/view/333
334,A07EC02,ASACOL,B,Mesalazine - 1600mg,1600mg,"Tablet, modified release",12310378,https://www.moph.gov.lb/en/Drugs/view/334
1867,C10AA05,ASCOVA,G,Atorvastatin (calcium) - 10mg,10mg,"Tablet, scored",1126268,https://www.moph.gov.lb/en/Drugs/view/1867
1887,C10AA05,ASCOVA,G,Atorvastatin (calcium) - 20mg,20mg,Tablet,1356641,https://www.moph.gov.lb/en/Drugs/view/1887
1909,C10AA05,ASCOVA,G,Atorvastatin (calcium) - 40mg,40mg,Tablet,1612611,https://www.moph.gov.lb/en/Drugs/view/1909
3158,J05AB01,ASIMPLEX,G,Aciclovir - 250mg,250mg,Injectable lyophilised powder for solution,278175,https://www.moph.gov.lb/en/Drugs/view/3158
5236,R03AC02,ASMALAT,G,Salbutamol (sulfate) - 2mg/5ml,2mg/5ml,Syrup,177899,https://www.moph.gov.lb/en/Drugs/view/5236
2414,G04BD08,ASOLFENA,G,Solifenacin succinate - 5mg,5mg,"Tablet, film coated",971598,https://www.moph.gov.lb/en/Drugs/view/2414
2420,G04BD08,ASOLFENA,G,Solifenacin succinate - 10mg,10mg,"Tablet, film coated",971598,https://www.moph.gov.lb/en/Drugs/view/2420
5358,R05CA,ASPECTON COUGH SYRUP,G,Thyme soft extract - 6.69g/100ml,,Syrup,580540,https://www.moph.gov.lb/en/Drugs/view/5358
774,B01AC06,ASPI-COR,G,Acetylsalicylic acid - 81mg,81mg,"Tablet, enteric coated",690735,https://www.moph.gov.lb/en/Drugs/view/774
775,B01AC06,ASPICOT,G,Acetylsalicylic acid - 81mg,81mg,"Tablet, enteric coated",353239,https://www.moph.gov.lb/en/Drugs/view/775
778,B01AC06,ASPICOT,G,Acetylsalicylic acid - 100mg,100mg,"Tablet, enteric coated",403153,https://www.moph.gov.lb/en/Drugs/view/778
779,B01AC06,ASPICOT,G,Acetylsalicylic acid - 100mg,100mg,"Tablet, enteric coated",134384,https://www.moph.gov.lb/en/Drugs/view/779
780,B01AC06,ASPIPHAR,G,Acetylsalicylic acid - 100mg,100mg,"Tablet, enteric coated",134384,https://www.moph.gov.lb/en/Drugs/view/780
777,B01AC06,ASPIRIN PROTECT,B,Acetylsalicylic acid - 100mg,100mg,"Tablet, enteric coated",146479,https://www.moph.gov.lb/en/Drugs/view/777
4437,N02BA01,ASPIRINE,B,Acetylsalicylic acid - 300mg,0.3g,Tablet,80631,https://www.moph.gov.lb/en/Drugs/view/4437
4438,N02BA51,ASPIRINE C EFFERVESCENT,B,"Acetylsalicylic acid - 400mg, Vitamin C - 240mg",,"Tablet, effervescent",162605,https://www.moph.gov.lb/en/Drugs/view/4438
4439,N02BA51,ASPRIVIT,G,"Acetylsalicylic acid - 500mg, Caffeine - 50mg, Vitamin B1 - 2mg",,Tablet,186794,https://www.moph.gov.lb/en/Drugs/view/4439
776,B01AC06,ASPROTHIN,G,Acetylsalicylic acid - 81mg,81mg,"Tablet, enteric coated",148463,https://www.moph.gov.lb/en/Drugs/view/776
4421,N02AJ08,ASTEFOR,G,"Ibuprofen - 400mg, Codeine phosphate hemihydrate - 30mg",,"Tablet, film coated",935314,https://www.moph.gov.lb/en/Drugs/view/4421
5238,R03AC02,ASTHALIN,G,Salbutamol (sulfate) - 2.5mg/2.5ml,2.5mg/2.5ml,Inhalation solution,325210,https://www.moph.gov.lb/en/Drugs/view/5238
1686,C09CA06,ATACAND,B,Candesartan cilexetil - 8mg,8mg,Tablet,526786,https://www.moph.gov.lb/en/Drugs/view/1686
1691,C09CA06,ATACAND,B,Candesartan cilexetil - 16mg,16mg,Tablet,705517,https://www.moph.gov.lb/en/Drugs/view/1691
1757,C09DA06,ATACAND PLUS,B,"Candesartan cilexetil - 16mg, Hydrochlorothiazide - 12.5mg",,Tablet,705517,https://www.moph.gov.lb/en/Drugs/view/1757
1471,C07AB03,ATENOLOL BIOGARAN,G,Atenolol - 50mg,50mg,"Tablet, scored",295645,https://www.moph.gov.lb/en/Drugs/view/1471
1858,C10AA02,ATERKEY,G,Lovastatin - 20mg,20mg,Tablet,1053573,https://www.moph.gov.lb/en/Drugs/view/1858
1472,C07AB03,ATONIUM,G,Atenolol - 50mg,50mg,Tablet,239588,https://www.moph.gov.lb/en/Drugs/view/1472
1475,C07AB03,ATONIUM,G,Atenolol - 100mg,100mg,Tablet,461207,https://www.moph.gov.lb/en/Drugs/view/1475
1522,C07BB03,ATONIUM PLUS,G,"Chlortalidone - 25mg, Atenolol - 50mg",,Tablet,738473,https://www.moph.gov.lb/en/Drugs/view/1522
1524,C07BB03,ATONIUM PLUS,G,"Chlortalidone - 25mg, Atenolol - 100mg",,Tablet,738473,https://www.moph.gov.lb/en/Drugs/view/1524
1868,C10AA05,ATOR MEDIS,G,Atorvastatin - 10mg,10mg,"Tablet, film coated",305052,https://www.moph.gov.lb/en/Drugs/view/1868
1888,C10AA05,ATOR MEDIS,G,Atorvastatin - 20mg,20mg,"Tablet, film coated",591291,https://www.moph.gov.lb/en/Drugs/view/1888
1910,C10AA05,ATOR MEDIS,G,Atorvastatin - 40mg,40mg,"Tablet, film coated",694767,https://www.moph.gov.lb/en/Drugs/view/1910
1869,C10AA05,ATORLIP 10,G,Atorvastatin (calcium) - 10mg,10mg,"Tablet, film coated",1052037,https://www.moph.gov.lb/en/Drugs/view/1869
1889,C10AA05,ATORLIP 20,G,Atorvastatin (calcium) - 20mg,20mg,"Tablet, film coated",1279850,https://www.moph.gov.lb/en/Drugs/view/1889
1911,C10AA05,ATORLIP 40,G,Atorvastatin (calcium) - 40mg,40mg,"Tablet, film coated",1484626,https://www.moph.gov.lb/en/Drugs/view/1911
1870,C10AA05,ATORVA TAD,G,Atorvastatin - 10mg,10mg,"Tablet, film coated",677297,https://www.moph.gov.lb/en/Drugs/view/1870
1890,C10AA05,ATORVA TAD,G,Atorvastatin - 20mg,20mg,"Tablet, film coated",1087169,https://www.moph.gov.lb/en/Drugs/view/1890
1912,C10AA05,ATORVA TAD,G,Atorvastatin - 40mg,40mg,"Tablet, film coated",1405659,https://www.moph.gov.lb/en/Drugs/view/1912
1871,C10AA05,ATORVAKEY-10,G,Atorvastatin (calcium) - 10mg,10mg,"Tablet, film coated",362837,https://www.moph.gov.lb/en/Drugs/view/1871
1891,C10AA05,ATORVAKEY-20,G,Atorvastatin (calcium) - 20mg,20mg,Tablet,362837,https://www.moph.gov.lb/en/Drugs/view/1891
1892,C10AA05,ATORVASTATIN PHARMADEX,G,Atorvastatin - 20mg,20mg,Tablet,769190,https://www.moph.gov.lb/en/Drugs/view/1892
1872,C10AA05,ATORVASTATINE ARROW GENERIQUES,G,Atorvastatin - 10mg,10mg,"Tablet, coated",567102,https://www.moph.gov.lb/en/Drugs/view/1872
1873,C10AA05,ATORVASTATINE ARROW GENERIQUES,G,Atorvastatin - 10mg,10mg,"Tablet, coated",567102,https://www.moph.gov.lb/en/Drugs/view/1873
1893,C10AA05,ATORVASTATINE ARROW GENERIQUES,G,Atorvastatin - 20mg,20mg,"Tablet, coated",567102,https://www.moph.gov.lb/en/Drugs/view/1893
1894,C10AA05,ATORVASTATINE ARROW GENERIQUES,G,Atorvastatin - 20mg,20mg,"Tablet, coated",567102,https://www.moph.gov.lb/en/Drugs/view/1894
1926,C10AA05,ATORVASTATINE ARROW GENERIQUES,G,Atorvastatin - 80mg,80mg,"Tablet, coated",564414,https://www.moph.gov.lb/en/Drugs/view/1926
1927,C10AA05,ATORVASTATINE ARROW GENERIQUES,G,Atorvastatin - 80mg,80mg,"Tablet, coated",564414,https://www.moph.gov.lb/en/Drugs/view/1927
1913,C10AA05,ATORVASTATINE ARROW GENERQUES,G,Atorvastatin - 40mg,40mg,"Tablet, coated",564414,https://www.moph.gov.lb/en/Drugs/view/1913
1914,C10AA05,ATORVASTATINE ARROW GENERQUES,G,Atorvastatin - 40mg,40mg,"Tablet, coated",564414,https://www.moph.gov.lb/en/Drugs/view/1914
2002,C10BA05,ATOZET,B,"Atorvastatin - 10mg, Ezetimibe - 10mg",,"Tablet, film coated",1624706,https://www.moph.gov.lb/en/Drugs/view/2002
2003,C10BA05,ATOZET,B,"Atorvastatin - 10mg, Ezetimibe - 10mg",,"Tablet, film coated",1624706,https://www.moph.gov.lb/en/Drugs/view/2003
2007,C10BA05,ATOZET,B,"Atorvastatin - 20mg, Ezetimibe - 10mg",,"Tablet, film coated",2046672,https://www.moph.gov.lb/en/Drugs/view/2007
2008,C10BA05,ATOZET,B,"Atorvastatin - 20mg, Ezetimibe - 10mg",,"Tablet, film coated",2046672,https://www.moph.gov.lb/en/Drugs/view/2008
2011,C10BA05,ATOZET,B,"Atorvastatin - 40mg, Ezetimibe - 10mg",,"Tablet, film coated",2046672,https://www.moph.gov.lb/en/Drugs/view/2011
2012,C10BA05,ATOZET,B,"Atorvastatin - 40mg, Ezetimibe - 10mg",,"Tablet, film coated",2046672,https://www.moph.gov.lb/en/Drugs/view/2012
159,A03BA01,ATROPINE,G,Atropine sulfate - 1mg/ml,1mg/ml,Injectable solution,702149,https://www.moph.gov.lb/en/Drugs/view/159
162,A03BA01,ATROPINE,G,Atropine sulfate - 0.5mg/ml,0.5mg/ml,Injectable solution,680315,https://www.moph.gov.lb/en/Drugs/view/162
161,A03BA01,ATROPINE I.V.  0.25 MG.,G,Atropine - 0.25mg/ml,0.25mg/ml,Injectable solution,2412129,https://www.moph.gov.lb/en/Drugs/view/161
160,A03BA01,ATROPINE SULFATE RENAUDIN,G,Atropine sulfate - 1mg/ml,0.1%,Injectable solution,397777,https://www.moph.gov.lb/en/Drugs/view/160
163,A03BA01,ATROPINE SULFATE RENAUDIN,G,Atropine sulfate - 0.5mg/ml,0.5mg,Injectable solution,385683,https://www.moph.gov.lb/en/Drugs/view/163
164,A03BA01,ATROPINE SULFATEAGUETTANT,G,Atropine - 0.1mg/ml,0.1mg/ml,Injectable solution,7805376,https://www.moph.gov.lb/en/Drugs/view/164
5301,R03BB01,ATROVENT,B,Ipratropium bromide - 250mcg/2ml,250mcg/2ml,Inhaltion solution with nebuliser,544256,https://www.moph.gov.lb/en/Drugs/view/5301
5302,R03BB01,ATROVENT,B,Ipratropium bromide - 500mcg/2ml,500mcg/2ml,Inhaltion solution with nebuliser,713580,https://www.moph.gov.lb/en/Drugs/view/5302
5274,R03AL01,ATROVENT COMP. HFA,B,"Fenoterol Hydrobromide - 20mcg/actuation, Ipratropium bromide - 50mcg/actuation",,Inhalation aerosol metered dose,544256,https://www.moph.gov.lb/en/Drugs/view/5274
5304,R03BB01,ATROVENT N,B,Ipratropium bromide - 20mcg/actuation,20mcg/actuation,Inhalation aerosol metered dose,428686,https://www.moph.gov.lb/en/Drugs/view/5304
4848,N05AX12,ATYPRAL,G,Aripiprazole - 10mg,10mg,Tablet,712237,https://www.moph.gov.lb/en/Drugs/view/4848
4856,N05AX12,ATYPRAL,G,Aripiprazole - 15mg,15mg,Tablet,712237,https://www.moph.gov.lb/en/Drugs/view/4856
3891,L04AA31,AUBAGIO,B,Teriflunomide - 14mg,14mg,"Tablet, film coated",38773533,https://www.moph.gov.lb/en/Drugs/view/3891
3892,L04AA31,AUBAGIO,B,Teriflunomide - 14mg,14mg,"Tablet, film coated",38773533,https://www.moph.gov.lb/en/Drugs/view/3892
2679,J01CR02,AUGMENTIN,B,"Amoxicillin (trihydrate) - 250mg/5ml, Clavulanic Acid (potassium) - 62.5mg/5ml",312.5mg/5ml,Powder for suspension,542912,https://www.moph.gov.lb/en/Drugs/view/2679
2699,J01CR02,AUGMENTIN,B,"Amoxicillin (trihydrate) - 500mg, Clavulanic Acid (potassium) - 125mg",625mg,Tablet,639958,https://www.moph.gov.lb/en/Drugs/view/2699
2704,J01CR02,AUGMENTIN,B,"Amoxicillin (trihydrate) - 875mg, Clavulanic Acid (potassium) - 125mg",1g,Tablet,739202,https://www.moph.gov.lb/en/Drugs/view/2704
2683,J01CR02,AUGMENTIN DUO,B,"Amoxicillin (trihydrate) - 400mg/5ml, Clavulanic Acid (potassium) - 57mg/5ml",457mg/5ml,Powder for suspension,524099,https://www.moph.gov.lb/en/Drugs/view/2683
2691,J01CR02,AUGMENTIN ES,B,"Amoxicillin (trihydrate) - 600mg/5ml, Clavulanic Acid (potassium) - 42.9mg/5ml",642.9mg/5ml,Powder for suspension,846621,https://www.moph.gov.lb/en/Drugs/view/2691
5652,S02CA06,AURICULARUM,G,"Dexamethasone (sodium phosphate) - 10mg, Nystatin - 1,000,000IU, Oxytetracycline HCl - 90,000IU, Polymyxin B sulfate - 100,000IU",,Powder for suspension + solvent,755239,https://www.moph.gov.lb/en/Drugs/view/5652
5223,R01BA53,AURIMEL,B,"Phenylephrine HCl - 5mg/5ml, Sodium citrate - 325mg/5ml, Carbinoxamine maleate - 2mg/5ml, Dextromethorphan HBr - 5mg/5ml",,Syrup,319963,https://www.moph.gov.lb/en/Drugs/view/5223
2108,D06AX09,AVALON AVOBAN,G,Mupirocin - 2% w/w,2%,Ointment,460938,https://www.moph.gov.lb/en/Drugs/view/2108
3043,J01MA14,AVALOX,B,Moxifloxacin (HCl) - 400mg,400mg,"Tablet, film coated",1087169,https://www.moph.gov.lb/en/Drugs/view/3043
3044,J01MA14,AVALOX,B,Moxifloxacin (HCl) - 400mg,400mg,"Tablet, film coated",1521230,https://www.moph.gov.lb/en/Drugs/view/3044
3052,J01MA14,AVALOX,B,Moxifloxacin (HCl) - 400mg/250ml,400mg/250ml,Injectable solution,9052935,https://www.moph.gov.lb/en/Drugs/view/3052
5216,R01AD12,AVAMYS,B,Fluticasone furoate - 27.5mcg/dose,27.5mcg/dose,Suspension,722987,https://www.moph.gov.lb/en/Drugs/view/5216
5217,R01AD12,AVAMYS,B,Fluticasone furoate - 27.5mcg/dose,27.5mcg/dose,Suspension,722987,https://www.moph.gov.lb/en/Drugs/view/5217
3676,L01FG01,AVASTIN,BioTech,Bevacizumab - 400mg/16ml,400mg/16ml,Injectable concentrated solution,75875312,https://www.moph.gov.lb/en/Drugs/view/3676
3677,L01FG01,AVASTIN,BioTech,Bevacizumab - 400mg,400mg,Injectable concentrated solution,75875312,https://www.moph.gov.lb/en/Drugs/view/3677
3683,L01FG01,AVASTIN,BioTech,Bevacizumab - 100mg/4ml,100mg/4ml,Injectable concentrated solution,24533456,https://www.moph.gov.lb/en/Drugs/view/3683
3684,L01FG01,AVASTIN,BioTech,Bevacizumab - 100mg,100mg,Injectable concentrated solution,24533456,https://www.moph.gov.lb/en/Drugs/view/3684
3284,J07BC02,AVAXIM PEDIATRIQUE (vaccin inactivé de l'hépatite A adsorbé),B,"Hepatitis A, inactivated, whole virus - 80 antigen units/0.5ml",80 antigen units/0.5ml,Injectable suspension,1531980,https://www.moph.gov.lb/en/Drugs/view/3284
3186,J05AF10,AVIRAVIR,G,Entecavir monohydrate - 1mg,1mg,"Tablet, film coated",32224230,https://www.moph.gov.lb/en/Drugs/view/3186
3192,J05AF10,AVIRAVIR,G,Entecavir monohydrate - 0.5mg,0.5mg,"Tablet, film coated",32224230,https://www.moph.gov.lb/en/Drugs/view/3192
3045,J01MA14,AVITAR 400,G,Moxifloxacin (HCl) - 400mg,400mg,"Tablet, film coated",913813,https://www.moph.gov.lb/en/Drugs/view/3045
3046,J01MA14,AVITAR 400,G,Moxifloxacin (HCl) - 400mg,400mg,"Tablet, film coated",651764,https://www.moph.gov.lb/en/Drugs/view/3046
834,B01AF02,AVIXAN,G,Apixaban - 5mg,5mg,"Tablet, film coated",2777275,https://www.moph.gov.lb/en/Drugs/view/834
839,B01AF02,AVIXAN,G,Apixaban - 2.5mg,2.5mg,"Tablet, film coated",2777275,https://www.moph.gov.lb/en/Drugs/view/839
2073,D04AB01,AVOCAINE,G,Lidocaine - 10%,10%,Spray,400465,https://www.moph.gov.lb/en/Drugs/view/2073
5205,R01AD09,AVOCOM,G,Mometasone furoate - 0.05%,0.05%,Spray,419279,https://www.moph.gov.lb/en/Drugs/view/5205
2523,G04CB02,AVODART,B,Dutasteride - 0.5mg,0.5mg,Capsule,2660787,https://www.moph.gov.lb/en/Drugs/view/2523
3848,L03AB07,AVONEX,BioTech,Interferon beta-1a - 30mcg/0.5ml,30mcg/0.5ml,Injectable solution,70488764,https://www.moph.gov.lb/en/Drugs/view/3848
2271,D11AX11,AVOQUIN,G,Hydroquinone - 4%,4%,Cream,916501,https://www.moph.gov.lb/en/Drugs/view/2271
2191,D10AD01,AVOTIN-A,G,Tretinoin - 0.05%,0.05%,Cream,440780,https://www.moph.gov.lb/en/Drugs/view/2191
2751,J01DC02,AXETINE,G,Cefuroxime sodium - 750mg,750mg,Injectable powder for solution,1193332,https://www.moph.gov.lb/en/Drugs/view/2751
2764,J01DC02,AXETINE,G,Cefuroxime sodium - 1.5g,1.5g,Injectable powder for solution,2273782,https://www.moph.gov.lb/en/Drugs/view/2764
21,A02BC01,AXIPRON,G,Omeprazole - 20mg,20mg,Capsule,373358,https://www.moph.gov.lb/en/Drugs/view/21
2794,J01DD04,AXONE,G,Ceftriaxone (sodium) - 1g,1g,Injectable powder for solution,4047654,https://www.moph.gov.lb/en/Drugs/view/2794
2795,J01DD04,AXONE 1G IM,G,Ceftriaxone (sodium) - 1g,1g,Injectable powder for solution+diluent,438093,https://www.moph.gov.lb/en/Drugs/view/2795
2823,J01DD04,AXONE 500MG IM,G,Ceftriaxone (sodium) - 500mg,500mg,Injectable powder for solution+diluent,393746,https://www.moph.gov.lb/en/Drugs/view/2823
2708,J01CR02,AYECLAV-T,G,"Amoxicillin - 875mg, Clavulanic Acid - 125mg",,Tablet,338648,https://www.moph.gov.lb/en/Drugs/view/2708
3405,L01BC07,AZACITIDINE ARROW,G,Azacitidine - 25mg/ml,25mg/ml,Injectable suspension,10967854,https://www.moph.gov.lb/en/Drugs/view/3405
3406,L01BC07,AZACITIDINE EVER PHARMA,G,Azacitidine - 100mg/100ml,25mg/ml,Injectable powder for suspension,10967854,https://www.moph.gov.lb/en/Drugs/view/3406
3407,L01BC07,AZACITIDINE NEAPOLIS,G,Azacitidine - 100mg,100mg,Injectable lyophilised powder,9401575,https://www.moph.gov.lb/en/Drugs/view/3407
3408,L01BC07,AZACITIDINE SHILPA,G,Azacitidine - 100mg,100mg,Injectable powder,7350062,https://www.moph.gov.lb/en/Drugs/view/3408
3409,L01BC07,AZACITIDINE SPC,G,Azacitidine - 100mg,100mg,Injectable powder,10706993,https://www.moph.gov.lb/en/Drugs/view/3409
2960,J01FA10,AZELTIN,G,Azithromycin (dihydrate) - 500mg,500mg,"Tablet, film coated",435405,https://www.moph.gov.lb/en/Drugs/view/2960
2949,J01FA10,AZICIN 250 BENTA,G,Azithromycin - 250mg,250mg,"Tablet, film coated",423630,https://www.moph.gov.lb/en/Drugs/view/2949
2961,J01FA10,AZICIN 500 BENTA,G,Azithromycin - 500mg,500mg,"Tablet, film coated",573373,https://www.moph.gov.lb/en/Drugs/view/2961
2962,J01FA10,AZM-500,G,Azithromycin - 500mg,500mg,"Tablet, film coated",448843,https://www.moph.gov.lb/en/Drugs/view/2962
2941,J01FA10,AZOMYCIN,G,Azithromycin (dihydrate) - 200mg/5ml,200mg/5ml,Powder for suspension + solvent,365525,https://www.moph.gov.lb/en/Drugs/view/2941
2942,J01FA10,AZOMYCIN,G,Azithromycin (dihydrate) - 200mg/5ml,200mg/5ml,Powder for suspension,603385,https://www.moph.gov.lb/en/Drugs/view/2942
2950,J01FA10,AZOMYCIN,G,Azithromycin (dihydrate) - 250mg,250mg,Capsule,361494,https://www.moph.gov.lb/en/Drugs/view/2950
2943,J01FA10,AZOMYNE,G,Azithromycin (dihydrate) - 200mg/5ml,200mg/5ml,Powder for suspension,237860,https://www.moph.gov.lb/en/Drugs/view/2943
2951,J01FA10,AZOMYNE,G,Azithromycin (dihydrate) - 250mg,250mg,Capsule,385683,https://www.moph.gov.lb/en/Drugs/view/2951
2182,D07XC04,AZONIT - D,G,"Diflucortolone valerate - 1mg/g, Isoconazole nitrate - 10mg/g",,Cream,225766,https://www.moph.gov.lb/en/Drugs/view/2182
5587,S01EC04,AZOPT,B,Brinzolamide - 10mg/ml,10mg/ml,Drops suspension,499909,https://www.moph.gov.lb/en/Drugs/view/5587
2952,J01FA10,AZOX 250,G,Azithromycin (dihydrate) - 250mg,250mg,Capsule,346711,https://www.moph.gov.lb/en/Drugs/view/2952
2953,J01FA10,AZOX 250,G,Azithromycin (dihydrate) - 250mg,250mg,"Tablet, film coated",354774,https://www.moph.gov.lb/en/Drugs/view/2953
5535,S01AA26,AZYTER,G,Azithromycin (dihydrate) - 15mg/g,15mg/g,Drops solution,412560,https://www.moph.gov.lb/en/Drugs/view/5535
1244,B05XA03,0.45% SODIUM CHLORIDE INJECTION USP,G,Sodium chloride - 0.45%,0.45%,Injectable solution,160885,https://www.moph.gov.lb/en/Drugs/view/1244
1245,B05XA03,0.45% SODIUM CHLORIDE INJECTION USP,G,Sodium chloride - 0.45%,0.45%,Injectable solution,176974,https://www.moph.gov.lb/en/Drugs/view/1245
1246,B05XA03,0.45% SODIUM CHLORIDE INJECTION USP,G,Sodium chloride - 0.45%,0.45%,Injectable solution,144797,https://www.moph.gov.lb/en/Drugs/view/1246
1247,B05XA03,0.45% SODIUM CHLORIDE INJECTION USP,G,Sodium chloride - 0.45%,0.45%,Injectable solution,162034,https://www.moph.gov.lb/en/Drugs/view/1247
1193,B05XA03,0.9% SODIUM CHLORIDE INJECTION USP,G,Sodium chloride - 0.9%,0.9%,Injectable solution,145946,https://www.moph.gov.lb/en/Drugs/view/1193
1194,B05XA03,0.9% SODIUM CHLORIDE INJECTION USP,G,Sodium chloride - 0.9%,0.9%,Injectable solution,151692,https://www.moph.gov.lb/en/Drugs/view/1194
1195,B05XA03,0.9% SODIUM CHLORIDE INJECTION USP,G,Sodium chloride - 0.9%,0.9%,Injectable solution,164333,https://www.moph.gov.lb/en/Drugs/view/1195
1196,B05XA03,0.9% SODIUM CHLORIDE INJECTION USP,G,Sodium chloride - 0.9%,0.9%,Injectable solution,688359,https://www.moph.gov.lb/en/Drugs/view/1196
1197,B05XA03,0.9% SODIUM CHLORIDE INJECTION USP,G,Sodium chloride - 0.9%,0.9%,Injectable solution,144797,https://www.moph.gov.lb/en/Drugs/view/1197
1198,B05XA03,0.9% SODIUM CHLORIDE INJECTION USP,G,Sodium chloride - 0.9%,0.9%,Injectable solution,182720,https://www.moph.gov.lb/en/Drugs/view/1198
1199,B05XA03,0.9% SODIUM CHLORIDE INJECTION USP,G,Sodium chloride - 0.9%,0.9%,Injectable solution,209151,https://www.moph.gov.lb/en/Drugs/view/1199
1200,B05XA03,0.9% SODIUM CHLORIDE INJECTION USP,G,Sodium chloride - 0.9%,0.9%,Injectable solution,222941,https://www.moph.gov.lb/en/Drugs/view/1200
1201,B05XA03,0.9% SODIUM CHLORIDE INJECTION USP,G,Sodium chloride - 0.9%,0.9%,Injectable solution,181570,https://www.moph.gov.lb/en/Drugs/view/1201
1202,B05XA03,0.9% SODIUM CHLORIDE INJECTION USP,G,Sodium chloride - 0.9%,0.9%,Injectable solution,170079,https://www.moph.gov.lb/en/Drugs/view/1202
1088,B05CX01,10% DEXTROSE INJECTION USP,G,"Dextrose,H2O - 10g/100ml",10%,Injectable solution,219493,https://www.moph.gov.lb/en/Drugs/view/1088
1089,B05CX01,10% DEXTROSE INJECTION USP,G,"Dextrose,H2O - 10g/100ml",10%,Injectable solution,170079,https://www.moph.gov.lb/en/Drugs/view/1089
1090,B05CX01,10% DEXTROSE INJECTION USP,G,"Dextrose,H2O - 10g/100ml",10%,Injectable solution,194211,https://www.moph.gov.lb/en/Drugs/view/1090
1091,B05CX01,10% DEXTROSE INJECTION USP,G,"Dextrose,H2O - 10g/100ml",10%,Injectable solution,284997,https://www.moph.gov.lb/en/Drugs/view/1091
1092,B05CX01,10% DEXTROSE INJECTION USP,G,"Dextrose,H2O - 10g/100ml",10%,Injectable solution,220643,https://www.moph.gov.lb/en/Drugs/view/1092
1093,B05CX01,10% DEXTROSE INJECTION USP,G,"Dextrose,H2O - 10g/100ml",10%,Injectable solution,252820,https://www.moph.gov.lb/en/Drugs/view/1093
1094,B05CX01,10% DEXTROSE INJECTION USP,G,"Dextrose,H2O - 10g/100ml",10%,Injectable solution,170079,https://www.moph.gov.lb/en/Drugs/view/1094
683,A12AA03,10% W/V CALCIUM GLUCONATE INJECTION BP,G,Calcium gluconate - 10%,10%,Injectable solution,3952241,https://www.moph.gov.lb/en/Drugs/view/683
5397,R05D,123 COLD AND FLU,B,"Phenylephrine HCl - 5mg, Carbinoxamine HCl - 3mg, Caffeine anhydrous - 30mg, Codeine phosphate - 8mg, Acetaminophen - 325mg",,Tablet,409552,https://www.moph.gov.lb/en/Drugs/view/5397
4534,N02BE51,123 COMPLETE,B,"Acetaminophen (day tablet, night tablet) - 500mg, Dextromethorphan HBr (day tablet, night tablet) - 5mg, Phenylephrine HCl (day tablet, night tablet) - 5mg, Carbinoxamine maleate (night tablet) - 3mg",,Tablet,537537,https://www.moph.gov.lb/en/Drugs/view/4534
1046,B05BB02,2.5% DEXTROSE 0.45% SODIUM CHLORIDE INJECTION,G,"Dextrose,H2O - 2.5g/100ml, Sodium chloride - 0.45g/100ml",,Injectable solution,172377,https://www.moph.gov.lb/en/Drugs/view/1046
1047,B05BB02,2.5% DEXTROSE 0.45% SODIUM CHLORIDE INJECTION,G,"Dextrose,H2O - 2.5g/100ml, Sodium chloride - 0.45g/100ml",,Injectable solution,224090,https://www.moph.gov.lb/en/Drugs/view/1047
1048,B05BB02,2.5% DEXTROSE 0.45% SODIUM CHLORIDE INJECTION,G,"Dextrose,H2O - 2.5g/100ml, Sodium chloride - 0.45g/100ml",,Injectable solution,172377,https://www.moph.gov.lb/en/Drugs/view/1048
953,B05,20 MEQ POTASSIUM OF 0.9% SODIUM CHLORIDE INJECTION USP,B,"Sodium chloride - 0.9%, Potassium chloride - 20meq",,Injectable solution,278102,https://www.moph.gov.lb/en/Drugs/view/953
954,B05,20 MEQ POTASSIUM OF 0.9% SODIUM CHLORIDE INJECTION USP,B,"Sodium chloride - 0.9%, Potassium chloride - 20mEq",,Injectable solution,229959,https://www.moph.gov.lb/en/Drugs/view/954
952,B05,20 MEQ POTASSIUM OF 5% DEXTROSE AND 0.45% SODIUM CHLORIDE INJECTION USP,B,"Dextrose, H2O - 5%, Sodium chloride - 0.45%, Potassium chloride - 20meq",,Injectable solution,229959,https://www.moph.gov.lb/en/Drugs/view/952
1466,C07AB02,B-BLOK SDK,G,Metoprolol succinate - 50mg,50mg,"Tablet, controlled release",295645,https://www.moph.gov.lb/en/Drugs/view/1466
1468,C07AB02,B-BLOK SDK,G,Metoprolol succinate - 25mg,25mg,"Tablet, controlled release",282207,https://www.moph.gov.lb/en/Drugs/view/1468
1492,C07AB07,B-COR 10,G,Bisoprolol fumarate - 10mg,10mg,"Tablet, film coated",595322,https://www.moph.gov.lb/en/Drugs/view/1492
1500,C07AB07,B-COR 2.5,G,Bisoprolol fumarate - 2.5mg,2.5mg,"Tablet, film coated",149167,https://www.moph.gov.lb/en/Drugs/view/1500
1482,C07AB07,B-COR 5,G,Bisoprolol fumarate - 5mg,5mg,"Tablet, film coated",296989,https://www.moph.gov.lb/en/Drugs/view/1482
4274,M03BX01,BACLOCALM,G,Baclofen - 25mg,25mg,Tablet,928595,https://www.moph.gov.lb/en/Drugs/view/4274
4275,M03BX01,BACLOCALM,G,Baclofen - 10mg,10mg,Tablet,589947,https://www.moph.gov.lb/en/Drugs/view/4275
2982,J01MA02,BACTALL 500,G,Ciprofloxacine (HCl) - 500mg,500mg,"Tablet, film coated",292958,https://www.moph.gov.lb/en/Drugs/view/2982
2922,J01EE01,BACTRIM FORTE,B,"Trimethoprim - 160mg, Sulfamethoxazole - 800mg",,Tablet,344024,https://www.moph.gov.lb/en/Drugs/view/2922
2091,D06AX,BANEOCIN,B,"Neomycin sulfate - 5000IU/g, Bacitracin zinc - 250IU/g",,Ointment,173356,https://www.moph.gov.lb/en/Drugs/view/2091
388,A10AE04,BASAGLAR KWIKPEN,BioTech,Insulin glargine - 100U/ml,100U/ml,Injectable solution,4114846,https://www.moph.gov.lb/en/Drugs/view/388
2092,D06AX,BATRAMYCIN,B,"Neomycin (sulfate) - 5000IU/g, Bacitracin - 250IU/g",,Ointment,249955,https://www.moph.gov.lb/en/Drugs/view/2092
3672,L01FF04,BAVENCIO,BioTech,Avelumab - 200mg/10ml,200mg/10ml,Injectable concentrate for solution,101243761,https://www.moph.gov.lb/en/Drugs/view/3672
5734,L01FF04,BAVENCIO,BioTech,Avelumab - 200mg/10ml,200mg/10ml,Injectable concentrate for solution,,https://www.moph.gov.lb/en/Drugs/view/5734
3055,J01MA23,BAXDELA,B,Delafloxacin - 450mg,450mg,Tablet,93777847,https://www.moph.gov.lb/en/Drugs/view/3055
3056,J01MA23,BAXDELA,B,Delafloxacin - 300mg,300mg,Injectable concentrate for solution,78349010,https://www.moph.gov.lb/en/Drugs/view/3056
4485,N02BE01,BBDOL-OR,G,Paracetamol - 120mg/5ml,120mg/5ml,Syrup,188138,https://www.moph.gov.lb/en/Drugs/view/4485
3853,L03AX03,BCG-MEDAC,G,BCG seed RIVM derived from seed 1173-P2 - 2x10? to 3x10? viable units,,Injectable powder for suspension+diluent,18750588,https://www.moph.gov.lb/en/Drugs/view/3853
5857,L03AX03,BCG-MEDAC,G,BCG seed RIVM derived from seed 1173-P2 - 2x10? to 3x10? viable units,,Injectable powder for suspension+diluent,,https://www.moph.gov.lb/en/Drugs/view/5857
606,A11A,BEBE-VIT,G,"Vitamin A - 1500IU/ml, Vitamin D3 - 400IU/ml, Vitamin E - 5mg/ml, Vitamin C - 40mg/ml, Vitamin B1 - 0.5mg/ml, Vitamin B2 - 0.6mg/ml, Vitamin  B6 - 0.6mg/ml, Nicotinamide - 8mg/ml",,Drops,287582,https://www.moph.gov.lb/en/Drugs/view/606
2066,D03AX06,BECAPLEX,BioTech,Becaplermin - 40mg,0.01%,Gel,38029953,https://www.moph.gov.lb/en/Drugs/view/2066
678,A11EX,BECOZYM FORTE,B,"Nicotinamide - 50mg, Calcium Pantothenate - 25mg, Biotin - 0.15mg, Vitamin B12 - 10mcg, Vitamin B6 - 10mg, Vitamin B2 - 15mg, Vitamin B1 - 15mg",,"Tablet, sugar coated",290270,https://www.moph.gov.lb/en/Drugs/view/678
674,A11EA,BECOZYME,B,"Vitamin B5 - 6mg/2ml, Vitamin B6 - 4mg/2ml, Vitamin PP - 40mg/2ml, Vitamin B2 - 5.47mg/2ml, Vitamin B1 - 10mg/2ml",,Injectable solution,662514,https://www.moph.gov.lb/en/Drugs/view/674
1458,C07AA05,BEDRANOL,G,Propranolol HCl - 10mg,10mg,"Tablet, film coated",247267,https://www.moph.gov.lb/en/Drugs/view/1458
1461,C07AA05,BEDRANOL,G,Propranolol HCl - 40mg,40mg,"Tablet, film coated",247267,https://www.moph.gov.lb/en/Drugs/view/1461
5700,V03AF03,BENDAFOLIN,G,Calcium folinate - 200mg/20ml,200mg/20ml,Injectable solution,3584028,https://www.moph.gov.lb/en/Drugs/view/5700
3315,L01AA09,BENDAMUSTINE HYDROCHLORIDE,G,Bendamustine HCl - 25mg/10ml,25mg/10ml,Injectable powder for concentrate for solution,19610153,https://www.moph.gov.lb/en/Drugs/view/3315
3319,L01AA09,BENDAMUSTINE HYDROCHLORIDE,G,Bendamustine HCl - 100mg/50ml,100mg/50ml,Injectable powder for concentrate for solution,78439178,https://www.moph.gov.lb/en/Drugs/view/3319
3320,L01AA09,BENDAMUSTINE HYDROCHLORIDE PHARMINICIO,G,Bendamustine HCl - 100mg/50ml,100mg/50ml,Injectable powder for concentrate for solution,78439178,https://www.moph.gov.lb/en/Drugs/view/3320
3316,L01AA09,BENDAMUSTINE MEDAC,G,Bendamustine HCl - 2.5mg/ml (25mg),2.5mg/ml,Injectable powder for concentrate for solution,24934922,https://www.moph.gov.lb/en/Drugs/view/3316
3321,L01AA09,BENDAMUSTINE MEDAC,G,Bendamustine HCl - 2.5mg/ml (100mg),2.5mg/ml,Injectable powder for concentrate for solution,16887989,https://www.moph.gov.lb/en/Drugs/view/3321
3317,L01AA09,BENDANUSTINE ARROW,G,Bendamustine HCl - 25mg,25mg,Injectable powder for solution,23627731,https://www.moph.gov.lb/en/Drugs/view/3317
3322,L01AA09,BENDANUSTINE ARROW,G,Bendamustine HCl - 100mg,100mg,Injectable powder for solution,88903468,https://www.moph.gov.lb/en/Drugs/view/3322
3323,L01AA09,BENDAVIVAL,G,Bendamustine HCl - 100mg,100mg,Injectable concentrated powder for solution,26072618,https://www.moph.gov.lb/en/Drugs/view/3323
5873,L01AA09,BENDAVIVAL,G,Bendamustine HCl - 100mg,100mg,Injectable concentrated powder for solution,,https://www.moph.gov.lb/en/Drugs/view/5873
869,B02BD04,BENEFIX,BioTech,Nonacog alfa (recombinant coagulation factor IX) - 500IU,500IU,Injectable powder for solution+diluent,27390281,https://www.moph.gov.lb/en/Drugs/view/869
5733,B02BD04,BENEFIX,BioTech,Nonacog alfa (recombinant coagulation factor IX) - 500IU,500IU,Injectable powder for solution+diluent,,https://www.moph.gov.lb/en/Drugs/view/5733
624,A11CC05,BENTA D 10.000,G,"Vitamin D3 - 10,000IU","10,000IU",Capsule,895895,https://www.moph.gov.lb/en/Drugs/view/624
2211,D10AE01,BENZAC AC,G,Benzoyl peroxide - 10g/100g,10%,Gel,416591,https://www.moph.gov.lb/en/Drugs/view/2211
2212,D10AE01,BENZAC AC,G,Benzoyl peroxide - 5g/100g,5%,Gel,388370,https://www.moph.gov.lb/en/Drugs/view/2212
4718,N04AA01,BENZHEXOL,G,Trihexyphenidyl - 5mg,5mg,"Tablet, scored",533697,https://www.moph.gov.lb/en/Drugs/view/4718
3324,L01AA09,BENZIMIR,G,Bendamustine HCl - 100mg,100mg,Injectable lyophilised powder for solution,16887989,https://www.moph.gov.lb/en/Drugs/view/3324
5637,S01LA06,BEOVU,BioTech,Brolucizumab - 120mg/ml,120mg/ml,Injectable solution,42752178,https://www.moph.gov.lb/en/Drugs/view/5637
5869,S01LA06,BEOVU,BioTech,Brolucizumab - 120mg/ml,120mg/ml,Injectable solution,,https://www.moph.gov.lb/en/Drugs/view/5869
2062,D03AX,BEPANTHEN PLUS,B,"Chlorhexidine HCl - 5mg/g, Dexpanthenol - 50mg/g",,Cream,319835,https://www.moph.gov.lb/en/Drugs/view/2062
854,B02BD02,BERIATE,BioHuman,Coagulation Factor VIII - 250IU,250IU,Injectable lyophilised powder for solution+diluent,14098526,https://www.moph.gov.lb/en/Drugs/view/854
856,B02BD02,BERIATE,BioHuman,Coagulation Factor VIII - 500IU,500IU,Injectable lyophilised powder for solution+diluent,28437886,https://www.moph.gov.lb/en/Drugs/view/856
5948,B02BD02,BERIATE,BioHuman,Coagulation Factor VIII - 500IU,500IU,Injectable lyophilised powder for solution+diluent,,https://www.moph.gov.lb/en/Drugs/view/5948
3643,L01FB01,BESPONSA FOR INJECTION,BioTech,Inotuzumab Ozogamicin - 0.9mg,0.9mg,Injectable powder for suspension,921176511,https://www.moph.gov.lb/en/Drugs/view/3643
5865,L01FB01,BESPONSA FOR INJECTION,BioTech,Inotuzumab Ozogamicin - 0.9mg,0.9mg,Injectable powder for suspension,,https://www.moph.gov.lb/en/Drugs/view/5865
2085,D05AX52,BETA-CAL,G,"Calcipotriol (monohydrate) - 50mcg/g, Betamethasone (dipropionate) - 0.5mg/g",,Ointment,1574983,https://www.moph.gov.lb/en/Drugs/view/2085
2088,D05AX52,BETA-CAL,G,"Calcipotriol (monohydrate) - 50mcg/g, Betamethasone (dipropionate) - 0.5mg/g",,Gel,1251117,https://www.moph.gov.lb/en/Drugs/view/2088
2177,D07XC01,BETA-MICOTER,G,"Betamethasone (dipropionate) - 0.5mg/g, Clotrimazole - 10mg/g",,Cream,415951,https://www.moph.gov.lb/en/Drugs/view/2177
2169,D07CC01,BETAFUCIN,G,"Fusidic acid - 20mg/g, Betamethasone valerate - 1mg/1g",,Cream,210983,https://www.moph.gov.lb/en/Drugs/view/2169
5110,N07CA01,BETAHISTINE ARROW,G,Betahistine dihydrochloride - 16mg,16mg,"Tablet, scored",362837,https://www.moph.gov.lb/en/Drugs/view/5110
5115,N07CA01,BETAHISTINE ARROW GENERIQUES,G,Betahistine dihydrochloride - 24mg,24mg,Tablet,749864,https://www.moph.gov.lb/en/Drugs/view/5115
1465,C07AB02,BETALOC ZOK,B,Metoprolol succinate - 50mg,50mg,"Tablet, controlled release",491846,https://www.moph.gov.lb/en/Drugs/view/1465
1467,C07AB02,BETALOC ZOK,B,Metoprolol succinate - 25mg,25mg,"Tablet, controlled release",219046,https://www.moph.gov.lb/en/Drugs/view/1467
2694,J01CR02,BETAMOX ES,G,"Amoxicillin - 600mg/5ml, Clavulanic Acid - 42.9mg/5ml",,Powder for suspension,592635,https://www.moph.gov.lb/en/Drugs/view/2694
2709,J01CR02,BETAMOX PLUS,G,"Amoxicillin - 875mg, Clavulanic Acid - 125mg",,"Tablet, coated",717661,https://www.moph.gov.lb/en/Drugs/view/2709
5108,N07CA01,BETASERC,B,Betahistine dihydrochloride - 16mg,16mg,Tablet,1623708,https://www.moph.gov.lb/en/Drugs/view/5108
2137,D07AC01,BETASONE,G,Betamethasone (valerate) - 1mg/g,1mg/g,Cream,120306,https://www.moph.gov.lb/en/Drugs/view/2137
2172,D07CC01,BETASONE-N,G,"Neomycin (sulfate) - 3.5mg/g, Betamethasone (valerate) - 1mg/g",,Cream,398033,https://www.moph.gov.lb/en/Drugs/view/2172
2827,J01DD08,BETIXIM 100,G,Cefixime (trihydrate) - 100mg/5ml,100mg/5ml,Powder for suspension,348055,https://www.moph.gov.lb/en/Drugs/view/2827
2832,J01DD08,BETIXIM 100,G,Cefixime (trihydrate) - 100mg/5ml,100mg/5ml,Powder for suspension,700142,https://www.moph.gov.lb/en/Drugs/view/2832
2846,J01DD08,BETIXIM 400,G,Cefixime (trihydrate) - 400mg,400mg,Capsule,1026696,https://www.moph.gov.lb/en/Drugs/view/2846
2427,G04BD12,BETMIGA,B,Mirabegron - 50mg,50mg,"Tablet, prolonged release",3758727,https://www.moph.gov.lb/en/Drugs/view/2427
2135,D07AC01,BETNOVATE,B,Betamethasone - 0.1%,0.1%,Solution,235172,https://www.moph.gov.lb/en/Drugs/view/2135
2136,D07AC01,BETNOVATE,B,Betamethasone (valerate) - 0.1%,0.1% w/w,Cream,279519,https://www.moph.gov.lb/en/Drugs/view/2136
2139,D07AC01,BETNOVATE,B,Betamethasone (valerate) - 0.1%,0.1% w/w,Ointment,279519,https://www.moph.gov.lb/en/Drugs/view/2139
3678,L01FG01,BEVACIREL,BioTech,Bevacizumab - 400mg/16ml,400mg/16ml,Injectable solution,49744595,https://www.moph.gov.lb/en/Drugs/view/3678
3685,L01FG01,BEVACIREL,BioTech,Bevacizumab - 100mg/4ml,100mg/4ml,Injectable solution,14719570,https://www.moph.gov.lb/en/Drugs/view/3685
5765,L01FG01,BEVACIREL,BioTech,Bevacizumab - 400mg/16ml,400mg/16ml,Injectable solution,,https://www.moph.gov.lb/en/Drugs/view/5765
5766,L01FG01,BEVACIREL,BioTech,Bevacizumab - 100mg/4ml,100mg/4ml,Injectable solution,,https://www.moph.gov.lb/en/Drugs/view/5766
144,A03AA04,BEVACOL 135,G,Mebeverine HCl - 135mg,135mg,"Tablet, film coated",532162,https://www.moph.gov.lb/en/Drugs/view/144
5576,S01EA05,BGLAU,G,Brimonidine tartrate - 0.2%,0.2%,Drops solution,638325,https://www.moph.gov.lb/en/Drugs/view/5576
1623,C09BA04,BI-PRETERAX ARGININE,B,"Perindopril arginine - 5mg, Indapamide - 1.25mg",,"Tablet, film coated",452875,https://www.moph.gov.lb/en/Drugs/view/1623
1625,C09BA04,BI-PRETERAX ARGININE,B,"Perindopril arginine - 10mg, Indapamide - 2.5mg",,"Tablet, film coated",765990,https://www.moph.gov.lb/en/Drugs/view/1625
4162,M01AE03,BI-PROFENID LP,B,Ketoprofen - 100mg,100mg,"Tablet, prolonged release",392402,https://www.moph.gov.lb/en/Drugs/view/4162
2060,D02AX,BIAFINE,B,Trolamine - 0.67g/100g,0.67g/100g,Emulsion,524099,https://www.moph.gov.lb/en/Drugs/view/2060
3795,L02BB03,BICALUTAMIDE ACCORD,G,Bicalutamide - 50mg,50mg,"Tablet, film coated",1382814,https://www.moph.gov.lb/en/Drugs/view/3795
3796,L02BB03,BICALUTAMIDE BIOGARAN,G,Bicalutamide - 50mg,50mg,"Tablet, coated",4315078,https://www.moph.gov.lb/en/Drugs/view/3796
3797,L02BB03,BICALUTAMIDE GP PHARM,G,Bicalutamide - 50mg,50mg,"Tablet, film coated",1306215,https://www.moph.gov.lb/en/Drugs/view/3797
3798,L02BB03,BICAMIDE,G,Bicalutamide - 50mg,50mg,"Tablet, film coated",1451753,https://www.moph.gov.lb/en/Drugs/view/3798
3217,J05AR20,BIKTARVY,B,"Bictegravir - 50mg, Emtricitabine - 200mg, Tenofovir alafenamide - 25mg",,"Tablet, film coated",76569138,https://www.moph.gov.lb/en/Drugs/view/3217
928,B03XA01,BINOCRIT,BioTech,"Erythropoietin recombinant human (Epoetin alfa) - 2,000IU/ml","2,000IU/ml",Injectable solution,6803873,https://www.moph.gov.lb/en/Drugs/view/928
930,B03XA01,BINOCRIT,BioTech,"Erythropoietin recombinant human (Epoetin alfa) - 4,000IU/0.4ml","4,000IU/0.4ml",Injectable solution,5582795,https://www.moph.gov.lb/en/Drugs/view/930
936,B03XA01,BINOCRIT,BioTech,"Erythropoietin recombinant human (Epoetin alfa) - 10,000IU/ml","10,000IU/ml",Injectable solution,16325433,https://www.moph.gov.lb/en/Drugs/view/936
938,B03XA01,BINOCRIT,BioTech,"Erythropoietin recombinant human (Epoetin alfa) - 40,000IU/ml","40,000IU/ml",Injectable solution,11726826,https://www.moph.gov.lb/en/Drugs/view/938
4310,M05BA04,BINOSTO,B,Alendronate sodium - 70mg,70mg,"Tablet, effervescent",1709368,https://www.moph.gov.lb/en/Drugs/view/4310
654,A11CC05,BIO-D3 25000IU,G,Vitamin D3 - 25000IU,25000IU,Capsule,1130108,https://www.moph.gov.lb/en/Drugs/view/654
655,A11CC05,BIO-D3 25000IU,G,Vitamin D3 - 25000IU,25000IU,Capsule,2147588,https://www.moph.gov.lb/en/Drugs/view/655
300,A07BA01,BIOCARBON,B,Activated charcoal - 250mg,250mg,Tablet,1158392,https://www.moph.gov.lb/en/Drugs/view/300
637,A11CC05,BIODAL,G,"Vitamin D3 - 50,000IU","50,000IU","Tablet, film coated",1110014,https://www.moph.gov.lb/en/Drugs/view/637
2745,J01DB05,BIODROXIL,G,Cefadroxil (monohydrate) - 1000mg,"1,000mg","Tablet, film coated",1091442,https://www.moph.gov.lb/en/Drugs/view/2745
2746,J01DB05,BIODROXIL,G,Cefadroxil (monohydrate) - 500mg,500mg,Capsule,496382,https://www.moph.gov.lb/en/Drugs/view/2746
2358,G03DA04,BIOGEST,BioTech,"Progesterone, bio-identical - 200mg",200mg,Pessary,1804780,https://www.moph.gov.lb/en/Drugs/view/2358
2364,G03DA04,BIOGEST,BioTech,"Progesterone, bio-identical - 100mg/2ml",100mg/2ml,Injectable solution,2328879,https://www.moph.gov.lb/en/Drugs/view/2364
2366,G03DA04,BIOGEST,BioTech,"Progesterone, bio-identical - 400mg",400mg,Pessary,1083137,https://www.moph.gov.lb/en/Drugs/view/2366
1385,C03CA01,BIOLASOMIDE,G,Furosemide - 40mg,40mg,Tablet,181419,https://www.moph.gov.lb/en/Drugs/view/1385
177,A03CA02,BIPAX,G,"Clidinium bromide - 2.5mg, Chlordiazepoxide - 5mg",,"Tablet, sugar coated",363477,https://www.moph.gov.lb/en/Drugs/view/177
1483,C07AB07,BISCORDEX,G,Bisoprolol fumarate - 5mg,5mg,Tablet,406992,https://www.moph.gov.lb/en/Drugs/view/1483
1493,C07AB07,BISCORDEX,G,Bisoprolol fumarate - 10mg,10mg,Tablet,789667,https://www.moph.gov.lb/en/Drugs/view/1493
1526,C07BB07,BISCORDEX PLUS,G,"Bisoprolol fumarate - 5mg, Hydrochlorothiazide - 12.5mg",,Tablet,723115,https://www.moph.gov.lb/en/Drugs/view/1526
1494,C07AB07,BISOCOR 10,G,Bisoprolol fumarate - 10mg,10mg,"Tablet, film coated",460746,https://www.moph.gov.lb/en/Drugs/view/1494
1501,C07AB07,BISOCOR 2.5,G,Bisoprolol fumarate - 2.5mg,2.5mg,"Tablet, film coated",207336,https://www.moph.gov.lb/en/Drugs/view/1501
1484,C07AB07,BISOCOR 5,G,Bisoprolol fumarate - 5mg,5mg,"Tablet, film coated",345560,https://www.moph.gov.lb/en/Drugs/view/1484
1485,C07AB07,BISOCOR 5,G,Bisoprolol fumarate - 5mg,5mg,"Tablet, film coated",345560,https://www.moph.gov.lb/en/Drugs/view/1485
1527,C07BB07,BISOCOR 5 PLUS,G,"Bisoprolol - 5mg, Hydrochlorothiazide - 12.5mg",,"Tablet, film coated",678321,https://www.moph.gov.lb/en/Drugs/view/1527
1486,C07AB07,BISOPROLOL NORMON,G,Bisoprolol hemifumarate - 5mg,5mg,"Tablet, film coated",321178,https://www.moph.gov.lb/en/Drugs/view/1486
1495,C07AB07,BISOPROLOL NORMON,G,Bisoprolol hemifumarate - 10mg,10mg,"Tablet, film coated",372244,https://www.moph.gov.lb/en/Drugs/view/1495
1502,C07AB07,BISOPROLOL NORMON,G,Bisoprolol hemifumarate - 2.5mg,2.5mg,"Tablet, film coated",235172,https://www.moph.gov.lb/en/Drugs/view/1502
1487,C07AB07,BISOPROLOL QUIVER LAB,G,Bisoprolol fumarate - 5mg,5mg,"Tablet, film coated, scored",264737,https://www.moph.gov.lb/en/Drugs/view/1487
1496,C07AB07,BISOPROLOL QUIVER LAB,G,Bisoprolol fumarate - 10mg,10mg,"Tablet, film coated, scored",526786,https://www.moph.gov.lb/en/Drugs/view/1496
1503,C07AB07,BISOPROLOL QUIVER LAB,G,Bisoprolol fumarate - 2.5mg,2.5mg,"Tablet, coated, scored",292958,https://www.moph.gov.lb/en/Drugs/view/1503
1505,C07AB07,BISOPROLOL QUIVER LAB,G,Bisoprolol fumarate - 3.75mg,3.75mg,"Tablet, coated, scored",544256,https://www.moph.gov.lb/en/Drugs/view/1505
1506,C07AB07,BISOPROLOL QUIVER LAB,G,Bisoprolol fumarate - 7.5mg,7.5mg,"Tablet, coated, scored",544256,https://www.moph.gov.lb/en/Drugs/view/1506
1488,C07AB07,BISOPROLOL REF,G,Bisoprolol hemifumarate - 5mg,5mg,"Tablet, coated, scored",272800,https://www.moph.gov.lb/en/Drugs/view/1488
1497,C07AB07,BISOPROLOL REF,G,Bisoprolol hemifumarate - 10mg,10mg,"Tablet, coated, scored",544256,https://www.moph.gov.lb/en/Drugs/view/1497
1504,C07AB07,BISOPROLOL REF,G,Bisoprolol hemifumarate - 2.5mg,2.5mg,"Tablet, coated, scored",272800,https://www.moph.gov.lb/en/Drugs/view/1504
3686,L01FG01,BIVASTINA 100,BioTech,Bevacizumab - 100mg/4ml,100mg/4ml,Injectable concentrate for solution,22840337,https://www.moph.gov.lb/en/Drugs/view/3686
3687,L01FG01,BIVASTINA 100,BioTech,Bevacizumab - 100mg/4ml,100mg/4ml,Injectable concentrate for solution,12021318,https://www.moph.gov.lb/en/Drugs/view/3687
3679,L01FG01,BIVASTINA 400,BioTech,Bevacizumab - 400mg/16ml,400mg/16ml,Injectable concentrate for solution,92353609,https://www.moph.gov.lb/en/Drugs/view/3679
3680,L01FG01,BIVASTINA 400,BioTech,Bevacizumab - 400mg/16ml,400mg/16ml,Injectable concentrate for solution,53111763,https://www.moph.gov.lb/en/Drugs/view/3680
3844,L03AB07,BLASTOFERON,BioTech,Interferon beta-1a - 44mcg,44mcg,Injectable solution,55847685,https://www.moph.gov.lb/en/Drugs/view/3844
3847,L03AB07,BLASTOFERON,BioTech,Interferon beta-1a - 22mcg,22mcg,Injectable solution,40725735,https://www.moph.gov.lb/en/Drugs/view/3847
3484,L01DC01,BLEO-CELL,G,Bleomycin (sulfate) - 15mg,15mg,Injectable powder for solution,3817857,https://www.moph.gov.lb/en/Drugs/view/3484
3483,L01DC01,BLEOCIN,B,Bleomycin (sulfate) - 15U,15U,Injectable lyophilised powder for solution,2109833,https://www.moph.gov.lb/en/Drugs/view/3483
5922,L01DC01,BLEOCIN,B,Bleomycin (sulfate) - 15U,15U,Injectable lyophilised powder for solution,,https://www.moph.gov.lb/en/Drugs/view/5922
3695,L01FX07,BLINCYTO,BioTech,Blinatumomab - 35mcg,35mcg,Injectable lyophilised powder for solution+stabilizer,239128127,https://www.moph.gov.lb/en/Drugs/view/3695
5883,L01FX07,BLINCYTO,BioTech,Blinatumomab - 35mcg,35mcg,Injectable lyophilised powder for solution+stabilizer,,https://www.moph.gov.lb/en/Drugs/view/5883
1476,C07AB03,BLOKIUM 100MG,G,Atenolol - 100mg,100mg,Tablet,377620,https://www.moph.gov.lb/en/Drugs/view/1476
1473,C07AB03,BLOKIUM 50MG,G,Atenolol - 50mg,50mg,Tablet,186794,https://www.moph.gov.lb/en/Drugs/view/1473
1687,C09CA06,BLOPRESS,B,Candesartan cilexetil - 8mg,8mg,Tablet,806306,https://www.moph.gov.lb/en/Drugs/view/1687
1692,C09CA06,BLOPRESS,B,Candesartan cilexetil - 16mg,16mg,Tablet,1040134,https://www.moph.gov.lb/en/Drugs/view/1692
1758,C09DA06,BLOPRESS PLUS 16MG,B,"Candesartan cilexetil - 16mg, Hydrochlorothiazide - 12.5mg",,Tablet,1040134,https://www.moph.gov.lb/en/Drugs/view/1758
1761,C09DA06,BLOPRESS PLUS 8MG,B,"Candesartan cilexetil - 8mg, Hydrochlorothiazide - 12.5mg",,Tablet,806306,https://www.moph.gov.lb/en/Drugs/view/1761
1511,C07AB12,BLOVEK,G,Nebivolol HCl - 5mg,,Tablet,511940,https://www.moph.gov.lb/en/Drugs/view/1511
2048,D01BA02,BODERM,G,Terbinafine HCl - 250mg,250mg,Tablet,749992,https://www.moph.gov.lb/en/Drugs/view/2048
4313,M05BA06,BONAFOR,G,Ibandronic acid (monosodium monohydrate) - 150mg,150mg,"Tablet, film coated",383955,https://www.moph.gov.lb/en/Drugs/view/4313
4314,M05BA06,BONDRONAT,B,Ibandronic acid (monosodium monohydrate) - 6mg/6ml,6mg/6ml,Injectable concentrated powder for solution,24963868,https://www.moph.gov.lb/en/Drugs/view/4314
2617,H05AA02,BONTEO,BioTech,Teriparatide - 20mcg/dose,20mcg/dose,,17383843,https://www.moph.gov.lb/en/Drugs/view/2617
4311,M05BA06,BONVIVA,B,Ibandronic acid - 150mg,150mg,"Tablet, film coated",1265900,https://www.moph.gov.lb/en/Drugs/view/4311
3261,J07AJ51,BOOSTRIX,B,"Diphteria toxoid purified - ?2.5Lf/0.5ml, Tetanus toxoid purified - ?5Lf/0.5ml, Bordetella Pertussis Antigens: toxoid - 8mcg/0.5ml, Bordetella Pertussis Antigens: filamentous haemagglutinin - 8mcg/0.5ml, Pertactine - 2.5mcg Al3+/0.5ml, Aluminium hydroxide - 0.3mg Al3+/0.5ml, Aluminium Phosphate - 0.2mg/0.5ml",,Injectable suspension,1394909,https://www.moph.gov.lb/en/Drugs/view/3261
3738,L01XG01,BORCADE,G,Bortezomib - 3.5mg,3.5mg,Injectable lyophilised powder,11020381,https://www.moph.gov.lb/en/Drugs/view/3738
3739,L01XG01,BORCADE,G,Bortezomib - 3.5mg,3.5mg,Injectable lyophilised powder,11020381,https://www.moph.gov.lb/en/Drugs/view/3739
3740,L01XG01,BORTEZOMIB ACCORD,G,Bortezomib - 3.5mg,3.5mg,Injectable powder for solution,13007658,https://www.moph.gov.lb/en/Drugs/view/3740
3741,L01XG01,BORTEZOMIB NEAPOLIS,G,Bortezomib - 3.5mg,3.5mg,Injectable lyophilised powder for solution,14169600,https://www.moph.gov.lb/en/Drugs/view/3741
5744,L01XG01,BORTEZOMIB NEAPOLIS,G,Bortezomib - 3.5mg,3.5mg,Injectable lyophilised powder for solution,,https://www.moph.gov.lb/en/Drugs/view/5744
3742,L01XG01,BORTEZOMIB PHARMINICIO,G,Bortezomib - 3.5mg,3.5mg,Injectable powder for solution,13007658,https://www.moph.gov.lb/en/Drugs/view/3742
3743,L01XG01,BORTEZOMIB SHILPA,G,Bortezomib - 3.5mg,3.5mg,Injectable lyophilised powder,9902420,https://www.moph.gov.lb/en/Drugs/view/3743
3744,L01XG01,BORTEZOMIB SPC,G,Bortezomib - 3.5mg,3.5mg,Injectable powder for solution,15743401,https://www.moph.gov.lb/en/Drugs/view/3744
1365,C02KX01,BOSENTAN ARROW,G,Bosentan (monohydrate) - 125mg,125mg,"Tablet, film coated",51483159,https://www.moph.gov.lb/en/Drugs/view/1365
1368,C02KX01,BOSENTAN ARROW,G,Bosentan (monohydrate) - 62.5mg,62.5mg,"Tablet, film coated",51483159,https://www.moph.gov.lb/en/Drugs/view/1368
5810,C02KX01,BOSENTAN ARROW,G,Bosentan (monohydrate) - 62.5mg,62.5mg,"Tablet, film coated",,https://www.moph.gov.lb/en/Drugs/view/5810
5811,C02KX01,BOSENTAN ARROW,G,Bosentan (monohydrate) - 125mg,125mg,"Tablet, film coated",,https://www.moph.gov.lb/en/Drugs/view/5811
3526,L01EA04,BOSULIF,B,Bosutinib - 100mg,100mg,"Tablet, film coated",35663747,https://www.moph.gov.lb/en/Drugs/view/3526
3527,L01EA04,BOSULIF,B,Bosutinib - 400mg,400mg,"Tablet, film coated",123564667,https://www.moph.gov.lb/en/Drugs/view/3527
3528,L01EA04,BOSULIF,B,Bosutinib - 500mg,500mg,"Tablet, film coated",154453246,https://www.moph.gov.lb/en/Drugs/view/3528
5820,L01EA04,BOSULIF,B,Bosutinib - 400mg,400mg,"Tablet, film coated",,https://www.moph.gov.lb/en/Drugs/view/5820
5821,L01EA04,BOSULIF,B,Bosutinib - 500mg,500mg,"Tablet, film coated",,https://www.moph.gov.lb/en/Drugs/view/5821
5868,L01EA04,BOSULIF,B,Bosutinib - 100mg,100mg,"Tablet, film coated",,https://www.moph.gov.lb/en/Drugs/view/5868
4252,M03AX01,BOTOX,BioTech,Clostridium botulinum type A neurotoxin complex - 100U,100U,Injectable powder for solution,18625995,https://www.moph.gov.lb/en/Drugs/view/4252
4253,M03AX01,BOTOX,BioTech,Clostridium botulinum type A neurotoxin complex - 100U,100U,Injectable powder for solution,18625995,https://www.moph.gov.lb/en/Drugs/view/4253
1344,C01EB17,BRADIREM,G,Ivabradine (HCl) - 5mg,5mg,"Tablet, film coated",1134203,https://www.moph.gov.lb/en/Drugs/view/1344
1348,C01EB17,BRADIREM,G,Ivabradine (HCl) - 7.5mg,7.5mg,"Tablet, film coated",1134203,https://www.moph.gov.lb/en/Drugs/view/1348
3542,L01EC03,BRAFTOVI,BioTech,Encorafenib - 50mg,50mg,"Capsule, hard",70084833,https://www.moph.gov.lb/en/Drugs/view/3542
3543,L01EC03,BRAFTOVI,BioTech,Encorafenib - 75mg,75mg,"Capsule, hard",149227143,https://www.moph.gov.lb/en/Drugs/view/3543
5964,L01EC03,BRAFTOVI,BioTech,Encorafenib - 75mg,75mg,"Capsule, hard",,https://www.moph.gov.lb/en/Drugs/view/5964
5965,L01EC03,BRAFTOVI,BioTech,Encorafenib - 75mg,75mg,"Capsule, hard",,https://www.moph.gov.lb/en/Drugs/view/5965
1345,C01EB17,BRAVIGO,G,Ivabradine (HCl) - 5mg,5mg,"Tablet, film coated",1237679,https://www.moph.gov.lb/en/Drugs/view/1345
1349,C01EB17,BRAVIGO,G,Ivabradine (HCl) - 7.5mg,7.5mg,"Tablet, film coated",1237679,https://www.moph.gov.lb/en/Drugs/view/1349
4121,M01AC01,BREXIN,B,Piroxicam-?-cyclodextrin - 20mg,20mg,"Tablet, scored",487815,https://www.moph.gov.lb/en/Drugs/view/4121
5281,R03AL11,BREZTRI AEROSPHERE,B,"Formoterol fumarate dihydrate - 5mcg, Glycopyrronium Bromide - 7.2mcg, Budesonide - 160mcg",,Inhalation suspension,6705774,https://www.moph.gov.lb/en/Drugs/view/5281
5669,V03AB35,BRIDION,B,Sugammadex - 200mg/2ml,100mg/ml,Injectable solution,54230830,https://www.moph.gov.lb/en/Drugs/view/5669
783,B01AC24,BRILINTA,B,Ticagrelor - 90mg,90mg,"Tablet, film coated",5544694,https://www.moph.gov.lb/en/Drugs/view/783
5577,S01EA05,BRIMO,G,Brimonidine tartrate - 0.2%,0.2%,Drops solution,658483,https://www.moph.gov.lb/en/Drugs/view/5577
5578,S01EA05,BRIMOGAN,G,Brimonidine tartrate - 0.2% w/v,0.2% w/v,Drops solution,483783,https://www.moph.gov.lb/en/Drugs/view/5578
5579,S01EA05,BRIMONIDINE BIOGARAN,G,Brimonidine tartrate - 2mg/ml,0.2%,Drops solution,412560,https://www.moph.gov.lb/en/Drugs/view/5579
1302,C01BG11,BRINAVESS,B,Vernakalant - 20mg/ml,20mg/ml,Injectable concentrate for solution,41821582,https://www.moph.gov.lb/en/Drugs/view/1302
5015,N06AX26,BRINTELLIX,B,Vortioxetine - 5mg,5mg,"Tablet, film coated",2592272,https://www.moph.gov.lb/en/Drugs/view/5015
5017,N06AX26,BRINTELLIX,B,Vortioxetine - 10mg,10mg,"Tablet, film coated",4345987,https://www.moph.gov.lb/en/Drugs/view/5017
5019,N06AX26,BRINTELLIX,B,Vortioxetine - 20mg,20mg,"Tablet, film coated",6927508,https://www.moph.gov.lb/en/Drugs/view/5019
4715,N03AX23,BRIVIACT,B,Brivaracetam - 25mg,25mg,"Tablet, film coated",9627931,https://www.moph.gov.lb/en/Drugs/view/4715
4716,N03AX23,BRIVIACT,B,Brivaracetam - 50mg,50mg,"Tablet, film coated",9627931,https://www.moph.gov.lb/en/Drugs/view/4716
4717,N03AX23,BRIVIACT,B,Brivaracetam - 10mg/ml,10mg/ml,Solution,10314804,https://www.moph.gov.lb/en/Drugs/view/4717
4891,N05BA08,BROMAZEPAM BIOGARAN,G,Bromazepam - 6mg,6mg,"Tablet, scored",180075,https://www.moph.gov.lb/en/Drugs/view/4891
5417,R05X,BROMEX,G,"Pyrilamine Maleate (Mepyramine) - 12.5mg/5ml, Bromhexine HCl - 4mg/5ml",,Elixir,250851,https://www.moph.gov.lb/en/Drugs/view/5417
5379,R05CB02,BROMHEXINE,G,Bromhexine - 4mg/5ml,4mg/5ml,Elixir,176619,https://www.moph.gov.lb/en/Drugs/view/5379
3272,J07AX,BRONCHO-VAXOM ADULTS,B,"Lyophilized bacterial lysates of Haemophilus influenzae, Diplococcus pneumoniae, Klebsiella pneumoniae and ozaenae, Staphylococcus aureus, Streptococcus pyogenes and viridans, Neisseria catarrhalis - 7mg",,Capsule,2746814,https://www.moph.gov.lb/en/Drugs/view/3272
3271,J07AX,BRONCHO-VAXOM CHILDREN,B,"Lyophilized bacterial lysates of Haemophilus influenzae, Diplococcus pneumoniae, Klebsiella pneumoniae and ozaenae, Staphylococcus aureus, Streptococcus pyogenes and viridans, Neisseria catarrhalis - 3.5mg",,Capsule,1988887,https://www.moph.gov.lb/en/Drugs/view/3271
5411,R05FB,BRONCHOPHANE,G,"Dextrometorphan HBr - 4.58mg/5ml, Diphenydramine HCl - 5mg/5ml, Ephedrine HCl - 7.5mg/5ml, Guaifenesin - 50mg/5ml",,Syrup,115570,https://www.moph.gov.lb/en/Drugs/view/5411
403,A10BA02,BROT,G,Metformin HCl - 850mg,850mg,"Tablet, film coated",327898,https://www.moph.gov.lb/en/Drugs/view/403
4125,M01AE01,BRUFEN,B,Ibuprofen - 400mg,400mg,"Tablet, film coated",342384,https://www.moph.gov.lb/en/Drugs/view/4125
4132,M01AE01,BRUFEN,B,Ibuprofen - 100mg/5ml,100mg/5ml,Syrup,364181,https://www.moph.gov.lb/en/Drugs/view/4132
4141,M01AE01,BRUFEN,B,Ibuprofen - 600mg,600mg,"Tablet, film coated",423121,https://www.moph.gov.lb/en/Drugs/view/4141
2307,G01AX12,BRUMIXOL,G,Ciclopiroxolamine - 100mg,100mg,Ovule,795555,https://www.moph.gov.lb/en/Drugs/view/2307
5625,S01GX08,BRUNISTILL,G,Ketotifen - 250mcg/ml,250mcg/ml,Drops solution,940690,https://www.moph.gov.lb/en/Drugs/view/5625
4120,M01AC01,BRUXICAM,B,Piroxicam - 0.5%,,Drops solution,530818,https://www.moph.gov.lb/en/Drugs/view/4120
4356,N01BB01,BUCAINE HEAVY,G,Bupivacaine HCl - 20mg/4ml,20mg/4ml,Injectable solution,1423129,https://www.moph.gov.lb/en/Drugs/view/4356
5293,R03BA02,BUDECORT,G,Budesonide - 1mg,1mg,Respule,1226928,https://www.moph.gov.lb/en/Drugs/view/5293
5285,R03BA02,BUDECORT 200,G,Budesonide - 200mcg/actuation,200mcg/actuation,Metered dose inhaler,808993,https://www.moph.gov.lb/en/Drugs/view/5285
5286,R03BA02,BUDENA,G,Budesonide - 200mcg/actuation,200mcg/actuation,Inhalation suspension,1065667,https://www.moph.gov.lb/en/Drugs/view/5286
5295,R03BA02,BUDENA,G,Budesonide - 50mcg/actuation,50mcg/actuation,Inhalation suspension,823775,https://www.moph.gov.lb/en/Drugs/view/5295
310,A07EA06,BUDENOFALK,B,Budesonide - 3mg,3mg,Capsule,8554692,https://www.moph.gov.lb/en/Drugs/view/310
5289,R03BA02,BUDENOSIN,G,Budesonide - 1mg/2ml,1mg/2ml,Solution for nebulizer,1209458,https://www.moph.gov.lb/en/Drugs/view/5289
5287,R03BA02,BUDESONIDE ARROW,G,Budesonide - 0.5mg/2ml,0.5mg/2ml,Inhalation suspension for nebuliser,1342499,https://www.moph.gov.lb/en/Drugs/view/5287
5290,R03BA02,BUDESONIDE ARROW,G,Budesonide - 1mg/2ml,1mg/2ml,Inhalation suspension for nebuliser,1342499,https://www.moph.gov.lb/en/Drugs/view/5290
5291,R03BA02,BUDESONIDE ARROW,G,Budesonide - 1mg/2ml,1mg/2ml,Inhalation suspension for nebuliser,1342499,https://www.moph.gov.lb/en/Drugs/view/5291
5294,R03BA02,BUDESONIDE ARROW,G,Budesonide - 0.5mg/2ml,0.5mg/2ml,Inhalation suspension for nebuliser,1342499,https://www.moph.gov.lb/en/Drugs/view/5294
5260,R03AK07,BUFOMIX EASYHALER,G,"Formoterol fumarate dihydrate - 4.5mcg/inhalation, Budesonide - 160mcg/inhalation",,Metered dose inhaler,2365163,https://www.moph.gov.lb/en/Drugs/view/5260
5261,R03AK07,BUFOMIX EASYHALER,G,"Formoterol fumarate dihydrate - 4.5mcg/inhalation, Budesonide - 160mcg/inhalation",,Metered dose inhaler,1182581,https://www.moph.gov.lb/en/Drugs/view/5261
5263,R03AK07,BUFOMIX EASYHALER,G,"Formoterol fumarate dihydrate - 9mcg, Budesonide - 320mcg",,Metered dose inhaler,2365163,https://www.moph.gov.lb/en/Drugs/view/5263
5095,N07BC01,BUPENSAN,G,Buprenorphine - 8mg,8mg,Tablet,1259180,https://www.moph.gov.lb/en/Drugs/view/5095
4359,N01BB01,BUPIVACAINE AGUETTANT 2.5MG/ML,G,Bupivacaine HCl - 50mg/20ml,50mg/20ml,Injectable solution,2736063,https://www.moph.gov.lb/en/Drugs/view/4359
4360,N01BB01,BUPIVACAINE AGUETTANT 5MG/ML,G,Bupivacaine HCl - 100mg/20ml,100mg/20ml,Injectable solution,3078743,https://www.moph.gov.lb/en/Drugs/view/4360
4357,N01BB01,BUPIVACAINE AGUETTANT for spinal anaesthesia,G,Bupivacaine HCl - 20mg/4ml,20mg/4ml,Injectable solution,1554826,https://www.moph.gov.lb/en/Drugs/view/4357
4358,N01BB01,BUPIVACAINE HEAVY PANPHARMA,G,Bupivacaine HCl - 20mg/4ml,20mg/4ml,Injectable solution,2586897,https://www.moph.gov.lb/en/Drugs/view/4358
5096,N07BC01,BUPRENORPHINE ARROW,G,Buprenorphine - 8mg,8mg,Tablet,1115389,https://www.moph.gov.lb/en/Drugs/view/5096
5097,N07BC01,BUPRENORPHINE ARROW,G,Buprenorphine - 2mg,2mg,Tablet,563070,https://www.moph.gov.lb/en/Drugs/view/5097
1399,C03CA02,BURINEX,B,Bumetanide - 1mg,1mg,Tablet,335961,https://www.moph.gov.lb/en/Drugs/view/1399
1400,C03CA02,BURINEX,B,Bumetanide - 5mg,5mg,Tablet,1054916,https://www.moph.gov.lb/en/Drugs/view/1400
165,A03BB01,BUSCOPAN,B,Butylscopolamine bromide - 10mg,10mg,"Tablet, sugar coated",692079,https://www.moph.gov.lb/en/Drugs/view/165
166,A03BB01,BUSCOPAN,B,Butylscopolamine bromide - 10mg,10mg,"Tablet, sugar coated",291614,https://www.moph.gov.lb/en/Drugs/view/166
5233,R03AC02,BUTALIN,G,Salbutamol (sulfate) - 100mcg/dose,100mcg/dose,Inhalation aerosol metered dose,145135,https://www.moph.gov.lb/en/Drugs/view/5233
5237,R03AC02,BUTALIN,G,Salbutamol (sulfate) - 2mg/5ml,2mg/5ml,"Syrup, sugar free",122290,https://www.moph.gov.lb/en/Drugs/view/5237
5234,R03AC02,BUTO-ASMA,G,Salbutamol - 100mcg,100mcg,Inhalation,237860,https://www.moph.gov.lb/en/Drugs/view/5234
5273,R03AK13,BUTOSOL,G,"Salbutamol (sulfate) - 100mcg/dose, Beclometasone dipropionate - 50mcg/dose",,Metered dose inhaler,548288,https://www.moph.gov.lb/en/Drugs/view/5273
5098,N07BC01,BUVIDAL,B,Buprenorphine - 8mg,8mg,Injectable solution prolonged release,8524771,https://www.moph.gov.lb/en/Drugs/view/5098
5099,N07BC01,BUVIDAL,B,Buprenorphine - 16mg,16mg,Injectable solution prolonged release,8524771,https://www.moph.gov.lb/en/Drugs/view/5099
5100,N07BC01,BUVIDAL,B,Buprenorphine - 24mg,24mg,Injectable solution prolonged release,8524771,https://www.moph.gov.lb/en/Drugs/view/5100
5101,N07BC01,BUVIDAL,B,Buprenorphine - 32mg,32mg,Injectable solution prolonged release,8524771,https://www.moph.gov.lb/en/Drugs/view/5101
5102,N07BC01,BUVIDAL,B,Buprenorphine - 64mg,64mg,Injectable solution prolonged release,34835645,https://www.moph.gov.lb/en/Drugs/view/5102
5103,N07BC01,BUVIDAL,B,Buprenorphine - 96mg,96mg,Injectable solution prolonged release,34835645,https://www.moph.gov.lb/en/Drugs/view/5103
5104,N07BC01,BUVIDAL,B,Buprenorphine - 128mg,128mg,Injectable solution prolonged release,34835645,https://www.moph.gov.lb/en/Drugs/view/5104
4876,N05AX13,BYANNLI,B,Paliperidone - 1000mg,1000mg,"Injectable suspension, prolonged release",141223863,https://www.moph.gov.lb/en/Drugs/view/4876
4877,N05AX13,BYANNLI,B,Paliperidone - 700mg,700mg,"Injectable suspension, prolonged release",96913302,https://www.moph.gov.lb/en/Drugs/view/4877
3456,L01CD04,CABAZITAXEL AQVIDA,G,Cabazitaxel - 60mg/3ml,60mg/3ml,Injectable concentrate for solution,52933046,https://www.moph.gov.lb/en/Drugs/view/3456
3457,L01CD04,CABAZITAXEL EVER PHARMA,G,Cabazitaxel - 60mg/6ml,10mg/ml,Injectable concentrate for solution,56690955,https://www.moph.gov.lb/en/Drugs/view/3457
5745,L01CD04,CABAZITAXEL EVER PHARMA,G,Cabazitaxel - 60mg/6ml,10mg/ml,Injectable concentrate for solution,,https://www.moph.gov.lb/en/Drugs/view/5745
2317,G02CB03,CABERGOL,G,Cabergoline - 0.5mg,0.5mg,"Tablet, scored",976973,https://www.moph.gov.lb/en/Drugs/view/2317
3611,L01EX07,CABOMETYX,B,Cabozantinib - 20mg,20mg,"Tablet, film coated",440893501,https://www.moph.gov.lb/en/Drugs/view/3611
3612,L01EX07,CABOMETYX,B,Cabozantinib - 40mg,40mg,"Tablet, film coated",440893501,https://www.moph.gov.lb/en/Drugs/view/3612
3613,L01EX07,CABOMETYX,B,Cabozantinib - 60mg,60mg,"Tablet, film coated",440893501,https://www.moph.gov.lb/en/Drugs/view/3613
3458,L01CD04,CABOTAX,G,Cabazitaxel - 60mg/1.5ml,60mg/1.5ml,Injectable concentrated powder for solution+diluent,45371506,https://www.moph.gov.lb/en/Drugs/view/3458
3477,L01DB01,CAELYX,B,Doxorubicin HCl pegylated liposomes - 20mg/10ml,20mg/10ml,Injectable concentrated solution,34821487,https://www.moph.gov.lb/en/Drugs/view/3477
5753,L01DB01,CAELYX,B,Doxorubicin HCl pegylated liposomes - 20mg/10ml,20mg/10ml,Injectable concentrated solution,,https://www.moph.gov.lb/en/Drugs/view/5753
681,A11GB,CAL-C-VITA EFFERVESCENT,B,"Vitamin B6 - 15mg, Vitamin D - 300IU, Calcium carbonate - 625mg, Ascorbic acid - 1000mg",,"Tablet, effervescent",494534,https://www.moph.gov.lb/en/Drugs/view/681
610,A11AA,CAL-VIT,G,"Riboflavine - 9mg/100ml, Cyanocobalamine - 570mcg/100ml, Pyridoxine HCl - 35mg/100ml, Thiamine HCl - 190mg/100ml, Inositol - 150mg/100ml, Nicotinamide - 120mg/100ml, Calcium Pantothenate - 27mg/100ml, Sodium hypophosphite - 70mg/100ml",,Syrup,163821,https://www.moph.gov.lb/en/Drugs/view/610
675,A11EA,CAL-VIT,G,"Riboflavine - 3mg, Cyanocobalamine - 60mcg, Pyridoxine HCl - 5mg, Thiamine mononitrate - 10mg, Inositol - 3mg, Calcium pantothenate - 3mg",,Tablet,142063,https://www.moph.gov.lb/en/Drugs/view/675
676,A11EA,CAL-VIT,G,"Riboflavine - 3mg, Cyanocobalamine - 60mcg, Pyridoxine HCl - 5mg, Thiamine mononitrate - 10mg, Inositol - 3mg, Calcium Pantothenate - 3mg",,Tablet,4025128,https://www.moph.gov.lb/en/Drugs/view/676
2080,D04AX,CALAMINE PLUS,B,"Diphenhydramine HCl - 0.25/100ml, Tetracaine HCl - 0.025/100ml, Zinc oxide - 8g/100ml, Calamine - 8g/100ml",,Lotion,177899,https://www.moph.gov.lb/en/Drugs/view/2080
1271,B05XA07,CALCIUM CHLORIDE,G,Calcium chloride - 10g/100ml,10g/100ml,Injectable solution,5436771,https://www.moph.gov.lb/en/Drugs/view/1271
684,A12AA03,CALCIUM GLUCONATE,G,Calcium gluconate - 10g/100ml,10g/100ml,Injectable solution,763056,https://www.moph.gov.lb/en/Drugs/view/684
685,A12AA03,CALCIUM GLUCONATE,G,Calcium gluconate - 10g/100ml,10g/100ml,Injectable solution,6867500,https://www.moph.gov.lb/en/Drugs/view/685
686,A12AA03,CALCIUM GLUCONATE S.A.L.F,G,Calcium gluconate monohydrate - 10%,10%,Injectable solution,389714,https://www.moph.gov.lb/en/Drugs/view/686
5686,V03AE01,CALCIUM RESONIUM,B,Calcium Polystyrene Sulphonate - 15g,15g,Powder,2053391,https://www.moph.gov.lb/en/Drugs/view/5686
5701,V03AF03,CALCIUMFOLINAT EBEWE,G,Calcium folinate - 100mg/10ml,100mg/10ml,Injectable solution,1289872,https://www.moph.gov.lb/en/Drugs/view/5701
5464,R06AE09,CALIVIDA,G,Levocetirizine dihydrochloride - 5mg,5mg,"Tablet, film coated",447948,https://www.moph.gov.lb/en/Drugs/view/5464
5468,R06AE09,CALIVIDA,G,Levocetirizine dihydrochloride - 0.5mg/ml,0.5mg/ml,Solution,1158264,https://www.moph.gov.lb/en/Drugs/view/5468
688,A12AA04,CALPEROS,G,Calcium (carbonate) - 500mg,500mg,Tablet,705517,https://www.moph.gov.lb/en/Drugs/view/688
694,A12AX,CALPEROS D3 A SUCER,B,"Vitamin D3 - 400IU, Calcium - 500mg",,"Tablet, chewable",705517,https://www.moph.gov.lb/en/Drugs/view/694
3594,L01EL02,CALQUENCE,B,Acalabrutinib - 100mg,100mg,"Tablet, film coated",650653454,https://www.moph.gov.lb/en/Drugs/view/3594
687,A12AA04,CALTRATE 600,B,Calcium (carbonate) - 600mg,600mg,Tablet,618168,https://www.moph.gov.lb/en/Drugs/view/687
5322,R03DA55,CAMPHO-PNEUMINE AMINOPHYLLINE ADULTES,G,"Amyleine HCl - 0.01g, Eucalyptol - 0.05g, Camphre - 0.1g, Gaiacol ethyl glycolate - 0.26g, Aminophylline - 0.15g",,Suppository,326362,https://www.moph.gov.lb/en/Drugs/view/5322
5323,R03DA55,CAMPHO-PNEUMINE AMINOPHYLLINE ADULTES,G,"Amyleine HCl - 0.01g, Eucalyptol - 0.05g, Camphre - 0.1g, Gaiacol ethyl glycolate - 0.26g, Aminophylline - 0.15g",,Suppository,490183,https://www.moph.gov.lb/en/Drugs/view/5323
5320,R03DA55,CAMPHO-PNEUMINE AMINOPHYLLINE ENFANTS,G,"Eucalyptol - 0.03g, Camphre - 0.04g, Gaiacol ethyl glycolate - 0.12g, Aminophylline - 0.06g",,Suppository,284127,https://www.moph.gov.lb/en/Drugs/view/5320
5321,R03DA55,CAMPHO-PNEUMINE AMINOPHYLLINE ENFANTS,G,"Eucalyptol - 0.03g, Camphre - 0.04g, Gaiacol ethyl glycolate - 0.12g, Aminophylline - 0.06g",,Suppository,426190,https://www.moph.gov.lb/en/Drugs/view/5321
2286,G01AF02,CANAGYN,G,Clotrimazole - 100mg,100mg,Tablet,229797,https://www.moph.gov.lb/en/Drugs/view/2286
2288,G01AF02,CANAGYN,G,Clotrimazole - 500mg,500mg,Tablet,302365,https://www.moph.gov.lb/en/Drugs/view/2288
1808,C09DB07,CANDAM,G,"Candesartan cilexetil - 8mg, Amlodipine - 5mg",,"Capsule, hard",923220,https://www.moph.gov.lb/en/Drugs/view/1808
1810,C09DB07,CANDAM,G,"Candesartan cilexetil - 16mg, Amlodipine - 5mg",,"Capsule, hard",923220,https://www.moph.gov.lb/en/Drugs/view/1810
1812,C09DB07,CANDAM,G,"Candesartan cilexetil - 16mg, Amlodipine - 10mg",,"Capsule, hard",923220,https://www.moph.gov.lb/en/Drugs/view/1812
1760,C09DA06,CANDESARTAN / HYDROCHLOROTHIAZIDE BIOGARAN,G,"Candesartan cilexetil - 16mg, Hydrochlorothiazide - 12.5mg",,Tablet,327898,https://www.moph.gov.lb/en/Drugs/view/1760
1762,C09DA06,CANDESARTAN / HYDROCHLOROTHIAZIDE BIOGARAN,G,"Candesartan cilexetil - 8mg, Hydrochlorothiazide - 12.5mg",,Tablet,327898,https://www.moph.gov.lb/en/Drugs/view/1762
1690,C09CA06,CANDESARTAN BIOGARAN,G,Candesartan cilexetil - 8mg,8mg,"Tablet, scored",434061,https://www.moph.gov.lb/en/Drugs/view/1690
1695,C09CA06,CANDESARTAN BIOGARAN,G,Candesartan cilexetil - 16mg,16mg,"Tablet, scored",434061,https://www.moph.gov.lb/en/Drugs/view/1695
1696,C09CA06,CANDESARTAN BIOGARAN,G,Candesartan cilexetil - 32mg,32mg,"Tablet, scored",434061,https://www.moph.gov.lb/en/Drugs/view/1696
3146,J02AX04,CANDIGARD,G,Caspofungin (acetate) - 70mg,70mg,Injectable powder for concentrate for solution,22127179,https://www.moph.gov.lb/en/Drugs/view/3146
3149,J02AX04,CANDIGARD,G,Caspofungin (acetate) - 50mg,50mg,Injectable powder for concentrate for solution,22127179,https://www.moph.gov.lb/en/Drugs/view/3149
3114,J02AC01,CANDIZOL,G,Fluconazole - 150mg,150mg,Capsule,385235,https://www.moph.gov.lb/en/Drugs/view/3114
2024,D01AC01,CANESTEN,B,Clotrimazole - 0.01g/ml,0.01g/ml,Solution,368213,https://www.moph.gov.lb/en/Drugs/view/2024
2025,D01AC01,CANESTEN,B,Clotrimazole - 0.01g/g,0.01g/g,Cream,344024,https://www.moph.gov.lb/en/Drugs/view/2025
2287,G01AF02,CANESTEN,B,Clotrimazole - 0.1g,0.1g,Tablet,408528,https://www.moph.gov.lb/en/Drugs/view/2287
1165,B05D,CAPD/DPCA 17Solution for peritoneal dialysis sleep safe,G,"Sodium chloride - 5.786g/l, Sodium-(S)-lactate - 3.925g/l, Calcium chloride 2H2O - 0.1838g/l, Magnesium chloride, 6H2O - 0.1017g/l, Anhydrous glucose - 15g/l, Fructose ,  - up to 0.75g/l",,Injectable solution,744140,https://www.moph.gov.lb/en/Drugs/view/1165
1161,B05D,CAPD/DPCA 17Solution for peritoneal dialysis stay safe,G,"Sodium chloride - 5.786g/l, Sodium-(S)-lactate - 3.925g/l, Calcium chloride 2H2O - 0.1838g/l, Magnesium chloride, 6H2O - 0.1017g/l, Anhydrous glucose - 15g/l, Fructose ,  - up to 0.75g/l",,Injectable solution,629916,https://www.moph.gov.lb/en/Drugs/view/1161
1166,B05D,CAPD/DPCA 19Solution for peritoneal dialysis sleep safe,G,"Sodium chloride - 5.786g/l, Sodium-(S)-lactate - 3.925g/l, Calcium chloride 2H2O - 0.1838g/l, Magnesium chloride, 6H2O - 0.1017g/l, Anhydrous glucose - 22.73g/l, Fructose ,  - up to 1.1g/l",,Injectable solution,744140,https://www.moph.gov.lb/en/Drugs/view/1166
1162,B05D,CAPD/DPCA 19Solution for peritoneal dialysis stay safe,G,"Sodium chloride - 5.786g/l, Sodium-(S)-lactate - 3.925g/l, Calcium chloride 2H2O - 0.1838g/l, Magnesium chloride, 6H2O - 0.1017g/l, Anhydrous glucose - 22.73g/l, Fructose ,  - up to 1.1g/l",,Injectable solution,769337,https://www.moph.gov.lb/en/Drugs/view/1162
1163,B05D,CAPD/DPCA 2Solution for peritoneal dialysis stay safe,G,"Sodium chloride - 5.786g/l, Sodium-(S)-lactate - 3.925g/l, Calcium chloride 2H2O - 0.2573g/l, Magnesium chloride, 6H2O - 0.1017g/l, Anhydrous glucose - 15g/l, Glucose monohydrate - 16.5g/l",,Injectable solution,735741,https://www.moph.gov.lb/en/Drugs/view/1163
1164,B05D,CAPD/DPCA 3Solution for peritoneal dialysis,G,"Sodium chloride - 5.786g/l, Sodium-(S)-lactate - 3.925g/l, Calcium chloride 2H2O - 0.2573g/l, Magnesium chloride, 6H2O - 0.1017g/l, Anhydrous glucose - 42.50g/l, Glucose monohydrate - 46.75g/l",,Injectable solution,769337,https://www.moph.gov.lb/en/Drugs/view/1164
3395,L01BC06,CAPECITABINE ACCORD,G,Capecitabine - 500mg,500mg,"Tablet, film coated",10908012,https://www.moph.gov.lb/en/Drugs/view/3395
3396,L01BC06,CAPECITABINE BIOGARAN,G,Capecitabine - 500mg,500mg,"Tablet, coated",12123049,https://www.moph.gov.lb/en/Drugs/view/3396
3397,L01BC06,CAPECITABINE NEAPOLIS,G,Capecitabine - 500mg,500mg,"Tablet, film coated",11222829,https://www.moph.gov.lb/en/Drugs/view/3397
3398,L01BC06,CAPECITABINE PHARMINICIO,G,Capecitabine - 500mg,500mg,"Tablet, film coated",8869508,https://www.moph.gov.lb/en/Drugs/view/3398
3399,L01BC06,CAPECITABINE SHILPA,G,Capecitabine - 500mg,500mg,"Tablet, film coated",7396894,https://www.moph.gov.lb/en/Drugs/view/3399
3400,L01BC06,CAPECITABINE SPC,G,Capecitabine - 500mg,500mg,"Tablet, film coated",12665771,https://www.moph.gov.lb/en/Drugs/view/3400
3403,L01BC06,CAPECITABINE SPC,G,Capecitabine - 150mg,150mg,"Tablet, film coated",4094240,https://www.moph.gov.lb/en/Drugs/view/3403
3401,L01BC06,CAPEDA,G,Capecitabine - 500mg,500mg,"Tablet, film coated",4927423,https://www.moph.gov.lb/en/Drugs/view/3401
5918,L01BC06,CAPEDA,G,Capecitabine - 500mg,500mg,"Tablet, film coated",,https://www.moph.gov.lb/en/Drugs/view/5918
1588,C09AA01,CAPTACE,G,Captopril - 25mg,25mg,"Tablet, scored",486343,https://www.moph.gov.lb/en/Drugs/view/1588
1593,C09AA01,CAPTACE,G,Captopril - 50mg,50mg,"Tablet, scored",652724,https://www.moph.gov.lb/en/Drugs/view/1593
1620,C09BA01,CAPTACE PLUS,G,"Hydrochlorothiazide - 25mg, Captopril - 50mg",,"Tablet, scored",1028487,https://www.moph.gov.lb/en/Drugs/view/1620
4131,M01AE01,CAPTAIN,G,Ibuprofen - 200mg,200mg,"Capsule, soft gelatin",383955,https://www.moph.gov.lb/en/Drugs/view/4131
4134,M01AE01,CAPTAIN,G,Ibuprofen - 100mg/5ml,100mg/5ml,Suspension,335321,https://www.moph.gov.lb/en/Drugs/view/4134
4150,M01AE01,CAPTAIN FORTE,G,Ibuprofen - 400mg,400mg,"Capsule, soft gelatin",508740,https://www.moph.gov.lb/en/Drugs/view/4150
1589,C09AA01,CAPTOPRIL,G,Captopril - 25mg,25mg,"Tablet, scored",4453878,https://www.moph.gov.lb/en/Drugs/view/1589
1590,C09AA01,CAPTOPRIL,G,Captopril - 25mg,25mg,"Tablet, scored",355798,https://www.moph.gov.lb/en/Drugs/view/1590
2542,H01BB03,CARBETOCINA GP-PHARM,G,Carbetocin - 100mcg,100mcg,Injectable solution,9041227,https://www.moph.gov.lb/en/Drugs/view/2542
3712,L01XA02,CARBOPLATIN VIANEX,G,Carboplatin - 150mg/15ml,150mg/15ml,Injectable solution,1277994,https://www.moph.gov.lb/en/Drugs/view/3712
3717,L01XA02,CARBOPLATINE ARROW LAB,G,Carboplatin - 450mg/45ml,450mg/45ml,Injectable solution,7586405,https://www.moph.gov.lb/en/Drugs/view/3717
3719,L01XA02,CARBOPLATINE ARROW LAB,G,Carboplatin - 600mg/60ml,600mg/60ml,Injectable solution,10115207,https://www.moph.gov.lb/en/Drugs/view/3719
3713,L01XA02,CARBOPLATINE EBEWE,G,Carboplatin - 150mg/15ml,150mg/15ml,Injectable concentrated solution,2691717,https://www.moph.gov.lb/en/Drugs/view/3713
3714,L01XA02,CARBOPLATINE VIATRIS 10MG/ML,G,Carboplatin - 150mg/15ml,150mg/15ml,Injectable solution,2981283,https://www.moph.gov.lb/en/Drugs/view/3714
3718,L01XA02,CARBOPLATINE VIATRIS 10MG/ML,G,Carboplatin - 50mg/5ml,50mg/5ml,Injectable solution,941930,https://www.moph.gov.lb/en/Drugs/view/3718
301,A07BA51,CARBOSYLANE,B,"Simethicone (blue-red) - 45mg (blue-red), Activated charcoal (blue-red) - 140mg (blue-red)",,Capsule,585915,https://www.moph.gov.lb/en/Drugs/view/301
302,A07BA51,CARBOSYMAG,B,"Simethicone (green-orange) - 45mg (green-orange), Magnesium oxide (green) - 180mg (green), Activated charcoal (green-orange) - 140mg (green-orange)",,Capsule,384339,https://www.moph.gov.lb/en/Drugs/view/302
1340,C01EB10,CARDESINE,G,Adenosine - 6mg/2ml,6mg/2ml,Injectable solution,563070,https://www.moph.gov.lb/en/Drugs/view/1340
1931,C10AA07,CARDEZACURE,G,Rosuvastatin (calcium) - 10mg,10mg,"Tablet, film coated",499142,https://www.moph.gov.lb/en/Drugs/view/1931
1947,C10AA07,CARDEZACURE,G,Rosuvastatin (calcium) - 20mg,20mg,"Tablet, film coated",499142,https://www.moph.gov.lb/en/Drugs/view/1947
1551,C08CA01,CARDIBEE,G,Amlodipine - 5mg,5mg,Tablet,362198,https://www.moph.gov.lb/en/Drugs/view/1551
1498,C07AB07,CARDIOSAFE 10,G,Bisoprolol fumarate - 10mg,10mg,"Tablet, coated",610104,https://www.moph.gov.lb/en/Drugs/view/1498
1489,C07AB07,CARDIOSAFE 5,G,Bisoprolol fumarate - 5mg,5mg,"Tablet, coated",330585,https://www.moph.gov.lb/en/Drugs/view/1489
1354,C01EX,CARDIOVITEX,G,"Coenzyme Q10 - 300mg, Magnesium oxide - 100mg",,Tablet,2822069,https://www.moph.gov.lb/en/Drugs/view/1354
1360,C02CA04,CARDULAR,B,Doxazosin (mesylate) - 4mg,4mg,Tablet,755239,https://www.moph.gov.lb/en/Drugs/view/1360
1361,C02CA04,CARDULAR,B,Doxazosin (mesylate) - 4mg,4mg,Tablet,755239,https://www.moph.gov.lb/en/Drugs/view/1361
3747,L01XG02,CARFILU,G,Carfilzomib - 60mg,60mg,Injectable powder for solution,58470568,https://www.moph.gov.lb/en/Drugs/view/3747
5436,R06AA59,CARIBAN,B,"Pyridoxine HCl - 10mg, Doxylamine succinate - 10mg",,"Capsule, hard, modified release",1701305,https://www.moph.gov.lb/en/Drugs/view/5436
4720,N04BA02,CARLEVO,G,"Levodopa - 250mg, Carbidopa - 25mg",,Tablet,796067,https://www.moph.gov.lb/en/Drugs/view/4720
4722,N04BA02,CARLEVO,G,"Levodopa - 100mg, Carbidopa - 25mg",,Tablet,2431715,https://www.moph.gov.lb/en/Drugs/view/4722
1342,C01EB15,CARMETADIN,G,Trimetazidine - 35mg,35mg,"Tablet, film coated, modified release",631606,https://www.moph.gov.lb/en/Drugs/view/1342
3327,L01AD01,CARMUSTINE WAYMADE,B,Carmustine - 100mg,100mg,Injectable powder for concentrate for solution + solvent,60411990,https://www.moph.gov.lb/en/Drugs/view/3327
3715,L01XA02,CARPLATU,G,Carboplatin - 150mg/15ml,150mg/15ml,Injectable solution,1277994,https://www.moph.gov.lb/en/Drugs/view/3715
1518,C07AG02,CARVEDILOL ARROW,G,Carvedilol - 6.25mg,6.25mg,"Tablet, film coated, scored",364181,https://www.moph.gov.lb/en/Drugs/view/1518
1519,C07AG02,CARVEDILOL ARROW,G,Carvedilol - 12.5mg,12.5mg,"Tablet, film coated, scored",364181,https://www.moph.gov.lb/en/Drugs/view/1519
1521,C07AG02,CARVEDILOL ARROW,G,Carvedilol - 25mg,25mg,"Tablet, film coated, scored",425998,https://www.moph.gov.lb/en/Drugs/view/1521
3794,L02BB03,CASODEX,B,Bicalutamide - 50mg,50mg,"Tablet, film coated",3777541,https://www.moph.gov.lb/en/Drugs/view/3794
3799,L02BB03,CASODEX,B,Bicalutamide - 150mg,150mg,"Tablet, film coated",10863782,https://www.moph.gov.lb/en/Drugs/view/3799
3147,J02AX04,CASPOFUNGINE STRAGEN,G,Caspofungin (acetate) - 70mg,70mg,Injectable concentrated powder for solution,22928852,https://www.moph.gov.lb/en/Drugs/view/3147
3148,J02AX04,CASPOFUNGINE STRAGEN,G,Caspofungin (acetate) - 70mg,70mg,Injectable concentrated powder for solution,22928852,https://www.moph.gov.lb/en/Drugs/view/3148
3150,J02AX04,CASPOFUNGINE STRAGEN,G,Caspofungin (acetate) - 50mg,50mg,Injectable concentrated powder for solution,18712833,https://www.moph.gov.lb/en/Drugs/view/3150
3151,J02AX04,CASPOFUNGINE STRAGEN,G,Caspofungin (acetate) - 50mg,50mg,Injectable concentrated powder for solution,18712833,https://www.moph.gov.lb/en/Drugs/view/3151
4091,M01AB05,CATAFLAM,B,Diclofenac potassium - 50mg,50mg,"Tablet, sugar coated",262049,https://www.moph.gov.lb/en/Drugs/view/4091
5042,N06BX03,CEBROTONIN,G,Piracetam - 800mg,800mg,"Tablet, film coated",577852,https://www.moph.gov.lb/en/Drugs/view/5042
2765,J01DC04,CECLOR,B,Cefaclor (monohydrate) - 250mg/5ml,250mg/5ml,Granules for suspension,851100,https://www.moph.gov.lb/en/Drugs/view/2765
2769,J01DC04,CECLOR,B,Cefaclor (monohydrate) - 125mg/5ml,125mg/5ml,Granules for suspension,487623,https://www.moph.gov.lb/en/Drugs/view/2769
2767,J01DC04,CECLOR MR,B,Cefaclor (monohydrate) - 500mg,500mg,"Tablet, film coated, modified release",1226096,https://www.moph.gov.lb/en/Drugs/view/2767
2768,J01DC04,CECLOR MR,B,Cefaclor (monohydrate) - 750mg,750mg,"Tablet, film coated, modified release",1555018,https://www.moph.gov.lb/en/Drugs/view/2768
2743,J01DB05,CEFADRIL,G,Cefadroxil (monohydrate) - 250mg/5ml,250mg/5ml,Powder for suspension,268769,https://www.moph.gov.lb/en/Drugs/view/2743
2747,J01DB05,CEFADRIL,G,Cefadroxil (monohydrate) - 500mg,500mg,Capsule,450187,https://www.moph.gov.lb/en/Drugs/view/2747
2796,J01DD04,CEFAXONE,G,Ceftriaxone - 1g,1g,Injectable powder,403153,https://www.moph.gov.lb/en/Drugs/view/2796
2797,J01DD04,CEFAXONE IM/IV,G,Ceftriaxone - 1g,1g,Injectable lyophilised powder for solution,3628375,https://www.moph.gov.lb/en/Drugs/view/2797
2798,J01DD04,CEFAXONE IV,G,Ceftriaxone - 1g,1g,Injectable lyophilised powder for solution+diluent,403153,https://www.moph.gov.lb/en/Drugs/view/2798
2738,J01DB04,CEFAZOL IM/IV,G,Cefazolin (sodium) - 1g,1g,Injectable powder,5375370,https://www.moph.gov.lb/en/Drugs/view/2738
2739,J01DB04,CEFAZOLIN PANPHARMA,G,Cefazolin (sodium) - 1g,1g,Injectable powder for solution,5521849,https://www.moph.gov.lb/en/Drugs/view/2739
2740,J01DB04,CEFAZOLINA,G,Cefazolin (sodium) - 1g,1g,Injectable powder for solution,18574396,https://www.moph.gov.lb/en/Drugs/view/2740
2741,J01DB04,CEFAZOLINE LDP-LABORATORIOS TORLAN,G,Cefazolin (sodium) - 1g,1g,Injectable powder for solution,1631425,https://www.moph.gov.lb/en/Drugs/view/2741
2847,J01DD08,CEFDIA,G,Cefixime - 400mg,400mg,"Tablet, film coated",806306,https://www.moph.gov.lb/en/Drugs/view/2847
2878,J01DE01,CEFEPIME LDP LABORATORIOS TORLAN,G,Cefepime - 1g,1g,Injectable powder for solution,5933065,https://www.moph.gov.lb/en/Drugs/view/2878
2879,J01DE01,CEFEPIME PANPHARMA,G,Cefepime - 1g,1g,Injectable powder for solution,5933065,https://www.moph.gov.lb/en/Drugs/view/2879
2880,J01DE01,CEFIPEX 1000 BENTA,G,"Cefepime - 1,000mg","1,000mg",Injectable dry powder+diluent,703918,https://www.moph.gov.lb/en/Drugs/view/2880
2881,J01DE01,CEFIPEX 1000 BENTA,G,"Cefepime (hydrochloride) - 1,000mg","1,000mg",Injectable solution,703918,https://www.moph.gov.lb/en/Drugs/view/2881
2877,J01DE01,CEFIPEX 500 BENTA,G,Cefepime (hydrochloride) - 500mg,500mg,Injectable solution,545216,https://www.moph.gov.lb/en/Drugs/view/2877
2828,J01DD08,CEFIX,G,Cefixime (trihydrate) - 100mg/5ml,100mg/5ml,Powder for suspension,349399,https://www.moph.gov.lb/en/Drugs/view/2828
2833,J01DD08,CEFIX,G,Cefixime (trihydrate) - 100mg/5ml,100mg/5ml,Powder for suspension,700142,https://www.moph.gov.lb/en/Drugs/view/2833
2848,J01DD08,CEFIX,G,Cefixime (trihydrate) - 400mg,400mg,Capsule,791523,https://www.moph.gov.lb/en/Drugs/view/2848
2834,J01DD08,CEFIXIME NEOCEF,G,Cefixime (trihydrate) - 100mg/5ml,100mg/5ml,Suspension,692079,https://www.moph.gov.lb/en/Drugs/view/2834
2849,J01DD08,CEFIXIME NEOCEF,G,Cefixime - 400mg,400mg,"Tablet, coated",1200587,https://www.moph.gov.lb/en/Drugs/view/2849
2824,J01DD07,CEFIZOX,B,Ceftizoxime (sodium) - 1g,1g,Injectable powder for solution,786148,https://www.moph.gov.lb/en/Drugs/view/2824
3004,J01MA02,CEFLOXINE,G,Ciprofloxacin - 400mg/200ml,400mg/200ml,Injectable solution,1134203,https://www.moph.gov.lb/en/Drugs/view/3004
2856,J01DD13,CEFODOX,G,Cefpodoxime (proxetil) - 100mg,100mg,Tablet,434061,https://www.moph.gov.lb/en/Drugs/view/2856
2858,J01DD13,CEFODOX,G,Cefpodoxime (proxetil) - 200mg,200mg,Tablet,851996,https://www.moph.gov.lb/en/Drugs/view/2858
2859,J01DD13,CEFODOX,G,Cefpodoxime (proxetil) - 100mg/5ml,100mg/5ml,Powder for suspension,735082,https://www.moph.gov.lb/en/Drugs/view/2859
2861,J01DD13,CEFODOX,G,Cefpodoxime (proxetil) - 50mg/5ml,50mg/5ml,Powder for suspension,604729,https://www.moph.gov.lb/en/Drugs/view/2861
2760,J01DC02,CEFORA,G,Cefuroxime (axetil) - 500mg,500mg,Tablet,703918,https://www.moph.gov.lb/en/Drugs/view/2760
2773,J01DD01,CEFOTAX,G,Cefotaxime (sodium) - 1g,1g,Injectable lyophilised powder for solution+diluent,217702,https://www.moph.gov.lb/en/Drugs/view/2773
2774,J01DD01,CEFOTAXIME PANPHARMA,G,Cefotaxime (sodium) - 1g,1g,Injectable lyophilised powder for solution,6127922,https://www.moph.gov.lb/en/Drugs/view/2774
2857,J01DD13,CEFPODOXIME ARROW LAB,G,Cefpodoxime (proxetil) - 100mg,100mg,"Tablet, film coated",499909,https://www.moph.gov.lb/en/Drugs/view/2857
2770,J01DC10,CEFPROZ,G,Cefprozil - 500mg,500mg,"Tablet, film coated",1737588,https://www.moph.gov.lb/en/Drugs/view/2770
2771,J01DC10,CEFPROZ 250,G,Cefprozil - 250mg/5ml,250mg/5ml,Powder for suspension,712237,https://www.moph.gov.lb/en/Drugs/view/2771
2772,J01DC10,CEFPROZ 250,G,Cefprozil - 250mg/5ml,250mg/5ml,Powder for suspension,1343843,https://www.moph.gov.lb/en/Drugs/view/2772
2777,J01DD02,CEFTAZIDIME PANPHARMA,G,Ceftazidime (pentahydrate) - 1g,1g,Injectable powder for solution,3300477,https://www.moph.gov.lb/en/Drugs/view/2777
2799,J01DD04,CEFTRIAXONE LDP-LABORATORIOS TORLAN,G,Ceftriaxone - 1g,1g,Injectable powder for solution,3801730,https://www.moph.gov.lb/en/Drugs/view/2799
2800,J01DD04,CEFTRIAXONE PANPHARMA,G,Ceftriaxone (sodium) - 1g,1g,Injectable powder for solution,5933065,https://www.moph.gov.lb/en/Drugs/view/2800
2752,J01DC02,CEFUMAX,G,Cefuroxime (sodium) - 750mg,750mg,Injectable dry powder,159917,https://www.moph.gov.lb/en/Drugs/view/2752
2753,J01DC02,CEFUMAX,G,Cefuroxime (sodium) - 750mg,750mg,Injectable dry powder,415247,https://www.moph.gov.lb/en/Drugs/view/2753
2761,J01DC02,CEFUREX,G,Cefuroxime - 500mg,500mg,Tablet,490503,https://www.moph.gov.lb/en/Drugs/view/2761
2754,J01DC02,CEFUROXIME – PANPHARMAPOUDRE POUR SOLUTION INJ. IM/IV,G,Cefuroxime (sodium) - 750mg,750mg,Injectable dry powder,3922676,https://www.moph.gov.lb/en/Drugs/view/2754
2755,J01DC02,CEFUROXIME – PANPHARMAPOUDRE POUR SOLUTION INJ. IM/IV,G,Cefuroxime (sodium) - 750mg,750mg,Injectable powder for solution,1651582,https://www.moph.gov.lb/en/Drugs/view/2755
2756,J01DC02,CEFUZIME,G,Cefuroxime (sodium) - 750mg,750mg,Injectable dry powder,147823,https://www.moph.gov.lb/en/Drugs/view/2756
2762,J01DC02,CEFUZIME,G,Cefuroxime (axetil) - 500mg,500mg,"Tablet, film coated",490503,https://www.moph.gov.lb/en/Drugs/view/2762
4185,M01AH01,CELEBREX,B,Celecoxib - 200mg,200mg,Capsule,1126140,https://www.moph.gov.lb/en/Drugs/view/4185
4186,M01AH01,CELECOXIB ARROW LAB,G,Celecoxib - 200mg,200mg,Capsule,561726,https://www.moph.gov.lb/en/Drugs/view/4186
4184,M01AH01,CELECOXIB BIOGARAN,G,Celecoxib - 100mg,100mg,Capsule,318491,https://www.moph.gov.lb/en/Drugs/view/4184
4187,M01AH01,CELECOXIB BIOGARAN,G,Celecoxib - 200mg,200mg,Capsule,638325,https://www.moph.gov.lb/en/Drugs/view/4187
3584,L01EJ01,CELEZON,G,Ruxolitinib - 5mg,5mg,Tablet,95532998,https://www.moph.gov.lb/en/Drugs/view/3584
3586,L01EJ01,CELEZON,G,Ruxolitinib - 15mg,15mg,Tablet,188515591,https://www.moph.gov.lb/en/Drugs/view/3586
3588,L01EJ01,CELEZON,G,Ruxolitinib - 20mg,20mg,Tablet,188515591,https://www.moph.gov.lb/en/Drugs/view/3588
5759,L01EJ01,CELEZON,G,Ruxolitinib - 5mg,5mg,Tablet,,https://www.moph.gov.lb/en/Drugs/view/5759
5760,L01EJ01,CELEZON,G,Ruxolitinib - 15mg,15mg,Tablet,,https://www.moph.gov.lb/en/Drugs/view/5760
5761,L01EJ01,CELEZON,G,Ruxolitinib - 20mg,20mg,Tablet,,https://www.moph.gov.lb/en/Drugs/view/5761
2911,J01DH51,CELLABAXIN,G,"Imipenem (monohydrate) - 500mg, Cilastatin (sodium) - 500mg",,Injectable solution,10699559,https://www.moph.gov.lb/en/Drugs/view/2911
3861,L04AA06,CELLCEPT,B,Mycophenolate mofetil - 250mg,250mg,Capsule,6083575,https://www.moph.gov.lb/en/Drugs/view/3861
3862,L04AA06,CELLCEPT,B,Mycophenolate mofetil - 500mg,500mg,Tablet,6083575,https://www.moph.gov.lb/en/Drugs/view/3862
3417,L01CA02,CELLCRISTIN,G,Vincristine sulfate - 1mg/ml,1mg/ml,Injectable solution,1443287,https://www.moph.gov.lb/en/Drugs/view/3417
3486,L01EA01,CEMIVIL,G,Imatinib - 400mg,400mg,"Tablet, film coated",39916303,https://www.moph.gov.lb/en/Drugs/view/3486
3496,L01EA01,CEMIVIL,G,Imatinib - 100mg,100mg,"Tablet, film coated",12763090,https://www.moph.gov.lb/en/Drugs/view/3496
802,B01AD12,CEPROTIN,BioHuman,Protein C Human - 500IU,500IU,Injectable powder for solution+diluent,86314057,https://www.moph.gov.lb/en/Drugs/view/802
803,B01AD12,CEPROTIN,BioHuman,Protein C Human - 1000IU,1000IU,Injectable powder for solution+diluent,172581517,https://www.moph.gov.lb/en/Drugs/view/803
2332,G03AC09,CERAZETTE,B,Desogestrel - 75mcg,75mcg,"Tablet, film coated",407184,https://www.moph.gov.lb/en/Drugs/view/2332
5121,N07X,CEREBROLYSIN,G,Cerebrolysin - 215.2mg/ml,215.2mg/ml,Injectable concentrated solution,2303346,https://www.moph.gov.lb/en/Drugs/view/5121
5122,N07X,CEREBROLYSIN,G,Cerebrolysin - 215.2mg/ml,215.2mg/ml,Injectable concentrated solution,3886393,https://www.moph.gov.lb/en/Drugs/view/5122
709,A16AB02,CEREZYME,B,Imiglucerase - 400IU,400IU,Injectable lyophilised powder for solution,128412818,https://www.moph.gov.lb/en/Drugs/view/709
5814,A16AB02,CEREZYME,B,Imiglucerase - 400IU,400IU,Injectable lyophilised powder for solution,,https://www.moph.gov.lb/en/Drugs/view/5814
5043,N06BX06,CEROLINE,G,Citicoline - 100mg/ml,100mg/ml,Solution,894615,https://www.moph.gov.lb/en/Drugs/view/5043
3873,L04AA18,CERTICAN,B,Everolimus - 0.5mg,0.5mg,Tablet,13078816,https://www.moph.gov.lb/en/Drugs/view/3873
3874,L04AA18,CERTICAN,B,Everolimus - 0.75mg,0.75mg,Tablet,19546174,https://www.moph.gov.lb/en/Drugs/view/3874
5773,L04AA18,CERTICAN,B,Everolimus - 0.5mg,0.5mg,Tablet,,https://www.moph.gov.lb/en/Drugs/view/5773
5774,L04AA18,CERTICAN,B,Everolimus - 0.75mg,0.75mg,Tablet,,https://www.moph.gov.lb/en/Drugs/view/5774
3478,L01DB02,CERUBIDINE,B,Daunorubicin (HCl) - 20mg,20mg,Injectable powder for solution,10943137,https://www.moph.gov.lb/en/Drugs/view/3478
5654,S02D,CERULYSE,B,Xylene - 5g/100g,5g/100g,Drops solution,339992,https://www.moph.gov.lb/en/Drugs/view/5654
757,B01AC04,CERUVIN,G,Clopidogrel (Bisulfate) - 75mg,75mg,Tablet,240548,https://www.moph.gov.lb/en/Drugs/view/757
5453,R06AE07,CETALLERG,G,Cetirizine (dihydrochloride) - 10mg,10mg,"Tablet, film coated",180075,https://www.moph.gov.lb/en/Drugs/view/5453
5454,R06AE07,CETIMED,G,Cetirizine (dihydrochloride) - 10mg,10mg,"Tablet, scored",360918,https://www.moph.gov.lb/en/Drugs/view/5454
5461,R06AE07,CETIMED,G,Cetirizine (dihydrochloride) - 5mg/5ml,5mg/5ml,Solution,415951,https://www.moph.gov.lb/en/Drugs/view/5461
5455,R06AE07,CETRAK,G,Cetirizine (dihydrochloride) - 10mg,10mg,Tablet,147823,https://www.moph.gov.lb/en/Drugs/view/5455
5456,R06AE07,CETRAK,G,Cetirizine (dihydrochloride) - 10mg,10mg,Tablet,806306,https://www.moph.gov.lb/en/Drugs/view/5456
5644,S02AA15,CETRAXAL OTICO,G,Ciprofloxacine (HCl) - 3mg/ml,3mg/ml,Drops,821088,https://www.moph.gov.lb/en/Drugs/view/5644
5650,S02CA05,CETRAXAL PLUS,G,"Ciprofloxacine HCl monohydrate - 3mg/ml, Fluocinolone acetonide - 0.25mg/ml",,Drops solution,795555,https://www.moph.gov.lb/en/Drugs/view/5650
2552,H01CC02,CETROTIDE,B,Cetrorelix (acetate) - 0.25mg,0.25mg,Injectable lyophilised powder for solution+diluent,3420079,https://www.moph.gov.lb/en/Drugs/view/2552
2553,H01CC02,CETROTIDE,B,Cetrorelix (acetate) - 0.25mg,0.25mg,Injectable lyophilised powder for solution+diluent,21354452,https://www.moph.gov.lb/en/Drugs/view/2553
2554,H01CC02,CETROTIDE,B,Cetrorelix (acetate) - 0.25mg,0.25mg,Injectable lyophilised powder for solution+diluent,21354452,https://www.moph.gov.lb/en/Drugs/view/2554
2555,H01CC02,CETROTIDE,B,Cetrorelix (acetate) - 0.25mg,0.25mg,Injectable lyophilised powder for solution+diluent,3420079,https://www.moph.gov.lb/en/Drugs/view/2555
2975,J01GB06,CHEMACIN,G,Amikacin (sulfate) - 500mg/2ml,500mg/2ml,Injectable solution,1679803,https://www.moph.gov.lb/en/Drugs/view/2975
4133,M01AE01,CHILDREN'S ADVIL,B,Ibuprofen - 100mg/5ml,100mg/5ml,Suspension,370901,https://www.moph.gov.lb/en/Drugs/view/4133
4491,N02BE01,CHILDREN'S PANADOL 5-12 YEARS,B,Paracetamol - 240mg/5ml,240mg/5ml,Elixir,356118,https://www.moph.gov.lb/en/Drugs/view/4491
2647,J01BA01,CHLORAMPHENICOL,G,Chloramphenicol - 250mg,250mg,Capsule,166381,https://www.moph.gov.lb/en/Drugs/view/2647
2646,J01BA01,CHLORAMPHENICOL PALMITATE,G,Chloramphenicol (palmitate) - 125mg/5ml,125mg/5ml,Suspension,159981,https://www.moph.gov.lb/en/Drugs/view/2646
5229,R02A,CHLORASEPTIC TOTAL SORE THROAT + COUGH LOZENGES WILD CHERRY,G,"Benzocaine - 6mg, Dextromethorphan - 5mg, Menthol - 10mg",,Lozenge,537537,https://www.moph.gov.lb/en/Drugs/view/5229
4365,N01BB02,CHLORHYDRATE DE LIDOCAINE RENAUDIN,G,Lidocaine (HCl) - 10mg/ml,1%,Injectable solution,591291,https://www.moph.gov.lb/en/Drugs/view/4365
186,A03FA01,CHLORHYDRATE DE METOCLOPRAMIDE RENAUDIN,G,Metoclopramide HCl - 10mg/2ml,10mg/2ml,Injectable solution,530818,https://www.moph.gov.lb/en/Drugs/view/186
4394,N02AA01,CHLORHYDRATE DE MORPHINE RENAUDIN,G,Morphine  HCl - 20mg/ml,20mg/ml,Injectable solution,1100607,https://www.moph.gov.lb/en/Drugs/view/4394
4744,N05AA01,CHLORPROMAZINE,G,Chlorpromazine HCl - 100mg,100mg,Tablet,529858,https://www.moph.gov.lb/en/Drugs/view/4744
4745,N05AA01,CHLORPROMAZINE,G,Chlorpromazine HCl - 100mg,100mg,Tablet,8719720,https://www.moph.gov.lb/en/Drugs/view/4745
4746,N05AA01,CHLORPROMAZINE,G,Chlorpromazine HCl - 50mg,50mg,Tablet,332761,https://www.moph.gov.lb/en/Drugs/view/4746
1182,B05XA01,CHLORURE DE POTASSIUM PROAMP,G,Potassium chloride - 0.0746g/ml,0.0746g/ml,Injectable concentrated solution,1444631,https://www.moph.gov.lb/en/Drugs/view/1182
1183,B05XA01,CHLORURE DE POTASSIUM RENAUDIN,G,Potassium chloride - 7.46g/100ml,7.46%,Injectable solution,385683,https://www.moph.gov.lb/en/Drugs/view/1183
1186,B05XA01,CHLORURE DE POTASSIUM RENAUDIN,G,Potassium chloride - 10g/100ml,10g/100ml,Injectable solution,360150,https://www.moph.gov.lb/en/Drugs/view/1186
1203,B05XA03,CHLORURE DE SODIUM 0.9 pour cent Renaudin,G,Sodium chloride - 0.9%,0.9%,Injectable solution,385683,https://www.moph.gov.lb/en/Drugs/view/1203
1204,B05XA03,CHLORURE DE SODIUM PROAMP,G,Sodium chloride - 0.9%,0.9%,Injectable solution,1104639,https://www.moph.gov.lb/en/Drugs/view/1204
1205,B05XA03,CHLORURE DE SODIUM PROAMP,G,Sodium chloride - 0.9%,0.9%,Injectable solution,705517,https://www.moph.gov.lb/en/Drugs/view/1205
646,A11CC05,CHOLECALCIFEROL BIOGARAN,G,"Vitamin D3 - 100,000UI/2ml","100,000UI",Solution,115570,https://www.moph.gov.lb/en/Drugs/view/646
2000,C10BA04,CHOLIB,B,"Fenofibrate - 145mg, Simvastatin - 20mg",,"Tablet, film coated",1251117,https://www.moph.gov.lb/en/Drugs/view/2000
2001,C10BA04,CHOLIB,B,"Fenofibrate - 145mg, Simvastatin - 40mg",,"Tablet, film coated",1358625,https://www.moph.gov.lb/en/Drugs/view/2001
2375,G03GA01,CHORIOMON,BioHuman,"Human Chorionic Gonadotrophin - 5,000IU","5,000IU",Injectable lyophilised powder for solution+diluent,6306653,https://www.moph.gov.lb/en/Drugs/view/2375
689,A12AA04,CI-CAL,B,Calcium citrate - 250mg,250mg,Tablet,694767,https://www.moph.gov.lb/en/Drugs/view/689
695,A12AX,CI-CAL+D,B,"Calcium citrate - 250mg, Vitamin D3 - 125IU",,Tablet,796899,https://www.moph.gov.lb/en/Drugs/view/695
696,A12AX,CI-CAL+D,B,"Calcium citrate - 250mg, Vitamin D3 - 1,000IU",,Tablet,1118077,https://www.moph.gov.lb/en/Drugs/view/696
697,A12AX,CI-CAL+D,B,"Calcium citrate - 250mg, Vitamin D3 - 800IU",,"Tablet, chewable",804962,https://www.moph.gov.lb/en/Drugs/view/697
2445,G04BE08,CIALIS,B,Tadalafil - 20mg,20mg,"Tablet, film coated",3101588,https://www.moph.gov.lb/en/Drugs/view/2445
2461,G04BE08,CIALIS,B,Tadalafil - 5mg,5mg,"Tablet, film coated",6512261,https://www.moph.gov.lb/en/Drugs/view/2461
5614,S01FA04,CICLOPLEGICEDOL,G,Cyclopentolate HCl - 10mg/ml,10mg/ml,Drops solution,459594,https://www.moph.gov.lb/en/Drugs/view/5614
3564,L01EF01,CIDAKOG 125,G,Palbociclib - 125mg,125mg,Capsule,36772418,https://www.moph.gov.lb/en/Drugs/view/3564
2983,J01MA02,CIFLOSIN,G,Ciprofloxacin - 500mg,500mg,"Tablet, film coated",327898,https://www.moph.gov.lb/en/Drugs/view/2983
2912,J01DH51,CILANEM,G,"Imipenem anhydrous - 500mg, Cilastatin (sodium) - 500mg",,Injectable solution,850652,https://www.moph.gov.lb/en/Drugs/view/2912
5544,S01AE03,CILOXAN,B,Ciprofloxacine (HCl) - 3mg/ml,3mg/ml,Drops solution,348055,https://www.moph.gov.lb/en/Drugs/view/5544
2623,H05BX01,CINACALCET ARROW,BioTech,Cinacalcet - 30mg,30mg,"Tablet, coated",8768039,https://www.moph.gov.lb/en/Drugs/view/2623
2624,H05BX01,CINACALCET ARROW,BioTech,Cinacalcet - 90mg,90mg,"Tablet, coated, scored",22062995,https://www.moph.gov.lb/en/Drugs/view/2624
2625,H05BX01,CINACALCET ARROW,BioTech,Cinacalcet - 60mg,60mg,"Tablet, coated, scored",16494074,https://www.moph.gov.lb/en/Drugs/view/2625
5903,H05BX01,CINACALCET ARROW,BioTech,Cinacalcet - 30mg,30mg,"Tablet, coated",,https://www.moph.gov.lb/en/Drugs/view/5903
5904,H05BX01,CINACALCET ARROW,BioTech,Cinacalcet - 60mg,60mg,"Tablet, coated, scored",,https://www.moph.gov.lb/en/Drugs/view/5904
5118,N07CA02,CINARIN,G,Cinnarizine - 75mg,75mg,Capsule,490183,https://www.moph.gov.lb/en/Drugs/view/5118
209,A03FA08,CINITREX,G,Cinitapride - 1mg,1mg,Tablet,636981,https://www.moph.gov.lb/en/Drugs/view/209
2387,G03GA05,CINNAL-f,BioHuman,Follitropin alfa - 900IU/1.5ml,900IU/1.5ml,Injectable solution,14826544,https://www.moph.gov.lb/en/Drugs/view/2387
2389,G03GA05,CINNAL-f,BioHuman,Follitropin alfa - 450IU/0.75ml,450IU/0.75ml,Injectable solution,7372177,https://www.moph.gov.lb/en/Drugs/view/2389
5119,N07CA02,CINNARIZINE,G,Cinnarizine - 75mg,75mg,Capsule,386515,https://www.moph.gov.lb/en/Drugs/view/5119
2527,H01AC01,CINNATROPIN,BioTech,Somatropin recombinant - 5mg/1.5ml,5mg/1.5ml,Injectable solution,4699417,https://www.moph.gov.lb/en/Drugs/view/2527
2532,H01AC01,CINNATROPIN,BioTech,Somatropin recombinant - 10mg/1.5ml,10mg/1.5ml,Injectable solution,9012607,https://www.moph.gov.lb/en/Drugs/view/2532
5884,H01AC01,CINNATROPIN,BioTech,Somatropin recombinant - 10mg/1.5ml,10mg/1.5ml,Injectable solution,,https://www.moph.gov.lb/en/Drugs/view/5884
2618,H05AA02,CINNOPAR,BioTech,Teriparatide - 250mcg/ml,250mcg/ml,Injectable solution,15275833,https://www.moph.gov.lb/en/Drugs/view/2618
3940,L04AB04,CINNORA,BioTech,Adalimumab - 40mg/0.8ml,40mg/0.8ml,Injectable solution,14817734,https://www.moph.gov.lb/en/Drugs/view/3940
3849,L03AB07,CINNOVEX,BioTech,Interferon beta-1a - 30mcg,30mcg,Injectable solution,39804728,https://www.moph.gov.lb/en/Drugs/view/3849
3710,L01XA01,CIPINTU,G,Cisplatin - 50mg/50ml,50mg/50ml,Injectable concentrated solution,1206771,https://www.moph.gov.lb/en/Drugs/view/3710
5909,L01XA01,CIPINTU,G,Cisplatin - 50mg/50ml,50mg/50ml,Injectable concentrated solution,,https://www.moph.gov.lb/en/Drugs/view/5909
4962,N06AB10,CIPRALEX,B,Escitalopram (oxalate) - 10mg,10mg,"Tablet, film coated",1548107,https://www.moph.gov.lb/en/Drugs/view/4962
4973,N06AB10,CIPRALEX,B,Escitalopram (oxalate) - 15mg,15mg,"Tablet, film coated",2378601,https://www.moph.gov.lb/en/Drugs/view/4973
4935,N06AB04,CIPRAM,B,Citalopram - 20mg,20mg,Tablet,2280501,https://www.moph.gov.lb/en/Drugs/view/4935
2984,J01MA02,CIPRO,G,Ciprofloxacin - 500mg,500mg,"Tablet, film coated",436749,https://www.moph.gov.lb/en/Drugs/view/2984
2985,J01MA02,CIPRO MEDIS 500,G,Ciprofloxacin - 500mg,500mg,"Tablet, coated",479752,https://www.moph.gov.lb/en/Drugs/view/2985
2981,J01MA02,CIPROBAY,B,Ciprofloxacine (HCl) - 500mg,500mg,"Tablet, film coated",654451,https://www.moph.gov.lb/en/Drugs/view/2981
2986,J01MA02,CIPROCIN,G,Ciprofloxacine (HCl) - 500mg,500mg,"Tablet, film-scored",240548,https://www.moph.gov.lb/en/Drugs/view/2986
2987,J01MA02,CIPRODAR,G,Ciprofloxacine (HCl) - 500mg,500mg,"Tablet, film coated",392402,https://www.moph.gov.lb/en/Drugs/view/2987
2988,J01MA02,CIPROFAR,G,Ciprofloxacine (HCl) - 500mg,500mg,"Tablet, film-scored",241892,https://www.moph.gov.lb/en/Drugs/view/2988
2996,J01MA02,CIPROFLOXACINE PANPHARMA,G,Ciprofloxacine (HCl) - 200mg/100ml,200mg/100ml,Injectable solution,5120040,https://www.moph.gov.lb/en/Drugs/view/2996
2997,J01MA02,CIPROFLOXACINE PANPHARMA,G,Ciprofloxacine (HCl) - 200mg/100ml,200mg/100ml,Injectable solution,5120040,https://www.moph.gov.lb/en/Drugs/view/2997
2998,J01MA02,CIPROFLOXACINE PANPHARMA,G,Ciprofloxacin - 200mg/100ml,200mg/100ml,Injectable solution,4914432,https://www.moph.gov.lb/en/Drugs/view/2998
3005,J01MA02,CIPROFLOXACINE PANPHARMA,G,Ciprofloxacine (HCl) - 400mg/200ml,400mg/200ml (2mg/ml),Injectable solution,9908924,https://www.moph.gov.lb/en/Drugs/view/3005
3006,J01MA02,CIPROFLOXACINE PANPHARMA,G,Ciprofloxacine (HCl) - 400mg/200ml,400mg/200ml,Injectable solution,9908924,https://www.moph.gov.lb/en/Drugs/view/3006
2999,J01MA02,CIPROLON 200,G,Ciprofloxacin (lactate) - 200mg/100ml,200mg/100ml,Injectable solution,686704,https://www.moph.gov.lb/en/Drugs/view/2999
2989,J01MA02,CIPROLON 500,G,Ciprofloxacine (HCl) - 500mg,500mg,"Tablet, film coated",295645,https://www.moph.gov.lb/en/Drugs/view/2989
2990,J01MA02,CIPROMAX,G,Ciprofloxacine (HCl) - 500mg,500mg,"Tablet, film coated",392402,https://www.moph.gov.lb/en/Drugs/view/2990
2991,J01MA02,CIPROMID,G,Ciprofloxacine (HCl) - 500mg,500mg,"Tablet, film coated",331929,https://www.moph.gov.lb/en/Drugs/view/2991
2992,J01MA02,CIPROPHARM,G,Ciprofloxacine (HCl) - 500mg,500mg,"Tablet, film-scored",354774,https://www.moph.gov.lb/en/Drugs/view/2992
3000,J01MA02,CIPROX,G,Ciprofloxacine (lactate) - 200mg/100ml,0.2%w/v,Injectable solution,520067,https://www.moph.gov.lb/en/Drugs/view/3000
3709,L01XA01,CISPLATINE VIATRIS 1MG/ML,G,Cisplatin - 10mg/10ml,10mg/10ml,Injectable concentrated solution,412655,https://www.moph.gov.lb/en/Drugs/view/3709
3711,L01XA01,CISPLATINE VIATRIS 1MG/ML,G,Cisplatin - 50mg/50ml,50mg/50ml,Injectable concentrated solution,1179655,https://www.moph.gov.lb/en/Drugs/view/3711
4964,N06AB10,CITOLES,G,Escitalopram (oxalate) - 10mg,10mg,"Tablet, film coated",511940,https://www.moph.gov.lb/en/Drugs/view/4964
4965,N06AB10,CITOXAL,G,Escitalopram (oxalate) - 10mg,10mg,"Tablet, film coated",1410395,https://www.moph.gov.lb/en/Drugs/view/4965
4974,N06AB10,CITOXAL,G,Escitalopram (oxalate) - 15mg,15mg,"Tablet, film coated",2166786,https://www.moph.gov.lb/en/Drugs/view/4974
4979,N06AB10,CITOXAL,G,Escitalopram (oxalate) - 20mg,20mg,"Tablet, film coated",2559700,https://www.moph.gov.lb/en/Drugs/view/4979
4984,N06AB10,CITOXAL,G,Escitalopram (oxalate) - 5mg,5mg,"Tablet, film coated",895895,https://www.moph.gov.lb/en/Drugs/view/4984
274,A06AB58,CITRAFLEET,G,"Sodium picosulfate - 10mg/sachet, Magnesium oxide (light) - 3.5g/sachet, Citric acid (anhydrous) - 10.97g/sachet, Potassium - 195mg/sachet",,Powder for solution,1191988,https://www.moph.gov.lb/en/Drugs/view/274
2118,D06BB03,CIVAR,G,Aciclovir - 5%,5%,Cream,507972,https://www.moph.gov.lb/en/Drugs/view/2118
3369,L01BB04,CLADRIXA,G,Cladribine - 10mg,10mg,Tablet,103548703,https://www.moph.gov.lb/en/Drugs/view/3369
2775,J01DD01,CLAFOCARE,G,Cefotaxime (sodium) - 1g,1g,Injectable powder for solution,8031731,https://www.moph.gov.lb/en/Drugs/view/2775
5784,J06BA02,CLAIRYG,BioHuman,Human normal immunoglobulin G - 50mg/ml,5g/100ml,Injectable solution,,https://www.moph.gov.lb/en/Drugs/view/5784
3228,J06BA02,CLAIRYG,BioHuman,Human normal immunoglobulin G - 50mg/ml,5g/100ml,Injectable solution,42296819,https://www.moph.gov.lb/en/Drugs/view/3228
3237,J06BA02,CLAIRYG,BioHuman,Human normal immunoglobulin G - 50mg/ml,10g/200ml,Injectable solution,77418284,https://www.moph.gov.lb/en/Drugs/view/3237
2927,J01FA09,CLAMYCIN,G,Clarithromycin - 250mg,250mg,"Tablet, film coated",641205,https://www.moph.gov.lb/en/Drugs/view/2927
5486,R06AX13,CLARA,G,Loratadine (micronised) - 10mg,10mg,Tablet,131697,https://www.moph.gov.lb/en/Drugs/view/5486
5490,R06AX13,CLARA,G,Loratadine (micronised) - 5mg/5ml,5mg/5ml,Syrup,215015,https://www.moph.gov.lb/en/Drugs/view/5490
2928,J01FA09,CLAREM 250,G,Clarithromycin - 250mg,250mg,"Tablet, film coated",467657,https://www.moph.gov.lb/en/Drugs/view/2928
2931,J01FA09,CLAREM 500,G,Clarithromycin - 500mg,500mg,"Tablet, film coated",686704,https://www.moph.gov.lb/en/Drugs/view/2931
5471,R06AX,CLARINASE,B,"Loratadine - 5mg, Pseudoephedrine sulfate - 120mg",,"Tablet, repetab",446156,https://www.moph.gov.lb/en/Drugs/view/5471
5483,R06AX13,CLARITINE,B,Loratadine (micronised) - 10mg,10mg,Tablet,219046,https://www.moph.gov.lb/en/Drugs/view/5483
5484,R06AX13,CLARITINE,B,Loratadine (micronised) - 10mg,10mg,Tablet,618168,https://www.moph.gov.lb/en/Drugs/view/5484
5489,R06AX13,CLARITINE,B,Loratadine (micronised) - 5mg/5ml,5mg/5ml,Syrup,430030,https://www.moph.gov.lb/en/Drugs/view/5489
3370,L01BB04,CLAVANCE,G,Cladribine - 10mg,10mg,Tablet,140170428,https://www.moph.gov.lb/en/Drugs/view/3370
2686,J01CR02,CLAVODIS,G,"Amoxicillin (trihydrate) - 400mg/5ml, Clavulanic Acid (potassium) - 57mg/5ml",,Powder for suspension,472265,https://www.moph.gov.lb/en/Drugs/view/2686
2695,J01CR02,CLAVODIS,G,"Amoxicillin (trihydrate) - 600mg/5ml, Clavulanic Acid (potassium) - 42.9mg/5ml",,Powder for suspension,719276,https://www.moph.gov.lb/en/Drugs/view/2695
2710,J01CR02,CLAVODIS,G,"Amoxicillin (trihydrate) - 875mg, Clavulanic Acid (potassium) - 125mg",,"Tablet, film coated",627127,https://www.moph.gov.lb/en/Drugs/view/2710
5282,R03BA01,CLENIL 250 MCG SPRAY,B,Beclometasone dipropionate - 250mcg/actuation,250mcg/actuation,Inhalation solution,873498,https://www.moph.gov.lb/en/Drugs/view/5282
2279,G01AA10,CLINDAMYCIN,G,Clindamycin - 100mg,100mg,Ovule,712876,https://www.moph.gov.lb/en/Drugs/view/2279
2967,J01FF01,CLINDAMYCIN VIANEX BA FREE,G,Clindamycin (phosphate) - 600mg/4ml,600mg/4ml,Injectable solution,201576,https://www.moph.gov.lb/en/Drugs/view/2967
2214,D10AF01,CLINIDERM,G,Clindamycin (phosphate) - 1%,1%,Gel,712876,https://www.moph.gov.lb/en/Drugs/view/2214
2205,D10AD51,CLINIDERM T,G,"Tretinoin - 0.025%, Clindamycin (phosphate) - 1%",,Gel,801186,https://www.moph.gov.lb/en/Drugs/view/2205
2207,D10AD51,CLINIDERM T,G,"Tretinoin - 0.05%, Clindamycin (phosphate) - 1%",,Gel,890776,https://www.moph.gov.lb/en/Drugs/view/2207
4204,M01AH05,CLINTON,G,Etoricoxib - 90mg,90mg,"Tablet, film coated",353431,https://www.moph.gov.lb/en/Drugs/view/4204
4205,M01AH05,CLINTON,G,Etoricoxib - 90mg,90mg,"Tablet, film coated",1062979,https://www.moph.gov.lb/en/Drugs/view/4205
4214,M01AH05,CLINTON,G,Etoricoxib - 120mg,120mg,"Tablet, film coated",288926,https://www.moph.gov.lb/en/Drugs/view/4214
2156,D07AD01,CLOBEVAT,G,Clobetasol (propionate) - 0.05%,0.05%,Cream,302045,https://www.moph.gov.lb/en/Drugs/view/2156
2161,D07AD01,CLOBEVAT,G,Clobetasol (propionate) - 0.05%,0.05%,Ointment,302045,https://www.moph.gov.lb/en/Drugs/view/2161
758,B01AC04,CLODOR,G,Clopidogrel (Bisulfate) - 75mg,75mg,Tablet,1148025,https://www.moph.gov.lb/en/Drugs/view/758
4230,M02AA15,CLOFEN,G,Diclofenac sodium (diethylamine) - 10mg/g,1%,Creamagel,206952,https://www.moph.gov.lb/en/Drugs/view/4230
4077,M01AB05,CLOFEN,G,Diclofenac sodium - 75mg/3ml,75mg/3ml,Injectable solution,299677,https://www.moph.gov.lb/en/Drugs/view/4077
2398,G03GB02,CLOMID,B,Clomifene citrate - 50mg,50mg,Tablet,274144,https://www.moph.gov.lb/en/Drugs/view/2398
2399,G03GB02,CLOMIFERT,G,Clomifene citrate - 50mg,50mg,Tablet,395090,https://www.moph.gov.lb/en/Drugs/view/2399
2400,G03GB02,CLOMIFERT,G,Clomifene citrate - 50mg,50mg,Tablet,395090,https://www.moph.gov.lb/en/Drugs/view/2400
759,B01AC04,CLOPI TAD,G,Clopidogrel (Bisulfate) - 75mg,75mg,"Tablet, film coated",911125,https://www.moph.gov.lb/en/Drugs/view/759
760,B01AC04,CLOPIDOGREL ARROW,G,Clopidogrel besylate - 75mg,75mg,"Tablet, film coated",658483,https://www.moph.gov.lb/en/Drugs/view/760
761,B01AC04,CLOPIKEY,G,Clopidogrel (Bisulfate) - 75mg,75mg,Tablet,748520,https://www.moph.gov.lb/en/Drugs/view/761
762,B01AC04,CLOPISTOP,G,Clopidogrel - 75mg,75mg,"Tablet, film coated",1081473,https://www.moph.gov.lb/en/Drugs/view/762
4760,N05AF05,CLOPIXOL ACUPHASE,B,Zuclopenthixol acetate - 100mg/2ml,100mg/2ml,Injectable solution,857372,https://www.moph.gov.lb/en/Drugs/view/4760
4759,N05AF05,CLOPIXOL DEPOT,B,Zuclopenthixol decanoate - 200mg/ml,200mg/ml,Injectable solution,512004,https://www.moph.gov.lb/en/Drugs/view/4759
2766,J01DC04,CLORACEF FORTE,G,Cefaclor (monohydrate) - 250mg/5ml,250mg/5ml,Powder for suspension,432717,https://www.moph.gov.lb/en/Drugs/view/2766
4088,M01AB05,CLOREN,G,Diclofenac sodium - 12.5mg,12.5mg,Suppository,353239,https://www.moph.gov.lb/en/Drugs/view/4088
4074,M01AB05,CLOREN ADULTS,G,Diclofenac sodium - 100mg,100mg,Suppository,598970,https://www.moph.gov.lb/en/Drugs/view/4074
2290,G01AF02,CLOTRIMAX,G,"Clindamycin - 100mg, Clotrimazole - 200mg",,Suppository,799906,https://www.moph.gov.lb/en/Drugs/view/2290
763,B01AC04,CLOTRIX 75,G,Clopidogrel (hydrogenosulfate) - 75mg,75mg,"Tablet, film coated",958608,https://www.moph.gov.lb/en/Drugs/view/763
764,B01AC04,CLOTRIX 75,G,Clopidogrel (hydrogenosulfate) - 75mg,75mg,"Tablet, film coated",895895,https://www.moph.gov.lb/en/Drugs/view/764
4763,N05AH02,CLOZAPINE PANPHARMA,G,Clozapine - 100mg,100mg,"Tablet, scored",808993,https://www.moph.gov.lb/en/Drugs/view/4763
1739,C09DA04,CO APROVEL,B,"Irbesartan - 150mg, Hydrochlorothiazide - 12.5mg",,"Tablet, film coated",658483,https://www.moph.gov.lb/en/Drugs/view/1739
1740,C09DA04,CO APROVEL,B,"Irbesartan - 150mg, Hydrochlorothiazide - 12.5mg",,"Tablet, film coated",658483,https://www.moph.gov.lb/en/Drugs/view/1740
1746,C09DA04,CO APROVEL,B,"Irbesartan - 300mg, Hydrochlorothiazide - 12.5mg",,"Tablet, film coated",658483,https://www.moph.gov.lb/en/Drugs/view/1746
1747,C09DA04,CO APROVEL,B,"Irbesartan - 300mg, Hydrochlorothiazide - 12.5mg",,"Tablet, film coated",658483,https://www.moph.gov.lb/en/Drugs/view/1747
1732,C09DA03,CO-ANGINET,G,"Valsartan - 160mg, Hydrochlorothiazide - 12.5mg",,"Tablet, film coated",544256,https://www.moph.gov.lb/en/Drugs/view/1732
5565,S01CA01,CO-AVAZIR,G,"Tobramycin - 0.3%, Dexamethasone - 0.1%",,Drops suspension,193513,https://www.moph.gov.lb/en/Drugs/view/5565
1728,C09DA03,CO-DIOVAN,B,"Valsartan - 80mg, Hydrochlorothiazide - 12.5mg",,"Tablet, film coated",602041,https://www.moph.gov.lb/en/Drugs/view/1728
1730,C09DA03,CO-DIOVAN,B,"Valsartan - 160mg, Hydrochlorothiazide - 12.5mg",,"Tablet, film coated",846621,https://www.moph.gov.lb/en/Drugs/view/1730
1736,C09DA03,CO-DIOVAN,B,"Valsartan - 160mg, Hydrochlorothiazide - 25mg",,"Tablet, film coated",901718,https://www.moph.gov.lb/en/Drugs/view/1736
1733,C09DA03,CO-TABUVAN,G,"Valsartan - 160mg, Hydrochlorothiazide - 12.5mg",,"Tablet, film coated",544256,https://www.moph.gov.lb/en/Drugs/view/1733
2923,J01EE01,CO-TRIMOXAZOLE,G,"Trimethoprim - 160mg, Sulfamethoxazole - 800mg",,Tablet,7529090,https://www.moph.gov.lb/en/Drugs/view/2923
2924,J01EE01,CO-TRIMOXAZOLE,G,"Trimethoprim - 160mg, Sulfamethoxazole - 800mg",,Tablet,183019,https://www.moph.gov.lb/en/Drugs/view/2924
920,B03BA01,COBAL,G,Vitamin B12 - 500mcg,500mcg,"Tablet, coated",486471,https://www.moph.gov.lb/en/Drugs/view/920
923,B03BA05,COBAL,G,Mecobalamine - 500mcg/ml,500mcg/ml,Injectable solution,1128828,https://www.moph.gov.lb/en/Drugs/view/923
5451,R06AD52,CODOPALM,G,"Promethazine HCl - 5mg/5ml, Sodium gentisate - 0.5mg/5ml",,Syrup,149742,https://www.moph.gov.lb/en/Drugs/view/5451
5423,R05X,CODOPALM EXPECTORANT,G,"Ipeca Tincture - 3mg, Promethazine HCl - 100mg, Potassium guaiacosulfonate - 0.9g",,Syrup,153582,https://www.moph.gov.lb/en/Drugs/view/5423
5424,R05X,CODOPALM EXPECTORANT,G,"Ipeca Tincture - 3mg, Promethazine HCl - 100mg, Potassium guaiacosulfonate - 0.9g",,Syrup,291806,https://www.moph.gov.lb/en/Drugs/view/5424
5414,R05X,COFEX,G,"Paracetamol - 33.3mg/5ml, Guaifenesin - 33.3mg/5ml, Oxomemazine HCl - 1.65mg/5ml",,Syrup,154542,https://www.moph.gov.lb/en/Drugs/view/5414
4303,M04AC01,COLCHICINE BENTA,G,Colchicine - 1mg,1mg,"Tablet, film coated",332761,https://www.moph.gov.lb/en/Drugs/view/4303
4302,M04AC01,COLCHICINE OPOCALCIUM,B,Colchicine - 1mg,1mg,"Tablet, scored",284895,https://www.moph.gov.lb/en/Drugs/view/4302
4304,M04AC01,COLCHICINE SEID,G,Colchicine - 1mg,1mg,Tablet,382995,https://www.moph.gov.lb/en/Drugs/view/4304
5419,R05X,COLD-MED,G,"Caffeine - 30mg, Noscapine - 10mg, Pseudoephedrine HCl - 30mg, Pyrilamine Maleate (Mepyramine) - 15mg, Paracetamol - 300mg",,Capsule,386515,https://www.moph.gov.lb/en/Drugs/view/5419
5421,R05X,COLD-MED,G,"Glyceryl guaiacolate - 15mg/5ml, Pseudoephedrine HCl - 15mg/5ml, Pyrilamine maleate - 6.25mg/5ml, Paracetamol - 120mg/5ml",,Syrup,386515,https://www.moph.gov.lb/en/Drugs/view/5421
5418,R05X,COLDIN,G,"Caffeine - 30mg, Noscapine - 10mg, Pseudoephedrine HCl - 30mg, Pyrilamine maleate (Mepyramine) - 15mg, Paracetamol - 300mg",,Capsule,386515,https://www.moph.gov.lb/en/Drugs/view/5418
5420,R05X,COLDIN,G,"Glyceryl guaiacolate - 15mg/5ml, Pseudoephedrine HCl - 15mg/5ml, Pyrilamine maleate - 6.25mg/5ml, Paracetamol - 120mg/5ml",,Syrup,386515,https://www.moph.gov.lb/en/Drugs/view/5420
5430,R05X,COLDIN-H,G,"Paracetamol - 300mg, Mepyramine maleate - 15mg, Noscapine - 10mg",,Capsule,386515,https://www.moph.gov.lb/en/Drugs/view/5430
3081,J01XB01,COLISTIMETHATE,G,Colistimethate Sodium - 150mg,150mg,Injectable powder for solution,38239924,https://www.moph.gov.lb/en/Drugs/view/3081
3077,J01XB01,COLISTIMETHATE SODIQUE PANPHARMA,G,Colistimethate Sodium - 1.000.000IU,1.000.000IU,"Injectable powder for solution, Inhalation powder",6392659,https://www.moph.gov.lb/en/Drugs/view/3077
3078,J01XB01,COLISTIN HIKMA,G,Colistimethate Sodium - 1MIU,1MIU,"Injectable powder for solution, Inhalation powder",903062,https://www.moph.gov.lb/en/Drugs/view/3078
3079,J01XB01,COLISTIN/NORMA,G,Colistimethate Sodium - 1MIU,1MIU,Injectable solution,872154,https://www.moph.gov.lb/en/Drugs/view/3079
3080,J01XB01,COLIXIN,G,"Colistimethate Sodium - 1,000,000IU","1,000,000IU","Injectable powder for solution, Inhalation powder",20296042,https://www.moph.gov.lb/en/Drugs/view/3080
272,A06AB07,COLON-X,G,"Frangula Purshiana - 62.5mg, Plantago Afra - 100mg, Foeniculum Vulgare - 50mg, Zingiber Officinale - 50mg, Aniseed powder - 20mg, Glycyrrhiza Glabra - 12.5mg, Senna Alexandrina - 25mg",,"Tablet, film coated",833182,https://www.moph.gov.lb/en/Drugs/view/272
149,A03AX,COLPERMIN,B,Pepermint oil - 187mg,187mg,"Capsule, delayed release",632950,https://www.moph.gov.lb/en/Drugs/view/149
3702,L01FX28,COLUMVI,BioTech,Glofitamab - 10mg/10ml,10mg/10ml,Injectable concentrate for solution,349443660,https://www.moph.gov.lb/en/Drugs/view/3702
3703,L01FX28,COLUMVI,BioTech,Glofitamab - 2.5mg/2.5ml,2.5mg/2.5ml,Injectable concentrate for solution,87389307,https://www.moph.gov.lb/en/Drugs/view/3703
677,A11EA,COMBEDOX,G,"Thiamine HCl - 100mg/2ml, Pyridoxine HCl - 100mg/2ml, Cyanocobalamin - 1000mcg/2ml, Dexpanthenol - 50mg/2ml, Nicotinamide - 100mg/2ml",,Injectable solution,374996,https://www.moph.gov.lb/en/Drugs/view/677
5595,S01ED51,COMBIGAN 2mg/ml 5mg/ml,B,"Timolol  - 5mg/ml, Brimonidine tartrate - 2mg/ml",,Drops solution,1181238,https://www.moph.gov.lb/en/Drugs/view/5595
5596,S01ED51,COMBIGAN 2mg/ml 5mg/ml,B,"Timolol - 5mg/ml, Brimonidine tartrate - 2mg/ml",,Drops solution,1181238,https://www.moph.gov.lb/en/Drugs/view/5596
4723,N04BA03,COMBIPAR,G,"Levodopa - 100mg, Carbidopa - 25mg, Entacapone - 200mg",,"Tablet, film coated",1249926,https://www.moph.gov.lb/en/Drugs/view/4723
4724,N04BA03,COMBIPAR,G,"Levodopa - 150mg, Carbidopa - 37.5mg, Entacapone - 200mg",,"Tablet, film coated",1324682,https://www.moph.gov.lb/en/Drugs/view/4724
4725,N04BA03,COMBIPAR,G,"Levodopa - 50mg, Carbidopa - 12.5mg, Entacapone - 200mg",,"Tablet, film coated",1103403,https://www.moph.gov.lb/en/Drugs/view/4725
5602,S01ED51,COMBISOPT,G,"Timolol maleate - 5mg/ml, Dorzolamide HCl - 20mg/ml",,Drops solution,935570,https://www.moph.gov.lb/en/Drugs/view/5602
5275,R03AL02,COMBIVENT,B,"Salbutamol (sulfate) - 2.5mg/2.5ml, Ipratropium bromide - 500mcg/2.5ml",,Inhaltion solution with nebuliser,745833,https://www.moph.gov.lb/en/Drugs/view/5275
611,A11AA,COMPLEVIT,G,"Ascorbic acid - 1.32g, Riboflavine - 0.018g, Nicotinamide - 0.264g, Cyanocobalamine - 0.9g, Pyridoxine HCl - 0.132g, Thiamine mononitrate - 0.288g, Iron Ammonium Citrate - 3.6g",,Syrup,218854,https://www.moph.gov.lb/en/Drugs/view/611
1277,B05ZA,CONCENTRATE SOLUTION  FOR HEMODIALYSIS TYPE E,G,"Potassium chloride - 2.611g/l, Magnesium chloride, 6H2O - 5.32g/l, Calcium chloride, 2H2O - 7.00g/l, Sodium acetate, 3H2O - 190.505g/l, Sodium chloride - 205.49g/l",,Injectable solution,,https://www.moph.gov.lb/en/Drugs/view/1277
1280,B05ZA,CONCENTRATE SOLUTION FOR HEMODIALYSIS L,G,"Potassium chloride - K+:1.5 mmol/l, Magnesium chloride - Mg++:0.75 mmol/l, Calcium chloride - Ca++:1.75 mmol/l, Sodium acetate - Cl-:106.5 mmol/l, Sodium chloride - Na+:135 mmol/l",,Injectable solution,,https://www.moph.gov.lb/en/Drugs/view/1280
1281,B05ZA,CONCENTRATE SOLUTION FOR HEMODIALYSIS LM,G,"Potassium chloride - K+:2.00 mmol/l, Magnesium chloride - Mg++:0.75 mmol/l, Calcium chloride - Ca++:1.75 mmol/l, Sodium acetate - Cl-:112 mmol/l, Sodium chloride - Na+:140 mmol/l",,Injectable solution,,https://www.moph.gov.lb/en/Drugs/view/1281
1282,B05ZA,CONCENTRATE SOLUTION FOR HEMODIALYSIS LS,G,"Potassium chloride - K+:1.5 mmol/l, Magnesium chloride - Mg++:0.75 mmol/l, Calcium chloride - Ca++:1.75 mmol/l, Sodium acetate - Cl-:111.5 mmol/l, Sodium chloride - Na+:140 mmol/l",,Injectable solution,,https://www.moph.gov.lb/en/Drugs/view/1282
1283,B05ZA,CONCENTRATE SOLUTION FOR HEMODIALYSIS LS2,G,"Potassium chloride - K+:1.5 mmol/l, Magnesium chloride - Mg++:0.75 mmol/l, Calcium chloride - Ca++:1.5 mmol/l, Sodium acetate - Cl-:111 mmol/l, Sodium chloride - Na+:140 mmol/l",,Injectable solution,,https://www.moph.gov.lb/en/Drugs/view/1283
1284,B05ZA,CONCENTRATE SOLUTION FOR HEMODIALYSIS LS3,G,"Potassium chloride - K+:2.00 mmol/l, Magnesium chloride - Mg++:0.75 mmol/l, Calcium chloride - Ca++:1.60 mmol/l, Sodium acetate - Cl-:112 mmol/l, Sodium chloride - Na+:140 mmol/l",,Injectable solution,,https://www.moph.gov.lb/en/Drugs/view/1284
1285,B05ZA,CONCENTRATE SOLUTION FOR HEMODIALYSIS R,G,"Potassium chloride - K+:1.00 mmol/l, Magnesium chloride - Mg++:0.75 mmol/l, Calcium chloride - Ca++:1.40 mmol/l, Sodium acetate - Cl-:105.8 mmol/l, Sodium chloride - Na+:140.5 mmol/l",,Injectable solution,,https://www.moph.gov.lb/en/Drugs/view/1285
1287,B05ZA,CONCENTRATE SOLUTION FOR HEMODIALYSIS TYPE B+,G,"Hemodialytics, concentrates -",,Injectable solution,,https://www.moph.gov.lb/en/Drugs/view/1287
1275,B05ZA,CONCENTRATE SOLUTION FOR HEMODIALYSIS TYPE C,G,"Potassium chloride - 2.611g/l, Magnesium chloride, 6H2O - 5.33g/l, Calcium chloride, 2H2O - 8.99g/l, Sodium acetate, 3H2O - 190.505g/l, Sodium chloride - 204.54g/l",,Injectable solution,,https://www.moph.gov.lb/en/Drugs/view/1275
1276,B05ZA,CONCENTRATE SOLUTION FOR HEMODIALYSIS TYPE D,G,"Potassium chloride - 5.215g/l, Magnesium chloride, 6H2O - 5.32g/l, Calcium chloride, 2H2O - 8.99g/l, Sodium acetate, 3H2O - 166.7g/l, Sodium chloride - 214.76g/l",,Injectable solution,,https://www.moph.gov.lb/en/Drugs/view/1276
1278,B05ZA,CONCENTRATE SOLUTION FOR HEMODIALYSIS TYPE F,G,"Potassium chloride - 3.914g/l, Magnesium chloride, 6H2O - 3.558g/l, Calcium chloride, 2H2O - 7.719g/l, Acetic acid 100% - 6.010ml/l, Sodium chloride - 208.631g/l",,Injectable solution,,https://www.moph.gov.lb/en/Drugs/view/1278
1288,B05ZA,CONCENTRATE SOLUTION FOR HEMODIALYSIS TYPE J,G,"Hemodialytics, concentrates -",,Injectable solution,,https://www.moph.gov.lb/en/Drugs/view/1288
1279,B05ZA,CONCENTRATE SOLUTION FOR HEMODIALYSIS TYPE SG,G,"Potassium chloride - 3.92g/l, Magnesium chloride, 6H2O - 5.32g/l, Calcium chloride, 2H2O - 8.99g/l, Sodium acetate, 3H2O - 166.7g/l, Sodium chloride - 214.76g/l",,Injectable solution,,https://www.moph.gov.lb/en/Drugs/view/1279
1286,B05ZA,CONCENTRATE SOLUTIONFOR HEMODIALYSIS TYPE A,G,"Hemodialytics, concentrates -",,Injectable solution,,https://www.moph.gov.lb/en/Drugs/view/1286
5028,N06BA04,CONCERTA,B,Methylphenidate HCl - 27mg,27mg,"Tablet, extended release",1583046,https://www.moph.gov.lb/en/Drugs/view/5028
5029,N06BA04,CONCERTA,B,Methylphenidate HCl - 36mg,36mg,"Tablet, extended release",2112520,https://www.moph.gov.lb/en/Drugs/view/5029
5030,N06BA04,CONCERTA,B,Methylphenidate HCl - 54mg,54mg,"Tablet, extended release",3168781,https://www.moph.gov.lb/en/Drugs/view/5030
5031,N06BA04,CONCERTA,B,Methylphenidate HCl - 18mg,18mg,"Tablet, extended release",1076418,https://www.moph.gov.lb/en/Drugs/view/5031
1480,C07AB07,CONCOR,B,Bisoprolol fumarate - 5mg,5mg,"Tablet, film coated",870164,https://www.moph.gov.lb/en/Drugs/view/1480
1491,C07AB07,CONCOR,B,Bisoprolol fumarate - 10mg,10mg,"Tablet, film coated",1176665,https://www.moph.gov.lb/en/Drugs/view/1491
1533,C07FB07,CONCOR AM 2.5,B,"Bisoprolol fumarate - 2.5mg, Amlodipine besylate - 5mg",,"Tablet, film coated",1377012,https://www.moph.gov.lb/en/Drugs/view/1533
1534,C07FB07,CONCOR AM 5,B,"Bisoprolol fumarate - 5mg, Amlodipine besylate - 5mg",,"Tablet, film coated",1377012,https://www.moph.gov.lb/en/Drugs/view/1534
1499,C07AB07,CONCOR COR,B,Bisoprolol fumarate - 2.5mg,2.5mg,"Tablet, film coated",488906,https://www.moph.gov.lb/en/Drugs/view/1499
1525,C07BB07,CONCOR PLUS,B,"Bisoprolol fumarate - 5mg, Hydrochlorothiazide - 12.5mg",,"Tablet, film coated",888105,https://www.moph.gov.lb/en/Drugs/view/1525
1528,C07BB07,CONCOR PLUS,B,"Bisoprolol fumarate - 10mg, Hydrochlorothiazide - 25mg",,"Tablet, film coated",1249926,https://www.moph.gov.lb/en/Drugs/view/1528
1507,C07AB07/C09CA,CONCOR T 2.5,B,"Bisoprolol fumarate - 2.5mg, Telmisartan - 40mg",,Tablet,1163209,https://www.moph.gov.lb/en/Drugs/view/1507
1508,C07AB07/C09CA,CONCOR T 2.5,B,"Bisoprolol fumarate - 2.5mg, Telmisartan - 40mg",,Tablet,2209797,https://www.moph.gov.lb/en/Drugs/view/1508
1509,C07AB07/C09CA,CONCOR T 5,B,"Bisoprolol fumarate - 5mg, Telmisartan - 40mg",,Tablet,1457748,https://www.moph.gov.lb/en/Drugs/view/1509
3208,J05AR01,CONDINE,G,"Lamivudine - 150mg, Zidovudine - 300mg",,"Tablet, film coated",5818474,https://www.moph.gov.lb/en/Drugs/view/3208
5627,S01GX09,CONJYCLEAR,G,Olopatadine (HCl) - 0.1%,0.1%,Drops solution,344024,https://www.moph.gov.lb/en/Drugs/view/5627
1932,C10AA07,CONSIVAS-10,G,Rosuvastatin (calcium) - 10mg,10mg,"Tablet, film coated",450187,https://www.moph.gov.lb/en/Drugs/view/1932
1948,C10AA07,CONSIVAS-20,G,Rosuvastatin (calcium) - 20mg,20mg,"Tablet, film coated",450187,https://www.moph.gov.lb/en/Drugs/view/1948
4197,M01AH05,CONSORT,G,Etoricoxib - 60mg,60mg,"Tablet, film coated",212327,https://www.moph.gov.lb/en/Drugs/view/4197
4206,M01AH05,CONSORT,G,Etoricoxib - 90mg,90mg,"Tablet, film coated",338648,https://www.moph.gov.lb/en/Drugs/view/4206
4215,M01AH05,CONSORT,G,Etoricoxib - 120mg,120mg,"Tablet, film coated",288926,https://www.moph.gov.lb/en/Drugs/view/4215
289,A06AX05,CONSTIPRIDE,G,Prucalopride succinate - 2mg,2mg,"Tablet, film coated",2956454,https://www.moph.gov.lb/en/Drugs/view/289
291,A06AX05,CONSTIPRIDE,G,Prucalopride succinate - 1mg,1mg,"Tablet, film coated",2015764,https://www.moph.gov.lb/en/Drugs/view/291
2234,D10BA01,CONTRACNE ISOTRETINOINE,G,Isotretinoin - 20mg,20mg,"Capsule, soft",1521230,https://www.moph.gov.lb/en/Drugs/view/2234
2245,D10BA01,CONTRACNE ISOTRETINOINE,G,Isotretinoin - 40mg,40mg,"Capsule, soft",3043803,https://www.moph.gov.lb/en/Drugs/view/2245
1434,C05BA53,CONTRACTUBEX,B,"Allantoin - 1g/100g, Cepae - 10g/100g, Heparin - 5000IU/100g",,Gel,498566,https://www.moph.gov.lb/en/Drugs/view/1434
1435,C05BA53,CONTRACTUBEX,B,"Allantoin - 1g/100g, Cepae - 10g/100g, Heparin - 5,000IU/100g",,Gel,1183925,https://www.moph.gov.lb/en/Drugs/view/1435
346,A08AA62,CONTRAVE,B,"Naltrexone Hydrochloride - 8mg, Bupropion Hydrochloride - 90mg",,"Tablet, prolonged release",11653550,https://www.moph.gov.lb/en/Drugs/view/346
1672,C09CA04,CONVERIUM,G,Irbesartan - 150mg,150mg,Tablet,585915,https://www.moph.gov.lb/en/Drugs/view/1672
1680,C09CA04,CONVERIUM,G,Irbesartan - 300mg,300mg,Tablet,585915,https://www.moph.gov.lb/en/Drugs/view/1680
1742,C09DA04,CONVERIUM PLUS,G,"Irbesartan - 150mg, Hydrochlorothiazide - 12.5mg",,"Tablet, film coated",395090,https://www.moph.gov.lb/en/Drugs/view/1742
1749,C09DA04,CONVERIUM PLUS,G,"Irbesartan - 300mg, Hydrochlorothiazide - 12.5mg",,"Tablet, film coated",395090,https://www.moph.gov.lb/en/Drugs/view/1749
4614,N03AG01,CONVULEX,G,Sodium valproate - 100mg/ml,100mg/ml,Injectable solution,4441399,https://www.moph.gov.lb/en/Drugs/view/4614
4604,N03AG01,CONVULEX,G,Sodium Valproate - 50mg/ml,50mg/ml,Syrup,213671,https://www.moph.gov.lb/en/Drugs/view/4604
4607,N03AG01,CONVULEX,G,Sodium Valproate - 300mg/ml,300mg/ml,Solution,1018633,https://www.moph.gov.lb/en/Drugs/view/4607
4611,N03AG01,CONVULEX RETARD,G,Sodium Valproate - 500mg,500mg,"Tablet, prolonged release",423310,https://www.moph.gov.lb/en/Drugs/view/4611
5355,R05,COQUELUSEDAL ENFANT,G,"Grindelia extract - 20mg, Gelsenium extract - 10mg",,Suppository,598051,https://www.moph.gov.lb/en/Drugs/view/5355
5353,R05,COQUELUSEDAL NOURRISSON,G,"Grindelia extract - 10mg, Gelsenium extract - 5mg",,Suppository,515819,https://www.moph.gov.lb/en/Drugs/view/5353
4540,N02BE51,COQUELUSEDAL PARACETAMOL,G,"Paracetamol - 100mg, Grindelia extract - 10mg, Gelsenium extract - 5mg",100mg,Suppository,598051,https://www.moph.gov.lb/en/Drugs/view/4540
4541,N02BE51,COQUELUSEDAL PARACETAMOL,G,"Paracetamol - 250mg, Grindelia extract - 20mg, Gelsenium extract - 10mg",250mg,Suppository,635429,https://www.moph.gov.lb/en/Drugs/view/4541
1299,C01BD01,CORDARONE,B,Amiodarone (HCl) - 200mg,200mg,"Tablet, scored",349399,https://www.moph.gov.lb/en/Drugs/view/1299
1301,C01BD01,CORDARONE,B,Amiodarone (HCl) - 150mg/3ml,150mg/3ml,Injectable concentrated solution,499909,https://www.moph.gov.lb/en/Drugs/view/1301
1809,C09DB07,CORONOPINE,G,"Candesartan cilexetil - 8mg, Amlodipine - 5mg",,"Capsule, hard",1368032,https://www.moph.gov.lb/en/Drugs/view/1809
1811,C09DB07,CORONOPINE,G,"Candesartan cilexetil - 16mg, Amlodipine - 5mg",,"Capsule, hard",1638144,https://www.moph.gov.lb/en/Drugs/view/1811
1813,C09DB07,CORONOPINE,G,"Candesartan cilexetil - 16mg, Amlodipine - 10mg",,"Capsule, hard",1540044,https://www.moph.gov.lb/en/Drugs/view/1813
1814,C09DB07,CORONOPINE,G,"Candesartan cilexetil - 8mg, Amlodipine - 10mg",,"Capsule, hard",1368032,https://www.moph.gov.lb/en/Drugs/view/1814
5292,R03BA02,CORTAIR,G,Budesonide - 1mg/2ml,0.5mg/ml,Inhalation suspension for nebuliser,1209458,https://www.moph.gov.lb/en/Drugs/view/5292
313,A07EA06,CORTIMENT MMX,B,Budesonide - 9mg,9mg,"Tablet, prolonged release",8996996,https://www.moph.gov.lb/en/Drugs/view/313
5283,R03BA01,CORTIS,G,Beclometasone dipropionate - 250mcg/actuation,250mcg/actuation,Inhalation solution,674609,https://www.moph.gov.lb/en/Drugs/view/5283
5157,P01BA02,CORVAQUINE,G,Hydroxychloroquine sulfate - 200mg,200mg,"Tablet, film coated",1087873,https://www.moph.gov.lb/en/Drugs/view/5157
1329,C01DX12,CORVASAL 2MG,B,Molsidomine - 2mg,2mg,"Tablet, scored",398033,https://www.moph.gov.lb/en/Drugs/view/1329
1330,C01DX12,CORVASAL 2MG,B,Molsidomine - 2mg,2mg,"Tablet, scored",1092992,https://www.moph.gov.lb/en/Drugs/view/1330
1333,C01DX12,CORVASAL 4MG,B,Molsidomine - 4mg,4mg,Tablet,492742,https://www.moph.gov.lb/en/Drugs/view/1333
3960,L04AC10,COSENTYX,BioTech,Secukinumab - 150mg/ml,150mg/ml,Injectable solution,91769003,https://www.moph.gov.lb/en/Drugs/view/3960
5871,L04AC10,COSENTYX,BioTech,Secukinumab - 150mg/ml,150mg/ml,Injectable solution,,https://www.moph.gov.lb/en/Drugs/view/5871
1643,C09BX02,COSYREL,B,"Perindopril arginine - 5mg, Bisoprolol fumarate - 5mg",,"Tablet, film coated, scored",749864,https://www.moph.gov.lb/en/Drugs/view/1643
1644,C09BX02,COSYREL,B,"Perindopril arginine - 10mg, Bisoprolol fumarate - 5mg",,"Tablet, film coated, scored",749864,https://www.moph.gov.lb/en/Drugs/view/1644
1628,C09BB04,COVERAM,B,"Perindopril arginine - 5mg, Amlodipine - 5mg",,Tablet,821088,https://www.moph.gov.lb/en/Drugs/view/1628
1631,C09BB04,COVERAM,B,"Perindopril arginine - 10mg, Amlodipine - 5mg",,Tablet,1116733,https://www.moph.gov.lb/en/Drugs/view/1631
1634,C09BB04,COVERAM,B,"Perindopril arginine - 10mg, Amlodipine - 10mg",,Tablet,1116733,https://www.moph.gov.lb/en/Drugs/view/1634
1600,C09AA04,COVERSYL ARGININE,B,Perindopril arginine - 10mg,10mg,"Tablet, film coated",452875,https://www.moph.gov.lb/en/Drugs/view/1600
1601,C09AA04,COVERSYL ARGININE,B,Perindopril arginine - 5mg,5mg,"Tablet, film coated",452875,https://www.moph.gov.lb/en/Drugs/view/1601
4198,M01AH05,COXIFLAM,G,Etoricoxib - 60mg,60mg,"Tablet, film coated",904854,https://www.moph.gov.lb/en/Drugs/view/4198
4207,M01AH05,COXIFLAM,G,Etoricoxib - 90mg,90mg,"Tablet, film coated",1293928,https://www.moph.gov.lb/en/Drugs/view/4207
4216,M01AH05,COXIFLAM,G,Etoricoxib - 120mg,120mg,"Tablet, film coated",398033,https://www.moph.gov.lb/en/Drugs/view/4216
1645,C09CA01,COZAAR,B,Losartan potassium - 50mg,50mg,Tablet,1420634,https://www.moph.gov.lb/en/Drugs/view/1645
1650,C09CA01,COZAAR,B,Losartan potassium - 100mg,100mg,Tablet,1740596,https://www.moph.gov.lb/en/Drugs/view/1650
2111,D06BA02,CREM-O-SULFA,G,Sulfathiazole - 5%,5%,Cream,202216,https://www.moph.gov.lb/en/Drugs/view/2111
357,A09AA02,"CREON 10,000",B,"Pancreatin protease - 600FIP-U, Pancreatin amylase - 8,000FIP-U, Pancreatin lipase - 10,000FIP-U",,Capsule,1835689,https://www.moph.gov.lb/en/Drugs/view/357
358,A09AA02,"CREON 25,000",B,"Pancreatin protease - 1000FIP-U, Pancreatin amylase - 18000FIP-U, Pancreatin lipase - 25000FIP-U",,Capsule,4598629,https://www.moph.gov.lb/en/Drugs/view/358
3144,J02AC05,CRESEMBA,B,Isavuconazonium sulfate - 100mg,100mg,"Capsule, hard",69290804,https://www.moph.gov.lb/en/Drugs/view/3144
3145,J02AC05,CRESEMBA,B,Isavuconazonium sulfate - 200mg,200mg,Injectable powder for concentrate for solution,38436952,https://www.moph.gov.lb/en/Drugs/view/3145
1933,C10AA07,CRESOTAB,G,Rosuvastatin (calcium) - 10mg,10mg,"Tablet, film coated",517379,https://www.moph.gov.lb/en/Drugs/view/1933
1949,C10AA07,CRESOTAB,G,Rosuvastatin (calcium) - 20mg,20mg,"Tablet, film coated",517379,https://www.moph.gov.lb/en/Drugs/view/1949
1929,C10AA07,CRESTOR,B,Rosuvastatin (calcium) - 10mg,10mg,"Tablet, film coated",804962,https://www.moph.gov.lb/en/Drugs/view/1929
1945,C10AA07,CRESTOR,B,Rosuvastatin (calcium) - 20mg,20mg,"Tablet, film coated",804962,https://www.moph.gov.lb/en/Drugs/view/1945
1961,C10AA07,CRESTOR,B,Rosuvastatin (calcium) - 40mg,40mg,"Tablet, film coated",804962,https://www.moph.gov.lb/en/Drugs/view/1961
1966,C10AA07,CRESTOR,B,Rosuvastatin (calcium) - 5mg,5mg,Tablet,589947,https://www.moph.gov.lb/en/Drugs/view/1966
1934,C10AA07,CRESULIP 10,G,Rosuvastatin (calcium) - 10mg,10mg,"Tablet, film coated",575933,https://www.moph.gov.lb/en/Drugs/view/1934
1950,C10AA07,CRESULIP 20,G,Rosuvastatin (calcium) - 20mg,20mg,"Tablet, film coated",575933,https://www.moph.gov.lb/en/Drugs/view/1950
2359,G03DA04,CRINONE,B,Progesterone - 8%,8%,Gel,4734357,https://www.moph.gov.lb/en/Drugs/view/2359
2227,D10BA01,CURACNE,G,Isotretinoin - 10mg,10mg,"Capsule, soft gelatin",970254,https://www.moph.gov.lb/en/Drugs/view/2227
2228,D10BA01,CURACNE,G,Isotretinoin - 10mg,10mg,"Capsule, soft gelatin",970254,https://www.moph.gov.lb/en/Drugs/view/2228
2229,D10BA01,CURACNE,G,Isotretinoin - 10mg,10mg,"Capsule, soft gelatin",970254,https://www.moph.gov.lb/en/Drugs/view/2229
2230,D10BA01,CURACNE,G,Isotretinoin - 10mg,10mg,"Capsule, soft gelatin",970254,https://www.moph.gov.lb/en/Drugs/view/2230
2235,D10BA01,CURACNE,G,Isotretinoin - 20mg,20mg,"Capsule, soft gelatin",1603204,https://www.moph.gov.lb/en/Drugs/view/2235
2236,D10BA01,CURACNE,G,Isotretinoin - 20mg,20mg,"Capsule, soft gelatin",1603204,https://www.moph.gov.lb/en/Drugs/view/2236
2237,D10BA01,CURACNE,G,Isotretinoin - 20mg,20mg,"Capsule, soft gelatin",1603204,https://www.moph.gov.lb/en/Drugs/view/2237
2238,D10BA01,CURACNE,G,Isotretinoin - 20mg,20mg,"Capsule, soft gelatin",1603204,https://www.moph.gov.lb/en/Drugs/view/2238
2239,D10BA01,CURACNE,G,Isotretinoin - 5mg,5mg,"Capsule, soft gelatin",856028,https://www.moph.gov.lb/en/Drugs/view/2239
2240,D10BA01,CURACNE,G,Isotretinoin - 5mg,5mg,"Capsule, soft gelatin",856028,https://www.moph.gov.lb/en/Drugs/view/2240
2241,D10BA01,CURACNE,G,Isotretinoin - 5mg,5mg,"Capsule, soft",856028,https://www.moph.gov.lb/en/Drugs/view/2241
2242,D10BA01,CURACNE,G,Isotretinoin - 5mg,5mg,"Capsule, soft gelatin",856028,https://www.moph.gov.lb/en/Drugs/view/2242
2246,D10BA01,CURACNE,G,Isotretinoin - 40mg,40mg,"Capsule, soft gelatin",3553120,https://www.moph.gov.lb/en/Drugs/view/2246
2247,D10BA01,CURACNE,G,Isotretinoin - 40mg,40mg,"Capsule, soft gelatin",3553120,https://www.moph.gov.lb/en/Drugs/view/2247
2248,D10BA01,CURACNE,G,Isotretinoin - 40mg,40mg,"Capsule, soft gelatin",3553120,https://www.moph.gov.lb/en/Drugs/view/2248
2249,D10BA01,CURACNE,G,Isotretinoin - 40mg,40mg,"Capsule, soft gelatin",3553120,https://www.moph.gov.lb/en/Drugs/view/2249
2701,J01CR02,CURAM,G,"Amoxicillin (trihydrate) - 500mg, Clavulanic Acid (potassium) - 125mg",625mg,"Tablet, film coated",402189,https://www.moph.gov.lb/en/Drugs/view/2701
2711,J01CR02,CURAM,G,"Amoxicillin (trihydrate) - 875mg, Clavulanic Acid (potassium) - 125mg",1g,"Tablet, film coated",541236,https://www.moph.gov.lb/en/Drugs/view/2711
1362,C02CA04,CURCARD,G,Doxazosin (mesylate) - 4mg,4mg,Tablet,452875,https://www.moph.gov.lb/en/Drugs/view/1362
3760,L01XX05,CUREAML,G,Hydroxycarbamide (or Hydroxyurea) - 500mg,500mg,Capsule,1228272,https://www.moph.gov.lb/en/Drugs/view/3760
2125,D06BX01,CUTIDERMINE,G,Metronidazole - 1%,1%,Gel,593850,https://www.moph.gov.lb/en/Drugs/view/2125
3243,J06BA02,CUVITRU,BioHuman,Human normal immunoglobulin - 4g/20ml,200mg/ml,Injectable solution,29806627,https://www.moph.gov.lb/en/Drugs/view/3243
3244,J06BA02,CUVITRU,BioHuman,Human normal immunoglobulin - 8g/40ml,200mg/ml,Injectable solution,53593818,https://www.moph.gov.lb/en/Drugs/view/3244
3565,L01EF01,CYBRIN,G,Palbociclib - 125mg,125mg,"Capsule, hard",103298115,https://www.moph.gov.lb/en/Drugs/view/3565
2367,G03DA04,CYCLOGEST,G,Progesterone - 400mg,400mg,Pessary,1546763,https://www.moph.gov.lb/en/Drugs/view/2367
2119,D06BB03,CYCLOVEX,G,Aciclovir - 50mg/g,50mg/g,Cream,345560,https://www.moph.gov.lb/en/Drugs/view/2119
3162,J05AB01,CYCLOVEX,G,Aciclovir - 200mg,200mg,"Tablet, scored",1164664,https://www.moph.gov.lb/en/Drugs/view/3162
3163,J05AB01,CYCLOVEX,G,Aciclovir - 400mg,400mg,"Tablet, scored",2687685,https://www.moph.gov.lb/en/Drugs/view/3163
3166,J05AB06,CYMEVENE,B,Ganciclovir (sodium) - 500mg,500mg,Injectable solution,1726838,https://www.moph.gov.lb/en/Drugs/view/3166
921,B03BA01,CYNOVIT-JULPHAR,G,Vitamin B12 - 1mg/ml,1mg/ml,Injectable solution,167980,https://www.moph.gov.lb/en/Drugs/view/921
1357,C02AC05,CYNT,B,Moxonidine - 0.2mg,0.2mg,"Tablet, film coated",937444,https://www.moph.gov.lb/en/Drugs/view/1357
1358,C02AC05,CYNT,B,Moxonidine - 0.3mg,0.3mg,"Tablet, film coated",1266372,https://www.moph.gov.lb/en/Drugs/view/1358
1359,C02AC05,CYNT,B,Moxonidine - 0.4mg,0.4mg,"Tablet, film coated",1266372,https://www.moph.gov.lb/en/Drugs/view/1359
5481,R06AX,CYPRO-BC,B,"Cyproheptadine HCl - 2mg/5ml, Vitamin B3 - 5mg/5ml, Vitamin B6 - 0.60mg/5ml, Vitamin B2 - 0.75mg/5ml, Vitamin B1 - 0.60mg/5ml, Vitamin C - 20mg/5ml",,Syrup,449227,https://www.moph.gov.lb/en/Drugs/view/5481
612,A11AB,CYPRO-VITA,B,"Vitamin C - 20mg, Vitamin B3 - 5mg, Vitamin B12 - 2.5mg, Vitamin B6 - 0.6mg, Vitamin B2 - 0.75mg, Vitamin B1 - 0.6mg, Vitamin D3 - 167IU, Vitamin A - 1670IU, Cyproheptadine HCl - 4mg",,"Tablet, film coated",409552,https://www.moph.gov.lb/en/Drugs/view/612
2338,G03BA03,CYPTERONE,G,Testosterone Cypionate - 200mg/ml,200mg/ml,Injectable solution,618168,https://www.moph.gov.lb/en/Drugs/view/2338
3690,L01FG02,CYRAMZA,BioTech,Ramucirumab - 100mg/10ml,100mg/10ml,Injectable solution,47779251,https://www.moph.gov.lb/en/Drugs/view/3690
3691,L01FG02,CYRAMZA,BioTech,Ramucirumab - 500mg/50ml,500mg/50ml,Injectable solution,218656548,https://www.moph.gov.lb/en/Drugs/view/3691
5800,L01FG02,CYRAMZA,BioTech,Ramucirumab - 500mg/50ml,500mg/50ml,Injectable solution,,https://www.moph.gov.lb/en/Drugs/view/5800
708,A16AA06,CYSTADANE,B,Betaine anhydrous - 1g,1g,Powder,54870104,https://www.moph.gov.lb/en/Drugs/view/708
682,A11JC,CYSTINE B6 BAILLEUL,B,"Pyridoxine HCl - 50mg, L-Cystine - 500mg",,"Tablet, coated",862747,https://www.moph.gov.lb/en/Drugs/view/682
2183,D08AC52,CYTEAL Solution Antiseptique,G,"Chlorhexidine digluconate - 0.5ml/100ml, Hexamidine - 0.1g/100ml, Chlorocresol - 0.3g/100ml",,Solution,376772,https://www.moph.gov.lb/en/Drugs/view/2183
2184,D08AC52,CYTEAL Solution Antiseptique,G,"Chlorhexidine digluconate - 0.5ml/100ml, Hexamidine - 0.1g/100ml, Chlorocresol - 0.3g/100ml",,Solution,641409,https://www.moph.gov.lb/en/Drugs/view/2184
3761,L01XX05,CYTODROX,G,Hydroxycarbamide (or Hydroxyurea) - 500mg,500mg,Capsule,3301821,https://www.moph.gov.lb/en/Drugs/view/3761
16,A02BB01,CYTOTEC,B,Misoprostol - 200mcg,200mcg,Tablet,737770,https://www.moph.gov.lb/en/Drugs/view/16
3377,L01BC01,CYTU,G,Cytarabine - 1000mg/10ml,1000mg/10ml,Injectable solution,2230779,https://www.moph.gov.lb/en/Drugs/view/3377
5255,R03AK06,CYVAX,G,"Salmeterol (xinafoate) - 25mcg/inhalation, Fluticasone propionate - 250mcg/inhalation",,Inhalation suspension,1710712,https://www.moph.gov.lb/en/Drugs/view/5255
650,A11CC05,D-CURE,G,"Vitamin D3 - 25,000IU","25,000IU",Solution,467657,https://www.moph.gov.lb/en/Drugs/view/650
651,A11CC05,D-CURE CHAPHA,G,"Vitamin D3 - 25,000IU","25,000IU",Solution,466480,https://www.moph.gov.lb/en/Drugs/view/651
625,A11CC05,D-ESTER,G,Vitamin D3 - 10000IU,10000IU,"Capsule, soft gelatin",999563,https://www.moph.gov.lb/en/Drugs/view/625
638,A11CC05,D-ESTER,G,Vitamin D3 - 50000IU,50000IU,Capsule,1187701,https://www.moph.gov.lb/en/Drugs/view/638
626,A11CC05,D-VITAL,G,"Vitamin D3 - 10,000IU","10,000IU",Capsule,561342,https://www.moph.gov.lb/en/Drugs/view/626
639,A11CC05,D-VITAL,G,"Vitamin D3 - 50,000IU","50,000IU","Capsule, hard",712620,https://www.moph.gov.lb/en/Drugs/view/639
3344,L01AX04,DACARBAZINE MEDAC,G,Dacarbazine - 200mg,200mg,Injectable powder for solution,15866076,https://www.moph.gov.lb/en/Drugs/view/3344
3345,L01AX04,DACARBAZINE MEDAC,G,"Dacarbazine - 1,000mg","1,000mg",Injectable powder for solution,5411654,https://www.moph.gov.lb/en/Drugs/view/3345
4735,N04BC07,DACEPTON,G,Apomorphine  HCl - 30mg/3ml,30mg/3ml,Injectable solution,13404432,https://www.moph.gov.lb/en/Drugs/view/4735
4736,N04BC07,DACEPTON,G,Apomorphine  HCl Hemihydrate - 100mg/20ml,100mg/20ml,Injectable solution,12678532,https://www.moph.gov.lb/en/Drugs/view/4736
3413,L01BC08,DACOGEN,B,Decitabine - 50mg,50mg,Injectable lyophilised powder for solution,90496389,https://www.moph.gov.lb/en/Drugs/view/3413
3414,L01BC08,DACOGEN,B,Decitabine - 50mg,50mg,Injectable lyophilised powder for solution,90495926,https://www.moph.gov.lb/en/Drugs/view/3414
1448,C05CA53,DAFLON,B,"Hesperidin - 50mg, Diosmin - 450mg",,"Tablet, film coated",627574,https://www.moph.gov.lb/en/Drugs/view/1448
1449,C05CA53,DAFLON,B,"Hesperidin - 50mg, Diosmin - 450mg",,"Tablet, film coated",1191988,https://www.moph.gov.lb/en/Drugs/view/1449
1450,C05CA53,DAFLON,B,"Hesperidin - 100mg, Diosmin - 900mg",,"Tablet, film coated",1256493,https://www.moph.gov.lb/en/Drugs/view/1450
2087,D05AX52,DAIVOBET,B,"Calcipotriol - 50mcg/g, Betamethasone - 0.5mg/g",,Gel,2100426,https://www.moph.gov.lb/en/Drugs/view/2087
2174,D07XA01,DAKTACORT,B,"Hydrocortisone - 10mg/g, Miconazole nitrate - 20mg/g",,Cream,208296,https://www.moph.gov.lb/en/Drugs/view/2174
2026,D01AC02,DAKTARIN,B,Miconazole nitrate - 20mg/g,20mg/g,Cream,231141,https://www.moph.gov.lb/en/Drugs/view/2026
1,A01AB09,DAKTARIN ORAL,B,Miconazole nitrate - 20mg/g,20mg/g,Gel,318491,https://www.moph.gov.lb/en/Drugs/view/1
2964,J01FF01,DALACIN-C,B,Clindamycin HCl - 150mg,150mg,Capsule,287582,https://www.moph.gov.lb/en/Drugs/view/2964
2965,J01FF01,DALACIN-C,B,Clindamycin HCl - 300mg,300mg,Capsule,478408,https://www.moph.gov.lb/en/Drugs/view/2965
3507,L01EA02,DALEUBIN,G,Dasatinib - 70mg,70mg,"Tablet, film coated",102415923,https://www.moph.gov.lb/en/Drugs/view/3507
3512,L01EA02,DALEUBIN,G,Dasatinib - 50mg,50mg,"Tablet, film coated",101548596,https://www.moph.gov.lb/en/Drugs/view/3512
3516,L01EA02,DALEUBIN,G,Dasatinib - 20mg,20mg,"Tablet, film coated",82387571,https://www.moph.gov.lb/en/Drugs/view/3516
2966,J01FF01,DANALLI,G,Clindamycin HCl - 300mg,300mg,Capsule,267425,https://www.moph.gov.lb/en/Drugs/view/2966
19,A02BC,DANLOX QUICK,G,"Omeprazole - 20mg, Sodium bicarbonate - 1680mg",,Powder,1323685,https://www.moph.gov.lb/en/Drugs/view/19
581,A10BK01,DAPALOZIN,G,Dapagliflozin propanediol - 10mg,10mg,Tablet,1330404,https://www.moph.gov.lb/en/Drugs/view/581
5502,R06AX27,DAREQ,G,Desloratadine - 5mg,5mg,"Tablet, film coated",258018,https://www.moph.gov.lb/en/Drugs/view/5502
2363,G03DA04,DARSTIN,G,Progesterone - 10mg/g,10mg/g,Gel,380307,https://www.moph.gov.lb/en/Drugs/view/2363
3644,L01FC01,DARZALEX,BioTech,Daratumumab - 400mg/20ml,400mg/20ml,Injectable concentrate for solution,143582703,https://www.moph.gov.lb/en/Drugs/view/3644
3645,L01FC01,DARZALEX,BioTech,Daratumumab - 1800mg,1800mg,Injectable solution,513081753,https://www.moph.gov.lb/en/Drugs/view/3645
5806,L01FC01,DARZALEX,BioTech,Daratumumab - 400mg/20ml,400mg/20ml,Injectable concentrate for solution,,https://www.moph.gov.lb/en/Drugs/view/5806
5891,L01FC01,DARZALEX,BioTech,Daratumumab - 400mg/20ml,400mg/20ml,Injectable concentrate for solution,,https://www.moph.gov.lb/en/Drugs/view/5891
3508,L01EA02,DASATINIB NEAPOLIS,G,Dasatinib - 70mg,70mg,"Tablet, film coated",127364905,https://www.moph.gov.lb/en/Drugs/view/3508
3513,L01EA02,DASATINIB NEAPOLIS,G,Dasatinib - 50mg,50mg,"Tablet, film coated",127364905,https://www.moph.gov.lb/en/Drugs/view/3513
3517,L01EA02,DASATINIB NEAPOLIS,G,Dasatinib - 20mg,20mg,"Tablet, film coated",103165573,https://www.moph.gov.lb/en/Drugs/view/3517
3519,L01EA02,DASATINIB NEAPOLIS,G,Dasatinib - 140mg,140mg,"Tablet, film coated",254729810,https://www.moph.gov.lb/en/Drugs/view/3519
3520,L01EA02,DASATINIB NEAPOLIS,G,Dasatinib - 140mg,140mg,"Tablet, film coated",127364905,https://www.moph.gov.lb/en/Drugs/view/3520
5750,L01EA02,DASATINIB NEAPOLIS,G,Dasatinib - 70mg,70mg,"Tablet, film coated",,https://www.moph.gov.lb/en/Drugs/view/5750
5751,L01EA02,DASATINIB NEAPOLIS,G,Dasatinib - 50mg,50mg,"Tablet, film coated",,https://www.moph.gov.lb/en/Drugs/view/5751
804,B01AE07,DAXATRAN,G,Dabigatran etexilate (mesilate) - 75mg,75mg,"Capsule, hard",2576338,https://www.moph.gov.lb/en/Drugs/view/804
807,B01AE07,DAXATRAN,G,Dabigatran etexilate (mesilate) - 110mg,110mg,"Capsule, hard",2576338,https://www.moph.gov.lb/en/Drugs/view/807
809,B01AE07,DAXATRAN,G,Dabigatran etexilate (mesilate) - 150mg,150mg,"Capsule, hard",2576338,https://www.moph.gov.lb/en/Drugs/view/809
5047,N06CA02,DEANXIT,B,"Flupentixol (dihydrochloride) - 0.5mg, Melitracen (HCl) - 10mg",,"Tablet, film coated",1372063,https://www.moph.gov.lb/en/Drugs/view/5047
2557,H02AB02,DECADRON,B,Dexamethasone - 0.5mg/5ml,0.5mg/5ml,Elixir,449227,https://www.moph.gov.lb/en/Drugs/view/2557
2568,H02AB02,DECADRON,B,Dexamethasone - 0.5mg,0.5mg,"Tablet, scored",393218,https://www.moph.gov.lb/en/Drugs/view/2568
690,A12AX,DECALCIT,B,"Vitamin D3 - 500IU, Calcium - 600mg",,Tablet,912469,https://www.moph.gov.lb/en/Drugs/view/690
691,A12AX,DECALCIT,B,"Vitamin D3 - 500IU, Calcium - 600mg",,Tablet,435405,https://www.moph.gov.lb/en/Drugs/view/691
693,A12AX,DECALCIT,B,"Vitamin D3 - 750IU, Calcium - 600mg",,Powder,1075074,https://www.moph.gov.lb/en/Drugs/view/693
3781,L02AE04,DECAPEPTYL,B,Triptorelin - 0.1mg,0.1mg,Injectable lyophilised powder for solution+diluent,2366507,https://www.moph.gov.lb/en/Drugs/view/3781
3782,L02AE04,DECAPEPTYL SR,B,Triptorelin (pamoate) - 3mg,3mg,Injectable powder for suspension+diluent,11778312,https://www.moph.gov.lb/en/Drugs/view/3782
3783,L02AE04,DECAPEPTYL SR,B,Triptorelin (pamoate) - 11.25mg,11.25mg,Injectable powder for suspension+diluent,31761098,https://www.moph.gov.lb/en/Drugs/view/3783
5834,L02AE04,DECAPEPTYL SR,B,Triptorelin (pamoate) - 3mg,3mg,Injectable powder for suspension+diluent,,https://www.moph.gov.lb/en/Drugs/view/5834
2157,D07AD01,DECLOBAN,G,Clobetasol (propionate) - 0.05%,0.05%,Cream,302045,https://www.moph.gov.lb/en/Drugs/view/2157
2162,D07AD01,DECLOBAN,G,Clobetasol (propionate) - 0.05%,0.05%,Ointment,302045,https://www.moph.gov.lb/en/Drugs/view/2162
5184,R01AA07,DECOZAL,G,Xylometazoline HCl - 0.1%,0.1%,Metered dose spray,147823,https://www.moph.gov.lb/en/Drugs/view/5184
5185,R01AA07,DECOZAL,G,Xylometazoline HCl - 0.1%,0.1%,Drops,145135,https://www.moph.gov.lb/en/Drugs/view/5185
5189,R01AA07,DECOZAL,G,Xylometazoline HCl - 0.05%,0.05%,Metered dose spray,155886,https://www.moph.gov.lb/en/Drugs/view/5189
5190,R01AA07,DECOZAL,G,Xylometazoline HCl - 0.05%,0.05%,Metered dose spray,108851,https://www.moph.gov.lb/en/Drugs/view/5190
660,A11CC06,DEDROGYL,G,Calcifediol - 15mg/100ml,15mg/100ml,Drops solution,827807,https://www.moph.gov.lb/en/Drugs/view/660
2605,H02AB13,DEFAL,B,Deflazacort - 6mg,6mg,Tablet,415247,https://www.moph.gov.lb/en/Drugs/view/2605
2606,H02AB13,DEFAL,B,Deflazacort - 30mg,30mg,Tablet,635638,https://www.moph.gov.lb/en/Drugs/view/2606
4990,N06AX16,DEFAXINE,G,Venlafaxine (HCl) - 75mg,75mg,"Capsule, extended release",724395,https://www.moph.gov.lb/en/Drugs/view/4990
5678,V03AC03,DEFERASIROX ARROW,G,Deferasirox - 90mg,90mg,"Tablet, coated",8846092,https://www.moph.gov.lb/en/Drugs/view/5678
5681,V03AC03,DEFERASIROX ARROW,G,Deferasirox - 180mg,180mg,"Tablet, coated",13280846,https://www.moph.gov.lb/en/Drugs/view/5681
5684,V03AC03,DEFERASIROX ARROW,G,Deferasirox - 360mg,360mg,"Tablet, coated",18379327,https://www.moph.gov.lb/en/Drugs/view/5684
5949,V03AC03,DEFERASIROX ARROW,G,Deferasirox - 360mg,360mg,"Tablet, coated",,https://www.moph.gov.lb/en/Drugs/view/5949
5952,V03AC03,DEFERASIROX ARROW,G,Deferasirox - 180mg,180mg,"Tablet, coated",,https://www.moph.gov.lb/en/Drugs/view/5952
5682,V03AC03,DEFEROXAL 180,G,Deferasirox - 180mg,180mg,"Tablet, film coated",13424141,https://www.moph.gov.lb/en/Drugs/view/5682
5685,V03AC03,DEFEROXAL 360,G,Deferasirox - 360mg,360mg,"Tablet, film coated",18834070,https://www.moph.gov.lb/en/Drugs/view/5685
5679,V03AC03,DEFEROXAL 90,G,Deferasirox - 90mg,90mg,"Tablet, film coated",9279724,https://www.moph.gov.lb/en/Drugs/view/5679
5675,V03AC03,DEFIROX,G,Deferasirox - 500mg,500mg,"Tablet, dispersible",38502953,https://www.moph.gov.lb/en/Drugs/view/5675
5847,V03AC03,DEFIROX,G,Deferasirox - 500mg,500mg,"Tablet, dispersible",,https://www.moph.gov.lb/en/Drugs/view/5847
2429,G04BE03,DEGRA,G,Sildenafil - 50mg,50mg,"Tablet, film coated",330585,https://www.moph.gov.lb/en/Drugs/view/2429
5503,R06AX27,DELINE,G,Desloratadine - 5mg,5mg,Tablet,430030,https://www.moph.gov.lb/en/Drugs/view/5503
5504,R06AX27,DELINE,G,Desloratadine - 5mg,5mg,Tablet,149742,https://www.moph.gov.lb/en/Drugs/view/5504
5512,R06AX27,DELINE,G,Desloratadine - 0.5mg/ml,0.5mg/ml,Syrup,197097,https://www.moph.gov.lb/en/Drugs/view/5512
5472,R06AX,DELINE CORT,G,"Desloratadine - 5mg/5ml, Betamethasone - 0.25mg/5ml",,Syrup,693679,https://www.moph.gov.lb/en/Drugs/view/5472
5505,R06AX27,DELINE-MED,G,Desloratadine - 5mg,5mg,Tablet,566974,https://www.moph.gov.lb/en/Drugs/view/5505
5513,R06AX27,DELINE-MED,G,Desloratadine - 0.5mg/ml,0.5mg/ml,Syrup,259810,https://www.moph.gov.lb/en/Drugs/view/5513
3218,J05AR24,DELSTRIGO,B,"Lamivudine - 300mg, Tenofovir disoproxil - 300mg, Doravirine - 100mg",,"Tablet, film coated",48879793,https://www.moph.gov.lb/en/Drugs/view/3218
22,A02BC01,DEMEPRAZOL,G,Omeprazole - 20mg,20mg,Capsule,302365,https://www.moph.gov.lb/en/Drugs/view/22
4605,N03AG01,DEPAKINE,B,Sodium Valproate - 200mg/ml,200mg/ml,Solution,360150,https://www.moph.gov.lb/en/Drugs/view/4605
4606,N03AG01,DEPAKINE,B,Sodium Valproate - 500mg,500mg,"Tablet, enteric coated",479752,https://www.moph.gov.lb/en/Drugs/view/4606
4608,N03AG01,DEPAKINE,B,Sodium Valproate - 200mg,200mg,"Tablet, enteric coated",240548,https://www.moph.gov.lb/en/Drugs/view/4608
4609,N03AG01,DEPAKINE,B,Sodium Valproate - 400mg,400mg,Injectable lyophilised powder for solution+diluent,450187,https://www.moph.gov.lb/en/Drugs/view/4609
4610,N03AG01,DEPAKINE CHRONO,B,"Valproic acid - 145mg, Sodium Valproate - 333mg",500mg,"Tablet, coated, scored, prolonged release",362837,https://www.moph.gov.lb/en/Drugs/view/4610
4832,N05AX08,DEPIA,G,Risperidone - 2mg,2mg,"Tablet, scored",307164,https://www.moph.gov.lb/en/Drugs/view/4832
4838,N05AX08,DEPIA,G,Risperidone - 4mg,4mg,"Tablet, scored",499142,https://www.moph.gov.lb/en/Drugs/view/4838
4828,N05AX08,DEPIA ORAL SOLUTION,G,Risperidone - 1mg/ml,1mg/ml,Solution,1510223,https://www.moph.gov.lb/en/Drugs/view/4828
2584,H02AB04,DEPO MEDROL,B,Methylprednisolone acetate - 40mg/ml,40mg/ml,Injectable suspension,182763,https://www.moph.gov.lb/en/Drugs/view/2584
2585,H02AB04,DEPO MEDROL,B,Methylprednisolone acetate - 80mg/2ml,80mg/2ml,Injectable suspension,365525,https://www.moph.gov.lb/en/Drugs/view/2585
2487,G04BX14,DEPOJOY,G,Dapoxetine (hydrochloride) - 30mg,30mg,"Tablet, film coated",1565577,https://www.moph.gov.lb/en/Drugs/view/2487
2491,G04BX14,DEPOJOY,G,Dapoxetine (hydrochloride) - 60mg,60mg,"Tablet, film coated",1565577,https://www.moph.gov.lb/en/Drugs/view/2491
924,B03BA51,DEPOVEX,B,"Aluminium monostearate - 20mg/ml, Cyanocobalamine - 1mg/ml",,Injectable oily suspension,423310,https://www.moph.gov.lb/en/Drugs/view/924
4991,N06AX16,DEPREVIX HELLAS,G,Venlafaxine - 75mg,75mg,"Capsule, prolonged release",564414,https://www.moph.gov.lb/en/Drugs/view/4991
4992,N06AX16,DEPREVIX HELLAS,G,Venlafaxine - 75mg,75mg,"Capsule, prolonged release",564414,https://www.moph.gov.lb/en/Drugs/view/4992
4998,N06AX16,DEPREVIX HELLAS,G,Venlafaxine - 150mg,150mg,"Capsule, prolonged release",968910,https://www.moph.gov.lb/en/Drugs/view/4998
4999,N06AX16,DEPREVIX HELLAS,G,Venlafaxine - 150mg,150mg,"Capsule, prolonged release",968910,https://www.moph.gov.lb/en/Drugs/view/4999
4950,N06AB06,DEPRINE,G,Sertraline HCl - 50mg,50mg,Tablet,894615,https://www.moph.gov.lb/en/Drugs/view/4950
4940,N06AB05,DEPROX,G,Paroxetine (HCl) - 20mg,20mg,Tablet,972686,https://www.moph.gov.lb/en/Drugs/view/4940
4945,N06AB05,DEPROX,G,Paroxetine (HCl) - 40mg,40mg,Tablet,2909099,https://www.moph.gov.lb/en/Drugs/view/4945
617,A11CC03,DERIL,G,Alfacalcidol - 1mcg,1mcg,"Capsule, soft",783460,https://www.moph.gov.lb/en/Drugs/view/617
2069,D04AA32,DERMAMINE ITCH STOPPING,G,"Diphenhydramine HCl - 1%, Zinc acetete - 0.1%",,Cream,560382,https://www.moph.gov.lb/en/Drugs/view/2069
2158,D07AD01,DERMASONE,G,Clobetasol (propionate) - 0.05%,0.05%,Cream,119026,https://www.moph.gov.lb/en/Drugs/view/2158
2099,D06AX01,DERMICIN,G,Fusidic acid - 20mg/g,20mg/g,Cream,175339,https://www.moph.gov.lb/en/Drugs/view/2099
2031,D01AC14,DERMOFIX,B,Sertaconazole nitrate - 20mg/g,2%,Cream,713580,https://www.moph.gov.lb/en/Drugs/view/2031
2284,G01AF,DERMOFIX GYNO OVULE,G,Sertaconazole nitrate - 300mg,300mg,Ovule,822320,https://www.moph.gov.lb/en/Drugs/view/2284
2100,D06AX01,DERMOFUCIN,G,Fusidic acid - 2%,2%,Cream,290270,https://www.moph.gov.lb/en/Drugs/view/2100
2093,D06AX,DERMOTRACIN,G,"Neomycin sulfate - 165.000IU/150ml, Bacitracin - 15.500IU/150ml",,Powder,737770,https://www.moph.gov.lb/en/Drugs/view/2093
2154,D07AD01,DERMOVATE,B,Clobetasol (propionate) - 0.5mg/g,0.05% w/w,Cream,245923,https://www.moph.gov.lb/en/Drugs/view/2154
2155,D07AD01,DERMOVATE,B,Clobetasol (propionate) - 0.5mg/g,0.05% w/w,Cream,245923,https://www.moph.gov.lb/en/Drugs/view/2155
2159,D07AD01,DERMOVATE,B,Clobetasol (propionate) - 0.5mg/g,0.05% w/w,Ointment,245923,https://www.moph.gov.lb/en/Drugs/view/2159
2160,D07AD01,DERMOVATE,B,Clobetasol (propionate) - 0.5mg/g,0.05% w/w,Ointment,245923,https://www.moph.gov.lb/en/Drugs/view/2160
706,A15,DESARROL,G,"Cyproheptadine HCl - 0.2mg/ml, L-Arginine L-Aspartate - 25mg/ml, L-Carnitine - 50mg/ml",,Solution,1007882,https://www.moph.gov.lb/en/Drugs/view/706
4914,N06AA01,DESIPRAMINE,G,Desipramine (HCl) - 50mg,50mg,"Tablet, scored",656563,https://www.moph.gov.lb/en/Drugs/view/4914
5514,R06AX27,DESLAMED,G,Desloratadine - 0.5mg/ml,0.5mg/ml,Solution,323802,https://www.moph.gov.lb/en/Drugs/view/5514
5473,R06AX,DESLAMED FORTE,G,"Desloratadine - 1mg/ml, Betamethasone - 0.05mg/ml",,Syrup,1009802,https://www.moph.gov.lb/en/Drugs/view/5473
5474,R06AX,DESLAMED FORTE,G,"Desloratadine - 1mg/ml, Betamethasone - 0.05mg/ml",,Syrup,673201,https://www.moph.gov.lb/en/Drugs/view/5474
5475,R06AX,DESLOCORT,G,"Desloratadine - 1mg/ml, Betamethasone - 0.05mg/ml",,Syrup,1009802,https://www.moph.gov.lb/en/Drugs/view/5475
5476,R06AX,DESLOCORT,G,"Desloratadine - 1mg/ml, Betamethasone - 0.05mg/ml",,Syrup,673201,https://www.moph.gov.lb/en/Drugs/view/5476
5515,R06AX27,DESLOR CHAPHA,G,Desloratadine - 0.5mg/ml,0.5mg/ml,Solution,323802,https://www.moph.gov.lb/en/Drugs/view/5515
5506,R06AX27,DESLOR MEDIS,G,Desloratadine - 5mg,5mg,"Tablet, film coated",396434,https://www.moph.gov.lb/en/Drugs/view/5506
5516,R06AX27,DESLORATADINE ARROW,G,Desloratadine - 0.5mg/ml,0.5mg/ml,Solution,256674,https://www.moph.gov.lb/en/Drugs/view/5516
2411,G04BD07,DETRUSITOL,B,Tolterodine (tartrate) - 2mg,2mg,"Tablet, film coated",1995606,https://www.moph.gov.lb/en/Drugs/view/2411
5551,S01BA01,DEXAFREE,G,Dexamethasone Phosphate - 1mg/ml,1mg/ml,Drops solution,563070,https://www.moph.gov.lb/en/Drugs/view/5551
5552,S01BA01,DEXAFREE,G,Dexamethasone Phosphate - 1mg/ml,1mg/ml,Drops solution,563070,https://www.moph.gov.lb/en/Drugs/view/5552
2559,H02AB02,DEXAMED,G,Dexamethasone - 8mg/2ml,8mg/2ml,Injectable solution,3547744,https://www.moph.gov.lb/en/Drugs/view/2559
2560,H02AB02,DEXAMED,G,Dexamethasone - 8mg/2ml,8mg/2ml,Injectable solution,486471,https://www.moph.gov.lb/en/Drugs/view/2560
2561,H02AB02,DEXAMEDIS FORT,G,Dexamethasone Phosphate - 8mg/2ml,8mg/2ml,Injectable solution,43003,https://www.moph.gov.lb/en/Drugs/view/2561
2558,H02AB02,DEXAMETHASONE,G,Dexamethasone - 0.5mg/5ml,0.5mg/5ml,Elixir,119026,https://www.moph.gov.lb/en/Drugs/view/2558
2569,H02AB02,DEXAMETHASONE MEDIS,G,Dexamethasone Phosphate - 4mg/1ml,4mg/1ml,Injectable solution,1154361,https://www.moph.gov.lb/en/Drugs/view/2569
2570,H02AB02,DEXAMETHASONE NOVUMGEN,G,Dexamethasone - 4mg,4mg,Tablet,8455824,https://www.moph.gov.lb/en/Drugs/view/2570
2562,H02AB02,DEXAMETHASONE PANPHARMA,G,Dexamethasone (sodium phosphate) - 8mg/2ml,8mg/2ml,Injectable solution,1076418,https://www.moph.gov.lb/en/Drugs/view/2562
2563,H02AB02,DEXAMETHASONE SODIUM PHOSPHATE INJECTION USP,G,Dexamethasone (sodium phosphate) - 8mg/2ml,8mg/2ml,Injectable solution,358806,https://www.moph.gov.lb/en/Drugs/view/2563
2564,H02AB02,DEXAMETHASONE SODIUM PHOSPHATE USP - EIPICO,G,Dexamethasone (sodium phosphate) - 8mg/2ml,8mg/2ml,Injectable solution,185450,https://www.moph.gov.lb/en/Drugs/view/2564
2565,H02AB02,DEXASINA,G,Dexamethasone Phosphate - 8mg/2ml,8mg/2ml,Injectable solution,3471145,https://www.moph.gov.lb/en/Drugs/view/2565
5566,S01CA01,DEXATOBRIN,G,"Dexamethasone - 1mg/ml, Tobramycin - 3mg/ml",,Drops suspension,239204,https://www.moph.gov.lb/en/Drugs/view/5566
126,A02BC06,DEXILANT,B,Dexlansoprazole - 30mg,30mg,"Capsule, delayed release",1595141,https://www.moph.gov.lb/en/Drugs/view/126
127,A02BC06,DEXILANT,B,Dexlansoprazole - 60mg,60mg,"Capsule, delayed release",2375914,https://www.moph.gov.lb/en/Drugs/view/127
4174,M01AE17,DEXIREN,G,Dexketoprofen - 50mg/2ml,50mg/2ml,Injectable solution,467657,https://www.moph.gov.lb/en/Drugs/view/4174
4170,M01AE17,DEXKEVITAE,G,Dexketoprofen (trometamol) - 25mg,25mg,"Tablet, film coated",486471,https://www.moph.gov.lb/en/Drugs/view/4170
4911,N05CM18,DEXMEDETOMIDINE EVER PHARMA,G,Dexmedetomidine HCl - 200mcg/2ml,200mcg/2ml,Injectable concentrate for solution,9340433,https://www.moph.gov.lb/en/Drugs/view/4911
4913,N05CM18,DEXMEDETOMIDINE EVER PHARMA,G,Dexmedetomidine HCl - 400mcg/4ml,400mcg/4ml,Injectable concentrate for solution,15543897,https://www.moph.gov.lb/en/Drugs/view/4913
4171,M01AE17,DEXON,G,Dexketoprofen - 25mg,25mg,"Tablet, film coated",239204,https://www.moph.gov.lb/en/Drugs/view/4171
128,A02BC07,DEXPURE,B,Dexrabeprazole sodium - 10mg,10mg,"Tablet, enteric coated",517379,https://www.moph.gov.lb/en/Drugs/view/128
1086,B05CX01,DEXTROSE,G,"Dextrose, H2O - 30g/100ml",30g/100ml,Injectable solution,944626,https://www.moph.gov.lb/en/Drugs/view/1086
1095,B05CX01,DEXTROSE,G,"Dextrose, H2O - 10g/100ml",10g/100ml,Injectable solution,170630,https://www.moph.gov.lb/en/Drugs/view/1095
1096,B05CX01,DEXTROSE,G,"Dextrose, H2O - 10g/100ml",10g/100ml,Injectable solution,194211,https://www.moph.gov.lb/en/Drugs/view/1096
1097,B05CX01,DEXTROSE,G,"Dextrose, H2O - 10g/100ml",10g/100ml,Injectable solution,219493,https://www.moph.gov.lb/en/Drugs/view/1097
1098,B05CX01,DEXTROSE,G,"Dextrose, H2O - 10g/100ml",10g/100ml,Injectable solution,170630,https://www.moph.gov.lb/en/Drugs/view/1098
1099,B05CX01,DEXTROSE,G,"Dextrose, H2O - 10g/100ml",10g/100ml,Injectable solution,252820,https://www.moph.gov.lb/en/Drugs/view/1099
1100,B05CX01,DEXTROSE,G,"Dextrose, H2O - 10g/100ml",10g/100ml,Injectable solution,284997,https://www.moph.gov.lb/en/Drugs/view/1100
1101,B05CX01,DEXTROSE,G,"Dextrose, H2O - 10g/100ml",10g/100ml,Injectable solution,220643,https://www.moph.gov.lb/en/Drugs/view/1101
1108,B05CX01,DEXTROSE,G,"Dextrose, H2O - 20g/100ml",20g/100ml,Injectable solution,369209,https://www.moph.gov.lb/en/Drugs/view/1108
1125,B05CX01,DEXTROSE,G,"Dextrose, H2O - 5g/100ml",5g/100ml,Injectable solution,174062,https://www.moph.gov.lb/en/Drugs/view/1125
1126,B05CX01,DEXTROSE,G,"Dextrose, H2O - 5g/100ml",5g/100ml,Injectable solution,174062,https://www.moph.gov.lb/en/Drugs/view/1126
1127,B05CX01,DEXTROSE,G,"Dextrose, H2O - 5g/100ml",5g/100ml,Injectable solution,170630,https://www.moph.gov.lb/en/Drugs/view/1127
1128,B05CX01,DEXTROSE,G,"Dextrose, H2O - 5g/100ml",5g/100ml,Injectable solution,182720,https://www.moph.gov.lb/en/Drugs/view/1128
1129,B05CX01,DEXTROSE,G,"Dextrose, H2O - 5g/100ml",5g/100ml,Injectable solution,205933,https://www.moph.gov.lb/en/Drugs/view/1129
1130,B05CX01,DEXTROSE,G,"Dextrose, H2O - 5g/100ml",5g/100ml,Injectable solution,188772,https://www.moph.gov.lb/en/Drugs/view/1130
1131,B05CX01,DEXTROSE,G,"Dextrose, H2O - 5g/100ml",5g/100ml,Injectable solution,188772,https://www.moph.gov.lb/en/Drugs/view/1131
1132,B05CX01,DEXTROSE,G,"Dextrose, H2O - 5g/100ml",5g/100ml,Injectable solution,195361,https://www.moph.gov.lb/en/Drugs/view/1132
1133,B05CX01,DEXTROSE,G,"Dextrose, H2O - 5g/100ml",5g/100ml,Injectable solution,224565,https://www.moph.gov.lb/en/Drugs/view/1133
1134,B05CX01,DEXTROSE,G,"Dextrose, H2O - 5g/100ml",5g/100ml,Injectable solution,185340,https://www.moph.gov.lb/en/Drugs/view/1134
1155,B05CX01,DEXTROSE,G,"Dextrose, H2O - 33g/100ml",33g/100ml,Injectable solution,287295,https://www.moph.gov.lb/en/Drugs/view/1155
1156,B05CX01,DEXTROSE,G,"Dextrose, H2O - 33g/100ml",33g/100ml,Injectable solution,312577,https://www.moph.gov.lb/en/Drugs/view/1156
1157,B05CX01,DEXTROSE,G,"Dextrose, H2O - 50g/100ml",50g/100ml,Injectable solution,329815,https://www.moph.gov.lb/en/Drugs/view/1157
1158,B05CX01,DEXTROSE,G,"Dextrose, H2O - 20g/100ml",20g/100ml,Injectable solution,807874,https://www.moph.gov.lb/en/Drugs/view/1158
1102,B05CX01,"DEXTROSE 10% INJECTION, USP",G,Glucose - 10%,10%,Injectable solution,217195,https://www.moph.gov.lb/en/Drugs/view/1102
1103,B05CX01,"DEXTROSE 10% INJECTION, USP",G,Glucose - 10%,10%,Injectable solution,191913,https://www.moph.gov.lb/en/Drugs/view/1103
1104,B05CX01,"DEXTROSE 10% INJECTION, USP",G,Glucose - 10%,10%,Injectable solution,168929,https://www.moph.gov.lb/en/Drugs/view/1104
1049,B05BB02,DEXTROSE 2.5% & SODIUM CHLORIDE 0.45%,G,"Sodium chloride - 0.45g/100ml, Dextrose, H2O - 2.5g/100ml",,Injectable solution,176974,https://www.moph.gov.lb/en/Drugs/view/1049
1050,B05BB02,DEXTROSE 2.5% & SODIUM CHLORIDE 0.45%,G,"Sodium chloride - 0.45g/100ml, Dextrose, H2O - 2.5g/100ml",,Injectable solution,198578,https://www.moph.gov.lb/en/Drugs/view/1050
1051,B05BB02,DEXTROSE 2.5% & SODIUM CHLORIDE 0.45%,G,"Sodium chloride - 0.45g/100ml, Dextrose, H2O - 2.5g/100ml",,Injectable solution,224090,https://www.moph.gov.lb/en/Drugs/view/1051
1052,B05BB02,DEXTROSE 2.5% & SODIUM CHLORIDE 0.45%,G,"Sodium chloride - 0.45g/100ml, Dextrose, H2O - 2.5g/100ml",,Injectable solution,212598,https://www.moph.gov.lb/en/Drugs/view/1052
1053,B05BB02,"DEXTROSE 2.5% SODIUM CHLORIDE 0.45% INJECTION, USP",G,"Sodium chloride - 0.45%, Glucose - 2.5%",,Injectable solution,185018,https://www.moph.gov.lb/en/Drugs/view/1053
1054,B05BB02,"DEXTROSE 2.5% SODIUM CHLORIDE 0.45% INJECTION, USP",G,"Sodium chloride - 0.45%, Glucose - 2.5%",,Injectable solution,174675,https://www.moph.gov.lb/en/Drugs/view/1054
1055,B05BB02,"DEXTROSE 2.5% SODIUM CHLORIDE 0.45% INJECTION, USP",G,"Sodium chloride - 0.45%, Glucose - 2.5%",,Injectable solution,148566,https://www.moph.gov.lb/en/Drugs/view/1055
1109,B05CX01,DEXTROSE 20% INJECTION USP,G,Glucose - 20%,20%,Injectable solution,316025,https://www.moph.gov.lb/en/Drugs/view/1109
1110,B05CX01,DEXTROSE 20% INJECTION USP,G,Glucose - 20%,20%,Injectable solution,183869,https://www.moph.gov.lb/en/Drugs/view/1110
1066,B05BB02,DEXTROSE 5% & SODIUM CHLORIDE 0.2%,G,"Sodium chloride - 0.2g/100ml, Dextrose, H2O - 5g/100ml",,Injectable solution,194165,https://www.moph.gov.lb/en/Drugs/view/1066
1067,B05BB02,DEXTROSE 5% & SODIUM CHLORIDE 0.2%,G,"Sodium chloride - 0.2g/100ml, Dextrose, H2O - 5g/100ml",,Injectable solution,220643,https://www.moph.gov.lb/en/Drugs/view/1067
1068,B05BB02,DEXTROSE 5% & SODIUM CHLORIDE 0.3%,G,"Sodium chloride - 0.3g/100ml, Dextrose, H2O - 5g/100ml",,Injectable solution,188772,https://www.moph.gov.lb/en/Drugs/view/1068
1069,B05BB02,DEXTROSE 5% & SODIUM CHLORIDE 0.3%,G,"Sodium chloride - 0.3g/100ml, Dextrose, H2O - 5g/100ml",,Injectable solution,204554,https://www.moph.gov.lb/en/Drugs/view/1069
1070,B05BB02,DEXTROSE 5% & SODIUM CHLORIDE 0.3%,G,"Sodium chloride - 0.3g/100ml, Dextrose, H2O - 5g/100ml",,Injectable solution,220643,https://www.moph.gov.lb/en/Drugs/view/1070
1033,B05BB02,DEXTROSE 5% & SODIUM CHLORIDE 0.45%,G,"Sodium chloride - 0.45g/100ml, Dextrose, H2O - 5g/100ml",,Injectable solution,205933,https://www.moph.gov.lb/en/Drugs/view/1033
1034,B05BB02,DEXTROSE 5% & SODIUM CHLORIDE 0.45%,G,"Sodium chloride - 0.45g/100ml, Dextrose, H2O - 5g/100ml",,Injectable solution,182720,https://www.moph.gov.lb/en/Drugs/view/1034
1035,B05BB02,DEXTROSE 5% & SODIUM CHLORIDE 0.45%,G,"Sodium chloride - 0.45g/100ml, Dextrose, H2O - 5g/100ml",,Injectable solution,217210,https://www.moph.gov.lb/en/Drugs/view/1035
1036,B05BB02,DEXTROSE 5% & SODIUM CHLORIDE 0.45%,G,"Sodium chloride - 0.45g/100ml, Dextrose, H2O - 5g/100ml",,Injectable solution,240255,https://www.moph.gov.lb/en/Drugs/view/1036
1016,B05BB02,DEXTROSE 5% & SODIUM CHLORIDE 0.9%,G,"Sodium chloride - 0.9g/100ml, Dextrose, H2O - 5g/100ml",,Injectable solution,189262,https://www.moph.gov.lb/en/Drugs/view/1016
1017,B05BB02,DEXTROSE 5% & SODIUM CHLORIDE 0.9%,G,"Sodium chloride - 0.9g/100ml, Dextrose, H2O - 5g/100ml",,Injectable solution,182720,https://www.moph.gov.lb/en/Drugs/view/1017
1018,B05BB02,DEXTROSE 5% & SODIUM CHLORIDE 0.9%,G,"Sodium chloride - 0.9g/100ml, Dextrose, H2O - 5g/100ml",,Injectable solution,207894,https://www.moph.gov.lb/en/Drugs/view/1018
1019,B05BB02,DEXTROSE 5% & SODIUM CHLORIDE 0.9%,G,"Sodium chloride - 0.9g/100ml, Dextrose, H2O - 5g/100ml",,Injectable solution,198578,https://www.moph.gov.lb/en/Drugs/view/1019
1020,B05BB02,DEXTROSE 5% & SODIUM CHLORIDE 0.9%,G,"Sodium chloride - 0.9g/100ml, Dextrose, H2O - 5g/100ml",,Injectable solution,226036,https://www.moph.gov.lb/en/Drugs/view/1020
1065,B05BB02,DEXTROSE 5% IN LACTATED RINGER'S,G,"Sodium lactate - 0.31g/100ml, Calcium chloride 2H2O - 0.02g/100ml, Potassium chloride - 0.03g/100ml, Sodium chloride - 0.598g/100ml, Dextrose, H2O - 5g/100ml",,Injectable solution,207404,https://www.moph.gov.lb/en/Drugs/view/1065
1135,B05CX01,DEXTROSE 5% INJECTION USP,G,Glucose - 5%,5%,Injectable solution,158587,https://www.moph.gov.lb/en/Drugs/view/1135
1136,B05CX01,DEXTROSE 5% INJECTION USP,G,Glucose - 5%,5%,Injectable solution,171228,https://www.moph.gov.lb/en/Drugs/view/1136
1137,B05CX01,"DEXTROSE 5% INJECTION, USP",G,Glucose - 5%,5%,Injectable solution,193062,https://www.moph.gov.lb/en/Drugs/view/1137
1138,B05CX01,"DEXTROSE 5% INJECTION, USP",G,Glucose - 5%,5%,Injectable solution,171228,https://www.moph.gov.lb/en/Drugs/view/1138
1139,B05CX01,"DEXTROSE 5% INJECTION, USP",G,Glucose - 5%,5%,Injectable solution,158587,https://www.moph.gov.lb/en/Drugs/view/1139
1037,B05BB02,"DEXTROSE 5% SODIUM CHLORIDE 0.45% INJECTION, USP",G,"Sodium chloride - 0.45%, Glucose - 5%",,Injectable solution,193062,https://www.moph.gov.lb/en/Drugs/view/1037
1038,B05BB02,"DEXTROSE 5% SODIUM CHLORIDE 0.45% INJECTION, USP",G,"Sodium chloride - 0.45%, Glucose - 5%",,Injectable solution,180421,https://www.moph.gov.lb/en/Drugs/view/1038
1039,B05BB02,"DEXTROSE 5% SODIUM CHLORIDE 0.45% INJECTION, USP",G,"Sodium chloride - 0.45%, Glucose - 5%",,Injectable solution,148566,https://www.moph.gov.lb/en/Drugs/view/1039
1021,B05BB02,"DEXTROSE 5% SODIUM CHLORIDE 0.9% INJECTION, USP",G,"Sodium chloride - 0.9%, Glucose - 5%",,Injectable solution,194211,https://www.moph.gov.lb/en/Drugs/view/1021
1022,B05BB02,"DEXTROSE 5% SODIUM CHLORIDE 0.9% INJECTION, USP",G,"Sodium chloride - 0.9%, Glucose - 5%",,Injectable solution,180421,https://www.moph.gov.lb/en/Drugs/view/1022
1023,B05BB02,"DEXTROSE 5% SODIUM CHLORIDE 0.9% INJECTION, USP",G,"Sodium chloride - 0.9%, Glucose - 5%",,Injectable solution,186167,https://www.moph.gov.lb/en/Drugs/view/1023
1151,B05CX01,DEXTROSE 7.5% INJECTION USP,G,Glucose - 7.5%,7.5%,Injectable solution,148566,https://www.moph.gov.lb/en/Drugs/view/1151
1152,B05CX01,DEXTROSE 7.5% INJECTION USP,G,Glucose - 7.5%,7.5%,Injectable solution,179456,https://www.moph.gov.lb/en/Drugs/view/1152
1153,B05CX01,DEXTROSE 7.5% INJECTION USP,G,Glucose - 7.5%,7.5%,Injectable solution,163184,https://www.moph.gov.lb/en/Drugs/view/1153
1140,B05CX01,DEXTROSE INJECTION 5%,G,"Dextrose, H2O - 5g/100ml",,Injectable solution,212797,https://www.moph.gov.lb/en/Drugs/view/1140
5399,R05DA09,DIACOL,G,Dextromethorphan HBr - 27mg/15ml,27mg/15ml,Syrup,517379,https://www.moph.gov.lb/en/Drugs/view/5399
582,A10BK01,DIAFLOZIN,G,Dapagliflozin - 10mg,10mg,"Tablet, film coated",2124167,https://www.moph.gov.lb/en/Drugs/view/582
517,A10BD15,DIAFLOZIN PLUS,G,"Metformin HCl XR - 1000mg, Dapagliflozin - 5mg",,"Tablet, film coated",1241710,https://www.moph.gov.lb/en/Drugs/view/517
521,A10BD15,DIAFLOZIN PLUS,G,"Metformin HCl XR - 1000mg, Dapagliflozin - 10mg",,"Tablet, film coated",2483421,https://www.moph.gov.lb/en/Drugs/view/521
404,A10BA02,DIALON,G,Metformin HCl - 850mg,850mg,Tablet,98101,https://www.moph.gov.lb/en/Drugs/view/404
419,A10BA02,DIALON,G,Metformin HCl - 1g,"1,000mg",Tablet,180075,https://www.moph.gov.lb/en/Drugs/view/419
445,A10BB12,DIAMERIL,G,Glimepiride - 1mg,1mg,Tablet,130545,https://www.moph.gov.lb/en/Drugs/view/445
451,A10BB12,DIAMERIL,G,Glimepiride - 2mg,2mg,Tablet,199657,https://www.moph.gov.lb/en/Drugs/view/451
459,A10BB12,DIAMERIL,G,Glimepiride - 3mg,3mg,Tablet,261089,https://www.moph.gov.lb/en/Drugs/view/459
467,A10BB12,DIAMERIL,G,Glimepiride - 4mg,4mg,Tablet,322522,https://www.moph.gov.lb/en/Drugs/view/467
478,A10BD02,DIAMET 500/5,G,"Metformin HCl XR - 500mg, Glibenclamide - 5mg",,"Tablet, film coated",639925,https://www.moph.gov.lb/en/Drugs/view/478
441,A10BB09,DIAMICRON MR,B,Gliclazide - 60mg,60mg,"Tablet, modified release",382995,https://www.moph.gov.lb/en/Drugs/view/441
2401,G03HB01,DIANE '35',B,"Ethinylestradiol - 0.035mg, Cyproterone acetate - 2mg",,Tablet,494534,https://www.moph.gov.lb/en/Drugs/view/2401
1169,B05DB,DIANEAL PD4 1.36% GLUCOSE,B,"Sodium lactate - 4.48g/l, Magnesium chloride - 0.051g/l, Calcium chloride - 0.184g/l, Sodium chloride - 5.38g/l, Anhydrous glucose - 13.6g/l",1.36%,Injectable solution,1163270,https://www.moph.gov.lb/en/Drugs/view/1169
1170,B05DB,DIANEAL PD4 1.36% GLUCOSE,B,"Sodium lactate - 4.48g/l, Magnesium chloride - 0.051g/l, Calcium chloride - 0.184g/l, Sodium chloride - 5.38g/l, Anhydrous glucose - 13.6g/l",1.36%,Injectable solution,1163270,https://www.moph.gov.lb/en/Drugs/view/1170
1173,B05DB,DIANEAL PD4 2.27% GLUCOSE,B,"Sodium lactate - 4.48g/l, Magnesium chloride - 0.051g/l, Calcium chloride - 0.184g/l, Sodium chloride - 5.38g/l, Anhydrous glucose - 22.7g/l",,Injectable solution,1163270,https://www.moph.gov.lb/en/Drugs/view/1173
1174,B05DB,DIANEAL PD4 2.27% GLUCOSE,B,"Sodium lactate - 4.48g/l, Magnesium chloride - 0.051g/l, Calcium chloride - 0.184g/l, Sodium chloride - 5.38g/l, Anhydrous glucose - 22.7g/l",,Injectable solution,1163270,https://www.moph.gov.lb/en/Drugs/view/1174
1177,B05DB,DIANEAL PD4 3.86% GLUCOSE,B,"Sodium lactate - 4.48g/l, Magnesium chloride - 0.051g/l, Calcium chloride - 0.184g/l, Sodium chloride - 5.38g/l, Anhydrous glucose - 38.6g/l",,Injectable solution,1111506,https://www.moph.gov.lb/en/Drugs/view/1177
1178,B05DB,DIANEAL PD4 3.86% GLUCOSE,B,"Sodium lactate - 4.48g/l, Magnesium chloride - 0.051g/l, Calcium chloride - 0.184g/l, Sodium chloride - 5.38g/l, Anhydrous glucose - 38.6g/l",,Injectable solution,1111506,https://www.moph.gov.lb/en/Drugs/view/1178
1171,B05DB,DIANEAL PD4 CYCLER 1.36% GLUCOSE,B,"Sodium lactate - 4.48g/l, Magnesium chloride - 0.051g/l, Calcium chloride - 0.184g/l, Sodium chloride - 5.38g/l, Anhydrous glucose - 13.6g/l",,Injectable solution,1150329,https://www.moph.gov.lb/en/Drugs/view/1171
1172,B05DB,DIANEAL PD4 CYCLER 1.36% GLUCOSE,B,"Sodium lactate - 4.48g/l, Magnesium chloride - 0.051g/l, Calcium chloride - 0.184g/l, Sodium chloride - 5.38g/l, Anhydrous glucose - 13.6g/l",,Injectable solution,1150329,https://www.moph.gov.lb/en/Drugs/view/1172
1175,B05DB,DIANEAL PD4 CYCLER 2.27% GLUCOSE,B,"Sodium lactate - 4.48g/l, Magnesium chloride - 0.051g/l, Calcium chloride - 0.184g/l, Sodium chloride - 5.38g/l, Anhydrous glucose - 22.7g/l",,Injectable solution,1150329,https://www.moph.gov.lb/en/Drugs/view/1175
1176,B05DB,DIANEAL PD4 CYCLER 2.27% GLUCOSE,B,"Sodium lactate - 4.48g/l, Magnesium chloride - 0.051g/l, Calcium chloride - 0.184g/l, Sodium chloride - 5.38g/l, Anhydrous glucose - 22.7g/l",,Injectable solution,1150329,https://www.moph.gov.lb/en/Drugs/view/1176
1179,B05DB,DIANEAL PD4 CYCLER 3.86% GLUCOSE,B,"Sodium lactate - 4.48g/l, Magnesium chloride - 0.051g/l, Calcium chloride - 0.184g/l, Sodium chloride - 5.38g/l, Anhydrous glucose - 38.6g/l",,Injectable solution,1150329,https://www.moph.gov.lb/en/Drugs/view/1179
1180,B05DB,DIANEAL PD4 CYCLER 3.86% GLUCOSE,B,"Sodium lactate - 4.48g/l, Magnesium chloride - 0.051g/l, Calcium chloride - 0.184g/l, Sodium chloride - 5.38g/l, Anhydrous glucose - 38.6g/l",,Injectable solution,1150329,https://www.moph.gov.lb/en/Drugs/view/1180
405,A10BA02,DIANORM 850,G,Metformin HCl - 850mg,850mg,"Tablet, film coated",221286,https://www.moph.gov.lb/en/Drugs/view/405
406,A10BA02,DIANORM 850,G,Metformin HCl - 850mg,850mg,"Tablet, film coated",221286,https://www.moph.gov.lb/en/Drugs/view/406
430,A10BA02,DIANORM XR 1000,G,"Metformin HCl - 1,000mg","1,000mg","Tablet, film coated, extended release",579772,https://www.moph.gov.lb/en/Drugs/view/430
431,A10BA02,DIANORM XR 1000,G,Metformin HCl - 1000mg,"1,000mg","Tablet, film coated, extended release",579772,https://www.moph.gov.lb/en/Drugs/view/431
435,A10BA02,DIANORM XR 500,G,Metformin HCl - 500mg,500mg,"Tablet, film coated, extended release",349399,https://www.moph.gov.lb/en/Drugs/view/435
436,A10BA02,DIANORM XR 500,G,Metformin HCl - 500mg,500mg,"Tablet, film coated, extended release",349399,https://www.moph.gov.lb/en/Drugs/view/436
427,A10BA02,DIANORM XR 750,G,Metformin HCl - 750mg,750mg,"Tablet, film coated, extended release",500421,https://www.moph.gov.lb/en/Drugs/view/427
428,A10BA02,DIANORM XR 750,G,Metformin HCl - 750mg,750mg,"Tablet, film coated, extended release",500421,https://www.moph.gov.lb/en/Drugs/view/428
398,A10BA02,DIAPHAGE,G,Metformin HCl - 500mg,500mg,"Tablet, film coated",119602,https://www.moph.gov.lb/en/Drugs/view/398
407,A10BA02,DIAPHAGE,G,Metformin HCl - 850mg,850mg,"Tablet, film coated",147823,https://www.moph.gov.lb/en/Drugs/view/407
432,A10BA02,DIAPHAGE,G,Metformin HCl - 1g,1g,"Tablet, extended release",150510,https://www.moph.gov.lb/en/Drugs/view/432
3156,J04AB03,DIARENTIS,B,Rifamycin sodium - 200mg,200mg,"Tablet, extended release",1100671,https://www.moph.gov.lb/en/Drugs/view/3156
5663,V01AA,DIATER,B,Allergen extracts -,,Spray,26856672,https://www.moph.gov.lb/en/Drugs/view/5663
5664,V01AA,DIATER,B,Allergen extracts -,,Spray,34962083,https://www.moph.gov.lb/en/Drugs/view/5664
5665,V01AA,DIATER,B,Allergen extracts -,,Spray,35697531,https://www.moph.gov.lb/en/Drugs/view/5665
5666,V01AA,DIATER,B,Allergen extracts -,,Spray,26856672,https://www.moph.gov.lb/en/Drugs/view/5666
4883,N05BA01,DIAZEPAM RENAUDIN,G,Diazepam - 10mg/2ml,10mg/2ml,Injectable solution,514692,https://www.moph.gov.lb/en/Drugs/view/4883
653,A11CC05,DIBASE,G,Vitamin D3 - 50000IU/2.5ml,"50,000IU/2.5ml",Solution,755239,https://www.moph.gov.lb/en/Drugs/view/653
658,A11CC05,DIBASE,G,"Vitamin D3 - 100,000IU/ml","100,000IU/ml",Injectable solution,354774,https://www.moph.gov.lb/en/Drugs/view/658
4075,M01AB05,DICLO-DENK 100 RECTAL,G,Diclofenac sodium - 100mg,100mg,Suppository,310428,https://www.moph.gov.lb/en/Drugs/view/4075
4069,M01AB05,DICLO-DENK 100 RETARD,G,Diclofenac sodium - 100mg,100mg,"Tablet, sustained release",1756402,https://www.moph.gov.lb/en/Drugs/view/4069
4058,M01AB05,DICLO-DENK 50,G,Diclofenac sodium - 50mg,50mg,"Tablet, enteric coated",893655,https://www.moph.gov.lb/en/Drugs/view/4058
4079,M01AB05,DICLO-DENK 75 INJECTION,G,Diclofenac sodium - 75mg/3ml,75mg/3ml,Injectable solution,716268,https://www.moph.gov.lb/en/Drugs/view/4079
4078,M01AB05,DICLOCELL,G,Diclofenac sodium - 75mg/3ml,75mg/3ml,Injectable solution,945809,https://www.moph.gov.lb/en/Drugs/view/4078
5561,S01BC03,DICLOFTIL,G,Diclofenac sodium - 0.1%,0.1%,Drops solution,1038790,https://www.moph.gov.lb/en/Drugs/view/5561
4059,M01AB05,DICLOGESIC,G,Diclofenac sodium - 50mg,50mg,"Tablet, enteric coated",205608,https://www.moph.gov.lb/en/Drugs/view/4059
4231,M02AA15,DICLOGESIC,G,Diclofenac sodium (diethylamine) - 10mg/g,1%,Gel,135728,https://www.moph.gov.lb/en/Drugs/view/4231
4089,M01AB05,DICLOGESIC 12.5 CHILDREN,G,Diclofenac sodium - 12.5mg,12.5mg,Suppository,83318,https://www.moph.gov.lb/en/Drugs/view/4089
4070,M01AB05,DICLOGESIC RETARD,G,Diclofenac sodium - 100mg,100mg,"Tablet, film coated",233829,https://www.moph.gov.lb/en/Drugs/view/4070
4071,M01AB05,DICLORETARD,G,Diclofenac sodium - 100mg,100mg,"Capsule, sustained release",445388,https://www.moph.gov.lb/en/Drugs/view/4071
880,B02BX01,DICYNONE,B,Etamsylate - 250mg/2ml,250mg,Injectable solution,482439,https://www.moph.gov.lb/en/Drugs/view/880
881,B02BX01,DICYNONE,B,Etamsylate - 500mg,500mg,Capsule,1311590,https://www.moph.gov.lb/en/Drugs/view/881
2372,G03DB08,DIENOSIS,G,Dienogest - 2mg,2mg,Tablet,2822069,https://www.moph.gov.lb/en/Drugs/view/2372
2198,D10AD03,DIFADERM,G,Adapalene - 0.1%,0.1%,Gel,414671,https://www.moph.gov.lb/en/Drugs/view/2198
2200,D10AD03,DIFADERM,G,Adapalene - 0.3%,0.3%,Gel,952208,https://www.moph.gov.lb/en/Drugs/view/2200
4109,M01AB55,DIFEN B12,G,"Diclofenac potassium - 50mg, Betamethasone - 0.3mg, Cyanocobalamin - 5mg",,Tablet,503941,https://www.moph.gov.lb/en/Drugs/view/4109
4113,M01AB55,DIFEN B12,G,"Diclofenac sodium - 75mg, Prednisolone sodium phosphate - 10.08mg, Hydroxocobalamin acetate - 10.44mg",,Injectable solution,978317,https://www.moph.gov.lb/en/Drugs/view/4113
4114,M01AB55,DIFEN B12,G,"Diclofenac sodium - 75mg, Betamethasone (sodium phosphate) - 2mg, Hydroxocobalamin sulphate - 10mg",,Injectable solution,978317,https://www.moph.gov.lb/en/Drugs/view/4114
4106,M01AB55,DIFEN FLEX,G,"Diclofenac sodium - 50mg, Pridinol mesylate - 4mg",,"Tablet, film coated",575165,https://www.moph.gov.lb/en/Drugs/view/4106
4107,M01AB55,DIFEN FLEX,G,"Diclofenac sodium - 75mg, Pridinol mesylate - 2.2mg",,Injectable solution,1131515,https://www.moph.gov.lb/en/Drugs/view/4107
4531,N02BE51,DIFEN GESIC,G,"Paracetamol - 400mg, Diclofenac potassium - 50mg",,"Tablet, film coated",330585,https://www.moph.gov.lb/en/Drugs/view/4531
4108,M01AB55,DIFEN PLUS,G,"Diclofenac potassium - 50mg, Betamethasone - 0.3mg",,"Tablet, coated",503941,https://www.moph.gov.lb/en/Drugs/view/4108
2197,D10AD03,DIFFERIN,B,Adapalene - 0.1g/100g,0.1%,Cream,521411,https://www.moph.gov.lb/en/Drugs/view/2197
2199,D10AD03,DIFFERIN,B,Adapalene - 0.1g/100g,0.1%,Gel,485127,https://www.moph.gov.lb/en/Drugs/view/2199
296,A07AA12,DIFICLIR,B,Fidaxomicin - 200mg,200mg,"Tablet, film coated",135347725,https://www.moph.gov.lb/en/Drugs/view/296
5674,V03AC03,DIFIRAX,G,Deferasirox - 250mg,250mg,"Tablet, dispersible",23213276,https://www.moph.gov.lb/en/Drugs/view/5674
5676,V03AC03,DIFIRAX,G,Deferasirox - 500mg,500mg,"Tablet, dispersible",38637010,https://www.moph.gov.lb/en/Drugs/view/5676
3106,J02AC01,DIFLUCAN,B,Fluconazole - 50mg,50mg,Capsule,622199,https://www.moph.gov.lb/en/Drugs/view/3106
3113,J02AC01,DIFLUCAN,B,Fluconazole - 150mg,150mg,Capsule,286238,https://www.moph.gov.lb/en/Drugs/view/3113
23,A02BC01,DIGCAP,G,Omeprazole - 20mg,20mg,Capsule,593850,https://www.moph.gov.lb/en/Drugs/view/23
4080,M01AB05,DIKLORON,G,Diclofenac sodium - 75mg/3ml,75mg/3ml,Injectable solution,491846,https://www.moph.gov.lb/en/Drugs/view/4080
5395,R05CB10,DILAMUC,G,"Dried Ivy leaf extract - 170mg/100ml, Glycyrrhizic acid (Glycyrrhiza Glabra, Liquorice root) - 164mg/100ml, Thyme - 760mg/100ml",,Syrup,456906,https://www.moph.gov.lb/en/Drugs/view/5395
1517,C07AG02,DILATREND,B,Carvedilol - 6.25mg,6.25mg,"Tablet, scored",364181,https://www.moph.gov.lb/en/Drugs/view/1517
1520,C07AG02,DILATREND,B,Carvedilol - 25mg,25mg,"Tablet, scored",598010,https://www.moph.gov.lb/en/Drugs/view/1520
4239,M02AA15,DILO,G,Diclofenac sodium - 2%,2%,Gel,267489,https://www.moph.gov.lb/en/Drugs/view/4239
2276,D11AX18,DILO,G,Diclofenac sodium - 8%,8%,Spray,502981,https://www.moph.gov.lb/en/Drugs/view/2276
4092,M01AB05,DILO,G,Diclofenac potassium - 50mg,50mg,Tablet,223974,https://www.moph.gov.lb/en/Drugs/view/4092
5,A01AD11,DILO MOUTHWASH,G,Diclofenac sodium - 0.74mg/ml,0.74mg/ml,,1062276,https://www.moph.gov.lb/en/Drugs/view/5
4378,N01BB52,DILOCAIN 2%,G,"Lidocaine HCl - 20mg/1.7ml, Epinephrine (bitartrate) - 0.0125mg/1.7ml",,Injectable solution,2768316,https://www.moph.gov.lb/en/Drugs/view/4378
1429,C05AE03,DILTIGEL,G,Diltiazem HCl - 2%,2%,Gel,632950,https://www.moph.gov.lb/en/Drugs/view/1429
3790,L02BA03,DIMERE,G,Fulvestrant - 250mg/5ml,250mg/5ml,Injectable solution,21805000,https://www.moph.gov.lb/en/Drugs/view/3790
4049,L04AX07,DIMETHYL FUMARATE ARROW,G,Dimethyl Fumarate - 120mg,120mg,"Capsule, gastro-resistant",11251587,https://www.moph.gov.lb/en/Drugs/view/4049
4051,L04AX07,DIMETHYL FUMARATE ARROW,G,Dimethyl Fumarate - 240mg,240mg,"Capsule, hard, gastro-resistant",38579854,https://www.moph.gov.lb/en/Drugs/view/4051
4135,M01AE01,DIMIDON,G,Ibuprofen - 20mg/ml,20mg/ml,Suspension,483783,https://www.moph.gov.lb/en/Drugs/view/4135
1445,C05CA03,DIOSMINE BIOGARAN CONSEIL,G,Diosmin - 600mg,600mg,"Tablet, coated",761959,https://www.moph.gov.lb/en/Drugs/view/1445
1653,C09CA03,DIOVAN,B,Valsartan - 80mg,80mg,"Tablet, film coated",602041,https://www.moph.gov.lb/en/Drugs/view/1653
1660,C09CA03,DIOVAN,B,Valsartan - 160mg,160mg,"Tablet, film coated",846621,https://www.moph.gov.lb/en/Drugs/view/1660
1443,C05CA03,DIOVENOR 600,B,Diosmin - 600mg,600mg,"Tablet, film coated",1089856,https://www.moph.gov.lb/en/Drugs/view/1443
1444,C05CA03,DIOVENOR 600,B,Diosmin - 600mg,600mg,Tablet,544256,https://www.moph.gov.lb/en/Drugs/view/1444
4110,M01AB55,DIOXAFLEX B12,G,"Diclofenac sodium - 75mg, Betamethasone (sodium phosphate) - 2mg, Hydroxocobalamin sulphate - 10mg",,Injectable solution,1104639,https://www.moph.gov.lb/en/Drugs/view/4110
4111,M01AB55,DIOXAFLEX B12,G,"Diclofenac sodium - 75mg, Betamethasone (sodium phosphate) - 2mg, Hydroxocobalamin sulphate - 10mg",,Injectable solution,620855,https://www.moph.gov.lb/en/Drugs/view/4111
1274,B05XB02,DIPEPTIVEN,B,L-alanine-L-Glutamine - 20g/100ml,20g/100ml,Injectable concentrated solution,2940456,https://www.moph.gov.lb/en/Drugs/view/1274
5431,R06AA02,DIPHENIST,G,Diphenhydramine HCl - 50mg/ml,50mg/ml,Injectable solution,6462539,https://www.moph.gov.lb/en/Drugs/view/5431
3310,J07CA11,"DIPHTHERIA, TETANUS,PERTUSSIS, HEPATITIS B AND HAEMOPHILUS INFLUENZAE TYPE B CONJUGATE VACCINE",B,"Diphteria Toxoid1 - ?25Lf (?30IU)/0.5ml, Tetanus toxoid1 - ?2.5Lf (?40IU)/0.5ml, Bordetella pertussis (Whole cell) - ?16OU (?4.0IU)/0.5ml, HBs Antigen (r DNA)1 - ?10mcg/0.5ml, H. Influenza type b, purified capsular  polysaccharide2 - 10mcg/0.5ml, 1  adsorbed on aluminium phosphate, Al+++ - ?1.25mg  , 2  conjugated to tetanos toxoid carrier protein -",,Injectable suspension,1515854,https://www.moph.gov.lb/en/Drugs/view/3310
2556,H02AB01,DIPROFOS,B,"Betamethasone (dipropionate) - 5mg/ml, Betamethasone (sodium phosphate) - 2mg/ml",,Injectable suspension,446156,https://www.moph.gov.lb/en/Drugs/view/2556
2178,D07XC01,DIPROSALIC,B,"Salicylic acid - 30mg/g, Betamethasone (dipropionate) - 0.5mg/g",,Ointment,352087,https://www.moph.gov.lb/en/Drugs/view/2178
2138,D07AC01,DIPROSONE,B,Betamethasone (dipropionate) - 0.5mg/g,0.05%,Cream,291614,https://www.moph.gov.lb/en/Drugs/view/2138
3402,L01BC06,DIROGIT,G,Capecitabine - 500mg,500mg,"Tablet, film coated",11330804,https://www.moph.gov.lb/en/Drugs/view/3402
4819,N05AL07,DISLEP,G,Levosulpiride - 25mg,25mg,Tablet,1690682,https://www.moph.gov.lb/en/Drugs/view/4819
4264,M03BA53,DISTEM,G,"Paracetamol - 300mg, Methocarbamol - 380mg",,Tablet,978317,https://www.moph.gov.lb/en/Drugs/view/4264
1386,C03CA01,DIURESAL,G,Furosemide - 40mg,40mg,"Tablet, scored",118258,https://www.moph.gov.lb/en/Drugs/view/1386
4087,M01AB05,DIVIDO 75MG,B,Diclofenac sodium - 75mg,75mg,"Capsule, dual release",502597,https://www.moph.gov.lb/en/Drugs/view/4087
579,A10BK01,DIVINUS,G,Dapagliflozin propanediol - 5mg,5mg,"Tablet, film coated",2145848,https://www.moph.gov.lb/en/Drugs/view/579
583,A10BK01,DIVINUS,G,Dapagliflozin propanediol - 10mg,10mg,"Tablet, film coated",2316784,https://www.moph.gov.lb/en/Drugs/view/583
518,A10BD15,DIVINUSMET XR,G,"Dapagliflozin - 5mg, Metformin HCl XR - 1000mg",,"Tablet, extended release",2900012,https://www.moph.gov.lb/en/Drugs/view/518
522,A10BD15,DIVINUSMET XR,G,"Dapagliflozin - 10mg, Metformin HCl XR - 1000mg",,"Tablet, extended release",2775035,https://www.moph.gov.lb/en/Drugs/view/522
1314,C01CA07,DOBUTAMINE PANPHARMA,G,Dobutamine (HCl) - 250mg/20ml,250mg/20ml,Injectable concentrated solution,2701123,https://www.moph.gov.lb/en/Drugs/view/1314
5923,L01CD02,DOCETAXEL ACCORD,G,Docetaxel - 20mg/ml,20mg/1ml,Injectable concentrate for solution,,https://www.moph.gov.lb/en/Drugs/view/5923
3445,L01CD02,DOCETAXEL ACCORD,G,Docetaxel - 80mg/4ml,80mg/4ml,Injectable concentrate for solution,15099641,https://www.moph.gov.lb/en/Drugs/view/3445
3451,L01CD02,DOCETAXEL ACCORD,G,Docetaxel - 20mg/ml,20mg/1ml,Injectable concentrate for solution,4110814,https://www.moph.gov.lb/en/Drugs/view/3451
5932,L01CD02,DOCETAXEL EBEWE,G,Docetaxel - 80mg/8ml,80mg/8ml,Injectable solution,,https://www.moph.gov.lb/en/Drugs/view/5932
3446,L01CD02,DOCETAXEL EBEWE,G,Docetaxel - 80mg/8ml,80mg/8ml,Injectable solution,19518281,https://www.moph.gov.lb/en/Drugs/view/3446
3452,L01CD02,DOCETAXEL EBEWE,G,Docetaxel - 20mg/2ml,20mg/2ml,Injectable solution,5313553,https://www.moph.gov.lb/en/Drugs/view/3452
3447,L01CD02,DOCETAXEL PHARMINICIO,G,Docetaxel - 80mg/2ml,80mg/2ml,Injectable concentrated solution+diluent,16777239,https://www.moph.gov.lb/en/Drugs/view/3447
3453,L01CD02,DOCETAXEL PHARMINICIO,G,Docetaxel - 20mg/0.5ml,20mg/0.5ml,Injectable concentrated solution+diluent,4567721,https://www.moph.gov.lb/en/Drugs/view/3453
3448,L01CD02,DOCETAXEL SPC,G,Docetaxel - 80mg/4ml,80mg/4ml,Injectable concentrate for solution,16906027,https://www.moph.gov.lb/en/Drugs/view/3448
4532,N02BE51,DOLFEIN,G,"Paracetamol - 400mg, Caffeine - 50mg, Codeine phosphate hemihydrate - 20mg",,Tablet,249571,https://www.moph.gov.lb/en/Drugs/view/4532
4442,N02BE01,DOLIPRANE,B,Paracetamol - 500mg,500mg,Tablet,120946,https://www.moph.gov.lb/en/Drugs/view/4442
4443,N02BE01,DOLIPRANE,B,Paracetamol - 500mg,500mg,Tablet,120946,https://www.moph.gov.lb/en/Drugs/view/4443
4461,N02BE01,DOLIPRANE,B,"Paracetamol - 1,000mg",1000mg,Tablet,120946,https://www.moph.gov.lb/en/Drugs/view/4461
4462,N02BE01,DOLIPRANE,B,Paracetamol - 1000mg,1000mg,Tablet,120946,https://www.moph.gov.lb/en/Drugs/view/4462
4081,M01AB05,DOLONIL,G,Diclofenac sodium - 75mg/3ml,75mg/3ml,Injectable solution,337880,https://www.moph.gov.lb/en/Drugs/view/4081
4082,M01AB05,DOLONIL,G,Diclofenac sodium - 75mg/3ml,75mg/3ml,Injectable solution,3801155,https://www.moph.gov.lb/en/Drugs/view/4082
4448,N02BE01,DOLOPAN,G,Paracetamol - 500mg,500mg,"Tablet, film coated",135664,https://www.moph.gov.lb/en/Drugs/view/4448
4449,N02BE01,DOLOPAN,G,Paracetamol - 500mg,500mg,"Tablet, film coated",317403,https://www.moph.gov.lb/en/Drugs/view/4449
4450,N02BE01,DOLOPAN,G,Paracetamol - 500mg,500mg,"Tablet, film coated",380115,https://www.moph.gov.lb/en/Drugs/view/4450
4451,N02BE01,DOLOPAN,G,Paracetamol - 500mg,500mg,"Tablet, film coated",317403,https://www.moph.gov.lb/en/Drugs/view/4451
4144,M01AE01,DOLORAZ 400,G,Ibuprofen - 400mg,400mg,Capsule,295645,https://www.moph.gov.lb/en/Drugs/view/4144
4406,N02AA59,DOLOSPASMINE COMP,B,"Codeine phosphate - 40 mg, Hexahydro-adipenine HCl - 50 mg, Propyphenazone - 500 mg",,Suppository,267489,https://www.moph.gov.lb/en/Drugs/view/4406
5158,P01BA02,DOLQUINE,G,Hydroxychloroquine sulfate - 200mg,200mg,"Tablet, coated",1191988,https://www.moph.gov.lb/en/Drugs/view/5158
3219,J05AR27,DOLUTEGRAVIR/LAMIVUDINE/TENOFOVIR DISOPROXIL FUMARATE,G,"Lamivudine - 300mg, Tenofovir disoproxil fumarate - 300mg, Dolutegravir - 50mg",,Tablet,54836160,https://www.moph.gov.lb/en/Drugs/view/3219
201,A03FA03,DOMIDONE CHAPHA SUGAR FREE,G,Domperidone - 5mg/5ml,5mg/5ml,Suspension,319963,https://www.moph.gov.lb/en/Drugs/view/201
194,A03FA03,DOMPERIDONE BIOGARAN,G,Domperidone - 10mg,10mg,"Tablet, coated",116914,https://www.moph.gov.lb/en/Drugs/view/194
203,A03FA03,DOMPERILIX ODT,G,Domperidone - 10mg,10mg,"Tablet, orodispersible",327642,https://www.moph.gov.lb/en/Drugs/view/203
4221,M01AX05,DONA,G,Glucosamine hemisulfate - 1500mg,1500mg,Powder for solution,1615299,https://www.moph.gov.lb/en/Drugs/view/4221
5060,N06DA02,DONECEPT 10,G,Donepezil HCl - 10mg,10mg,"Tablet, film coated",2292595,https://www.moph.gov.lb/en/Drugs/view/5060
5053,N06DA02,DONECEPT 5,G,Donepezil HCl - 5mg,5mg,"Tablet, film coated",1970969,https://www.moph.gov.lb/en/Drugs/view/5053
5054,N06DA02,DONEPEZIL ARROW,G,Donepezil HCl - 5mg,5mg,"Tablet, film coated",1365344,https://www.moph.gov.lb/en/Drugs/view/5054
5061,N06DA02,DONEPEZIL ARROW,G,Donepezil HCl - 10mg,10mg,"Tablet, film coated",1365344,https://www.moph.gov.lb/en/Drugs/view/5061
5055,N06DA02,DONEPEZIL BIOGARAN,G,Donepezil HCl - 5mg,5mg,"Tablet, coated",1325029,https://www.moph.gov.lb/en/Drugs/view/5055
5062,N06DA02,DONEPEZIL BIOGARAN,G,Donepezil HCl - 10mg,10mg,"Tablet, coated",1325029,https://www.moph.gov.lb/en/Drugs/view/5062
5064,N06DA02,DONEPEZIL/ GENEPHARM,G,Donepezil - 10mg,10mg,"Tablet, orodispersible",1755058,https://www.moph.gov.lb/en/Drugs/view/5064
5066,N06DA02,DONEPEZIL/ GENEPHARM,G,Donepezil - 5mg,5mg,"Tablet, orodispersible",1634112,https://www.moph.gov.lb/en/Drugs/view/5066
1309,C01CA04,DOPAMINE FRESENIUS,G,Dopamine HCl - 200mg/5ml,200mg/5ml,Injectable concentrated solution,713580,https://www.moph.gov.lb/en/Drugs/view/1309
1310,C01CA04,DOPAMINE RENAUDIN,G,Dopamine HCl - 200mg/5ml,4%,Injectable concentrated solution,1107326,https://www.moph.gov.lb/en/Drugs/view/1310
5056,N06DA02,DOPEZIL,G,Donepezil HCl - 5mg,5mg,"Tablet, film coated",1034759,https://www.moph.gov.lb/en/Drugs/view/5056
5063,N06DA02,DOPEZIL,G,Donepezil HCl - 10mg,10mg,"Tablet, film coated",1381470,https://www.moph.gov.lb/en/Drugs/view/5063
4220,M01AX,DORIXINA,B,Lysine clonixinate - 125mg,125mg,Tablet,326554,https://www.moph.gov.lb/en/Drugs/view/4220
4223,M01BX,DORIXINA B1B6B12,B,"Lysine clonixinate - 125mg, Vitamin B1 - 50mg, Vitamin B6 - 30mg, Vitamin B12 - 50mcg",,"Tablet, film coated",804962,https://www.moph.gov.lb/en/Drugs/view/4223
4273,M03BX,DORIXINA RELAX,B,"Lysine clonixinate - 125mg, Cyclobenzaprine HCl - 5mg",,"Tablet, film coated",581884,https://www.moph.gov.lb/en/Drugs/view/4273
4354,N01AX10,DORMIFOR,G,Propofol - 1%,1%,Injectable emulsion,1081473,https://www.moph.gov.lb/en/Drugs/view/4354
5585,S01EC03,DORZOLAMIDE BGR,G,Dorzolamide HCl - 20mg/ml,20mg/ml,Drops solution,517379,https://www.moph.gov.lb/en/Drugs/view/5585
5589,S01ED51,DORZOLAMIDE/TIMOLOL BGR,G,"Timolol maleate - 5mg/ml, Dorzolamide HCl - 20mg/ml",,Drops solution,689391,https://www.moph.gov.lb/en/Drugs/view/5589
5590,S01ED51,DORZOPTIC PLUS,G,"Timolol - 0.5%, Dorzolamide HCl - 2%",,Drops solution,548288,https://www.moph.gov.lb/en/Drugs/view/5590
2315,G02CB03,DOSTINEX,B,Cabergoline - 0.5mg,0.5mg,"Tablet, scored",415247,https://www.moph.gov.lb/en/Drugs/view/2315
2316,G02CB03,DOSTINEX,B,Cabergoline - 0.5mg,0.5mg,"Tablet, scored",1628737,https://www.moph.gov.lb/en/Drugs/view/2316
4919,N06AA12,DOXEPIN HCl,G,Doxepin (HCl) - 10mg,10mg,Capsule,712876,https://www.moph.gov.lb/en/Drugs/view/4919
4920,N06AA12,DOXEPIN HCl,G,Doxepin (HCl) - 50mg,50mg,Capsule,965007,https://www.moph.gov.lb/en/Drugs/view/4920
2081,D04AX01,DOXIDERM,G,Doxepin (HCl) - 5%,5%,Cream,1037958,https://www.moph.gov.lb/en/Drugs/view/2081
1441,C05BX51,DOXIPROCT,B,"Calcium dobesilate - 4%, Lidocaine HCl - 2%",,Ointment,610104,https://www.moph.gov.lb/en/Drugs/view/1441
1442,C05BX51,DOXIPROCT PLUS,B,"Calcium dobesilate - 4%, Dexamethasone acetate - 0.0025%, Lidocaine HCl - 2%",,Ointment,489159,https://www.moph.gov.lb/en/Drugs/view/1442
1439,C05BX01,DOXIUM,B,Calcium dobesilate - 500mg,500mg,Capsule,2151492,https://www.moph.gov.lb/en/Drugs/view/1439
1440,C05BX01,DOXIUM,B,Calcium dobesilate - 500mg,500mg,Capsule,1323685,https://www.moph.gov.lb/en/Drugs/view/1440
3474,L01DB01,DOXO-CELL,G,Doxorubicin HCl - 50mg/25ml,50mg/25ml,Injectable solution,1794030,https://www.moph.gov.lb/en/Drugs/view/3474
3472,L01DB01,DOXORUBICINA PHARMINICIO,G,Doxorubicin HCl - 10mg/5ml,10mg/5ml,Injectable concentrate for solution,951440,https://www.moph.gov.lb/en/Drugs/view/3472
3475,L01DB01,DOXORUBICINA PHARMINICIO,G,Doxorubicin HCl - 50mg/25ml,50mg/25ml,Injectable concentrate for solution,2015764,https://www.moph.gov.lb/en/Drugs/view/3475
5929,L01DB01,DOXORUBICINE EBEWE,G,Doxorubicin HCl - 2mg/ml,50mg/25ml,Injectable concentrated solution,,https://www.moph.gov.lb/en/Drugs/view/5929
3473,L01DB01,DOXORUBICINE EBEWE,G,Doxorubicin HCl - 10mg/5ml,10mg/5ml,Injectable concentrated solution,1041478,https://www.moph.gov.lb/en/Drugs/view/3473
3476,L01DB01,DOXORUBICINE EBEWE,G,Doxorubicin HCl - 2mg/ml,50mg/25ml,Injectable concentrated solution,1804780,https://www.moph.gov.lb/en/Drugs/view/3476
2627,J01AA02,DOXY 100,G,Doxycycline (hyclate) - 100mg,100mg,"Tablet, coated",788836,https://www.moph.gov.lb/en/Drugs/view/2627
2626,J01AA02,DOXY 50,G,Doxycycline (hyclate) - 50mg,50mg,"Tablet, coated",306396,https://www.moph.gov.lb/en/Drugs/view/2626
2628,J01AA02,DOXYKEY,G,Doxycycline (hyclate) - 100mg,100mg,Capsule,174700,https://www.moph.gov.lb/en/Drugs/view/2628
2629,J01AA02,DOXYLAG,G,Doxycycline (hyclate) - 100mg,100mg,Capsule,174700,https://www.moph.gov.lb/en/Drugs/view/2629
5441,R06AB54,DRAUDEX,G,"Chlorphenamine maleate - 4mg, Phenylephrine - 5mg",,"Tablet, sugar coated",166381,https://www.moph.gov.lb/en/Drugs/view/5441
4322,M05BA08,DROMEZON,G,Zoledronic acid - 4mg/5ml,4mg/5ml,Injectable concentrate for solution,4577128,https://www.moph.gov.lb/en/Drugs/view/4322
4315,M05BA07,DRONEL 35,G,Risedronate sodium - 35mg,35mg,"Tablet, film coated",511940,https://www.moph.gov.lb/en/Drugs/view/4315
5641,S01XA18,DRYFREE,G,Ciclosporin - 0.05%,0.05%,Drops,2257655,https://www.moph.gov.lb/en/Drugs/view/5641
2223,D10AF51,DUAC ONCE DAILY,B,"Clindamycin (phosphate) - 1%, Benzoyl peroxide - 5%",,Gel,1658302,https://www.moph.gov.lb/en/Drugs/view/2223
5492,R06AX19,DUAZONE,G,"Azelastine HCl - 140mcg (0.1%), Fluticasone furoate - 27.5mcg (0.02%)",,Metered dose spray,790179,https://www.moph.gov.lb/en/Drugs/view/5492
483,A10BD06,DUETACT,B,"Glimepiride - 2mg, Pioglitazone - 30mg",,Tablet,2803255,https://www.moph.gov.lb/en/Drugs/view/483
484,A10BD06,DUETACT,B,"Glimepiride - 4mg, Pioglitazone - 30mg",,Tablet,3287039,https://www.moph.gov.lb/en/Drugs/view/484
277,A06AD11,DULACTA,G,Lactulose - 3.335g/5ml,3.335g/5ml,Solution,298205,https://www.moph.gov.lb/en/Drugs/view/277
278,A06AD11,DULACTA,G,Lactulose - 3.335g/5ml,3.335g/5ml,Solution,566974,https://www.moph.gov.lb/en/Drugs/view/278
268,A06AB02,DULCOLAX,B,Bisacodyl - 5mg,5mg,"Tablet, sugar coated",520067,https://www.moph.gov.lb/en/Drugs/view/268
269,A06AB02,DULCOLAX,B,Bisacodyl - 5mg,5mg,"Tablet, sugar coated",219046,https://www.moph.gov.lb/en/Drugs/view/269
3592,L01EL01,DULLARMA,G,Ibrutinib - 140mg,140mg,"Capsule, hard",422860803,https://www.moph.gov.lb/en/Drugs/view/3592
5770,L01EL01,DULLARMA,G,Ibrutinib - 140mg,140mg,"Capsule, hard",,https://www.moph.gov.lb/en/Drugs/view/5770
5010,N06AX21,DULOXA 30,G,Duloxetine HCl - 30mg,30mg,"Capsule, delayed release",716716,https://www.moph.gov.lb/en/Drugs/view/5010
5007,N06AX21,DULOXA 60,G,Duloxetine HCl - 60mg,60mg,"Capsule, delayed release",831903,https://www.moph.gov.lb/en/Drugs/view/5007
5013,N06AX21,DULOXETINE BIOGARAN,G,Duloxetine HCl - 60mg,60mg,"Capsule, gastro-resistant",573821,https://www.moph.gov.lb/en/Drugs/view/5013
5014,N06AX21,DULOXETINE BIOGARAN,G,Duloxetine HCl - 30mg,30mg,"Capsule, gastro-resistant",573821,https://www.moph.gov.lb/en/Drugs/view/5014
5415,R05X,DULSANA COUGH,B,"Menthol - 0.25mg/5ml, Ammonium chloride - 100mg/5ml, Ephedrine HCl - 4mg/5ml, Carbinoxamine maleate - 2mg/5ml",,Syrup,223974,https://www.moph.gov.lb/en/Drugs/view/5415
5416,R05X,DULSANA MILD,B,"Menthol - 0.125mg/5ml, Citric acid - 10mg/5ml, Sodium citrate - 20mg/5ml, Ammonium chloride - 50mg/5ml, Ephedrine HCl - 1.8mg/5ml, Carbinoxamine maleate - 1mg/5ml",,Syrup,216295,https://www.moph.gov.lb/en/Drugs/view/5416
5398,R05D,DULSANA WITH CODEINE,B,"Menthol - 0.25mg/5ml, Ammonium chloride - 100mg/5ml, Codeine phosphate - 10mg/5ml, Ephedrine HCl - 4mg/5ml, Carbinoxamine maleate - 2mg/5ml",,Syrup,273888,https://www.moph.gov.lb/en/Drugs/view/5398
2512,G04CA52,DUODART,G,"Dutasteride - 0.5mg, Tamsulosin HCl - 0.4mg",,"Capsule, hard",768678,https://www.moph.gov.lb/en/Drugs/view/2512
5276,R03AL02,DUOLIN RESPULES,G,"Salbutamol (sulfate) - 2.5mg/2.5ml, Ipratropium bromide (monohydrate) - 500mcg/2.5ml",,Inhaltion solution with nebuliser,417935,https://www.moph.gov.lb/en/Drugs/view/5276
5599,S01ED51,DUOTRAV,B,"Timolol (maleate) - 5mg, Travoprost - 40mcg",,Drops solution,714924,https://www.moph.gov.lb/en/Drugs/view/5599
276,A06AD11,DUPHALAC,B,Lactulose - 6.7g/10ml,6.7g/10ml,Solution,510660,https://www.moph.gov.lb/en/Drugs/view/276
2370,G03DB01,DUPHASTON,B,Dydrogesterone - 10mg,10mg,"Tablet, film coated",935314,https://www.moph.gov.lb/en/Drugs/view/2370
5890,D11AH05,DUPIXENT,BioTech,Dupilumab - 300mg,300mg,Injectable solution,,https://www.moph.gov.lb/en/Drugs/view/5890
2255,D11AH05,DUPIXENT,BioTech,Dupilumab - 300mg,300mg,Injectable solution,123001362,https://www.moph.gov.lb/en/Drugs/view/2255
2256,D11AH05,DUPIXENT,BioTech,Dupilumab - 300mg,300mg,Injectable solution,123001362,https://www.moph.gov.lb/en/Drugs/view/2256
2257,D11AH05,DUPIXENT,BioTech,Dupilumab - 200mg,200mg,Injectable solution,123001362,https://www.moph.gov.lb/en/Drugs/view/2257
2258,D11AH05,DUPIXENT,BioTech,Dupilumab - 200mg,200mg,Injectable solution,123001362,https://www.moph.gov.lb/en/Drugs/view/2258
2447,G04BE08,DURALIS,G,Tadalafil - 20mg,20mg,"Tablet, film coated",1204979,https://www.moph.gov.lb/en/Drugs/view/2447
2448,G04BE08,DURALIS,G,Tadalafil - 20mg,20mg,"Tablet, film coated",624567,https://www.moph.gov.lb/en/Drugs/view/2448
2474,G04BE08,DURALIS,G,Tadalafil - 10mg,10mg,"Tablet, film coated",1187701,https://www.moph.gov.lb/en/Drugs/view/2474
2463,G04BE08,DURALIS 5,G,Tadalafil - 5mg,5mg,"Tablet, film coated",1791790,https://www.moph.gov.lb/en/Drugs/view/2463
3059,J01RA,DUREL FORTE,G,"Metronidazole - 250mg, Spiramycin - 1.5MIU",,"Tablet, coated",602041,https://www.moph.gov.lb/en/Drugs/view/3059
4408,N02AB03,DUROGESIC,B,Fentanyl - 16.8mg,100mcg/h,Patch,5911563,https://www.moph.gov.lb/en/Drugs/view/4408
4409,N02AB03,DUROGESIC,B,Fentanyl - 8.4mg,50mcg/h,Patch,3019614,https://www.moph.gov.lb/en/Drugs/view/4409
4410,N02AB03,DUROGESIC,B,Fentanyl - 4.2mg,25mcg/h,Patch,1509135,https://www.moph.gov.lb/en/Drugs/view/4410
142,A03AA04,DUSPATALIN RETARD,B,Mebeverine HCl - 200mg,200mg,Capsule,895581,https://www.moph.gov.lb/en/Drugs/view/142
2513,G04CA52,DUTAMSUVITAE,G,"Tamsulosin HCl - 0.4mg, Dutasteride - 0.5mg",,"Capsule, hard",2168962,https://www.moph.gov.lb/en/Drugs/view/2513
2524,G04CB02,DUTASTERIDE ARROW LAB,G,Dutasteride - 0.5mg,0.5mg,"Capsule, soft",1166455,https://www.moph.gov.lb/en/Drugs/view/2524
2525,G04CB02,DUTASTERIDE BIOGARAN,G,Dutasteride - 0.5mg,0.5mg,"Capsule, soft",1112702,https://www.moph.gov.lb/en/Drugs/view/2525
2514,G04CA52,DUTASTERIDE/TAMSULOSINE ARROW,G,"Tamsulosin HCl - 0.4mg, Dutasteride - 0.5mg",,Capsule,1337123,https://www.moph.gov.lb/en/Drugs/view/2514
5218,R01AD58,DYMISTA,B,"Fluticasone propionate - 50mcg/actuation, Azelastine HCl - 137mcg/actuation",,"Spray, suspension",1712055,https://www.moph.gov.lb/en/Drugs/view/5218
707,A15A,DYNAMOGEN,G,"Arginine Aspartate - 1g/10ml, Glutodine (Cyproheptadine ?-ketoglutarate) - 3mg/10ml",,Solution,1019976,https://www.moph.gov.lb/en/Drugs/view/707
4256,M03AX01,DYSPORT,BioTech,Clostridium botulinum type A neurotoxin complex - 300units,300units,Injectable powder for solution,14625182,https://www.moph.gov.lb/en/Drugs/view/4256
4257,M03AX01,DYSPORT,BioTech,Clostridium botulinum type A neurotoxin complex - 500units,500units,Injectable powder for solution,42726155,https://www.moph.gov.lb/en/Drugs/view/4257
2185,D08AX01,EAU OXYGENEE 10/120,G,Hydrogen peroxide - 10V,10V,Solution,119026,https://www.moph.gov.lb/en/Drugs/view/2185
5706,V07AB01,EAU POUR PREPARATION INJ.,G,Water for injection -,,"Water for injection, irrigation",3385139,https://www.moph.gov.lb/en/Drugs/view/5706
5707,V07AB01,EAU POUR PREPARATION INJECTABLE PROAMP,G,Water for injection -,,"Water for injection, irrigation",1240367,https://www.moph.gov.lb/en/Drugs/view/5707
5708,V07AB01,EAU POUR PREPARATION INJECTABLE PROAMP,G,Water for injection -,,"Water for injection, irrigation",1034759,https://www.moph.gov.lb/en/Drugs/view/5708
5709,V07AB01,EAU POUR PREPARATION INJECTABLE PROAMP,G,Water for injection -,,"Water for injection, irrigation",795555,https://www.moph.gov.lb/en/Drugs/view/5709
5710,V07AB01,EAU POUR PREPARATIONS INJECTABLES RENAUDIN,G,Water for injection -,,"Water for injection, irrigation",266081,https://www.moph.gov.lb/en/Drugs/view/5710
5493,R06AX22,EBASTEL,B,Ebastine - 10mg,10mg,"Tablet, film coated",722987,https://www.moph.gov.lb/en/Drugs/view/5493
5494,R06AX22,EBASTINE ARROW,G,Ebastine - 10mg,10mg,"Tablet, coated",524099,https://www.moph.gov.lb/en/Drugs/view/5494
3418,L01CA04,EBERELBIN,G,Vinorelbine (tartrate) - 50mg/5ml,50mg/5ml,Injectable concentrated solution,6834783,https://www.moph.gov.lb/en/Drugs/view/3418
5934,L01CA04,EBERELBIN,G,Vinorelbine (tartrate) - 50mg/5ml,50mg/5ml,Injectable concentrated solution,,https://www.moph.gov.lb/en/Drugs/view/5934
3427,L01CD01,EBETAXEL,G,Paclitaxel - 30mg/5ml,30mg/5ml,Injectable concentrated solution,2983330,https://www.moph.gov.lb/en/Drugs/view/3427
3439,L01CD01,EBETAXEL,G,Paclitaxel - 150mg/25ml,150mg/25ml,Injectable concentrated solution,15457059,https://www.moph.gov.lb/en/Drugs/view/3439
3347,L01BA01,EBETREXAT,G,Methotrexate - 50mg/5ml,50mg/5ml,Injectable solution,1507821,https://www.moph.gov.lb/en/Drugs/view/3347
3997,L04AX03,EBETREXAT,G,Methotrexate - 5mg,5mg,"Tablet, scored",2488796,https://www.moph.gov.lb/en/Drugs/view/3997
3999,L04AX03,EBETREXAT,G,Methotrexate - 15mg/1.5ml,15mg/1.5ml,Injectable solution,2135366,https://www.moph.gov.lb/en/Drugs/view/3999
5081,N06DX01,EBIXA,B,Memantine HCl - 10mg,10mg,"Tablet, film coated",2143429,https://www.moph.gov.lb/en/Drugs/view/5081
5086,N06DX01,EBIXA,B,Memantine - 20mg,20mg,"Tablet, film coated",4004651,https://www.moph.gov.lb/en/Drugs/view/5086
3155,J02AX06,ECALTA,B,Anidulafungin - 100mg,100mg,Injectable concentrated powder for solution,16977343,https://www.moph.gov.lb/en/Drugs/view/3155
2336,G03AD02,ECINQ,G,Ulipristal acetate - 30mg,30mg,"Tablet, film coated",1302183,https://www.moph.gov.lb/en/Drugs/view/2336
2294,G01AF05,ECOGYN,G,Econazole nitrate - 150mg,150mg,Pessary,447948,https://www.moph.gov.lb/en/Drugs/view/2294
2028,D01AC03,ECONAZ,G,Econazole nitrate - 1%,1%,Cream,307164,https://www.moph.gov.lb/en/Drugs/view/2028
2295,G01AF05,ECONAZ,G,Econazole nitrate - 150mg,150mg,Ovule,415951,https://www.moph.gov.lb/en/Drugs/view/2295
2296,G01AF05,ECOREX 150,G,Econazole nitrate - 150mg,150mg,Ovule,280863,https://www.moph.gov.lb/en/Drugs/view/2296
2175,D07XB05,ECOZONE,G,"Dexamethazone sodium phosphate - 0.1%, Econazole nitrate - 1%",,Cream,364757,https://www.moph.gov.lb/en/Drugs/view/2175
1718,C09CA09,EDARBI,B,Azilsartan medoxomil - 40mg,40mg,Tablet,1846440,https://www.moph.gov.lb/en/Drugs/view/1718
1719,C09CA09,EDARBI,B,Azilsartan medoxomil - 80mg,80mg,Tablet,2342317,https://www.moph.gov.lb/en/Drugs/view/1719
1777,C09DA09,EDARBYCLOR,B,"Azilsartan medoxomil - 40mg, Chlortalidone - 12.5mg",,"Tablet, film coated",1846440,https://www.moph.gov.lb/en/Drugs/view/1777
1778,C09DA09,EDARBYCLOR,B,"Azilsartan medoxomil - 40mg, Chlortalidone - 25mg",,"Tablet, film coated",1846440,https://www.moph.gov.lb/en/Drugs/view/1778
5562,S01BC04,EDOLFENE,B,Flurbiprofen sodium - 0.03%,0.03%,Drops solution,388370,https://www.moph.gov.lb/en/Drugs/view/5562
4989,N06AX16,EFEXOR XR,B,Venlafaxine (HCl) - 75mg,75mg,"Capsule, sustained release",598010,https://www.moph.gov.lb/en/Drugs/view/4989
4997,N06AX16,EFEXOR XR,B,Venlafaxine (HCl) - 150mg,150mg,"Capsule, sustained release",817056,https://www.moph.gov.lb/en/Drugs/view/4997
4440,N02BE01,EFFERALGAN,B,Paracetamol - 500mg,500mg,"Tablet, effervescent scored",129009,https://www.moph.gov.lb/en/Drugs/view/4440
4463,N02BE01,EFFERALGAN,B,Paracetamol - 1g,1g,"Tablet, film coated",129009,https://www.moph.gov.lb/en/Drugs/view/4463
4508,N02BE01,EFFERALGAN,B,Paracetamol - 3%,3%,Solution,163949,https://www.moph.gov.lb/en/Drugs/view/4508
4509,N02BE01,EFFERALGAN,B,Paracetamol - 1g,1g,"Tablet, effervescent",129009,https://www.moph.gov.lb/en/Drugs/view/4509
4416,N02AJ06,EFFERALGAN CODEINE,B,"Paracetamol - 500mg, Codeine phosphate - 30mg",,"Tablet, effervescent scored",215015,https://www.moph.gov.lb/en/Drugs/view/4416
4417,N02AJ06,EFFERALGAN CODEINE,B,"Paracetamol - 500mg, Codeine phosphate - 30mg",,"Tablet, film coated",215015,https://www.moph.gov.lb/en/Drugs/view/4417
3380,L01BC02,EFUDIX,B,Fluorouracil - 5%,5%,Cream,671921,https://www.moph.gov.lb/en/Drugs/view/3380
840,B01AF02,ELAPIX 2.5,G,Apixaban - 2.5mg,2.5mg,"Tablet, film coated",1970969,https://www.moph.gov.lb/en/Drugs/view/840
835,B01AF02,ELAPIX 5,G,Apixaban - 5mg,5mg,"Tablet, film coated",1970969,https://www.moph.gov.lb/en/Drugs/view/835
1064,B05BB02,ELECTROLYE 67,G,"Calcium gluconate - 0.10g/100ml, Potassium chloride - 0.075g/100ml, Sodium chloride - 0.30g/100ml, Dextrose, H2O - 5.0g/100ml",,Injectable solution,165727,https://www.moph.gov.lb/en/Drugs/view/1064
918,B03AE02,ELEVIT PRONATAL,G,"Vitamin A, palmitate - 1080mcg, Vitamin B1 - 1.6mg, Vitamin B2 - 1.8mg, Vitamin B6 - 2.6mg, Vitamin B12 - 4mcg, Vitamin C - 100mg, Vitamin D3 - 12.5mcg, Vitamin E - 15mg, Biotin - 0.2mg, Calcium Pantothenate - 10mg, Folic acid - 0.8mg, Nicotinamide - 19mg, Calcium - 125mg, Magnesium - 100mg, Phosphorous - 125mg, Iron - 60mg, Copper - 1mg, Manganese - 1mg, Zinc - 7.5mg",,"Tablet, film coated",893655,https://www.moph.gov.lb/en/Drugs/view/918
2141,D07AC13,ELICA,G,Mometasone furoate - 1mg/g,0.1%,Cream,341336,https://www.moph.gov.lb/en/Drugs/view/2141
2146,D07AC13,ELICA,G,Mometasone furoate micronized - 1mg/g,0.1%,Ointment,399121,https://www.moph.gov.lb/en/Drugs/view/2146
2179,D07XC03,ELICA M,G,"Mometasone furoate - 0.1%, Miconazole nitrate - 2%",,Cream,459594,https://www.moph.gov.lb/en/Drugs/view/2179
2180,D07XC03,ELICASAL,G,"Mometasone furoate - 1mg/g, Salicylic acid - 50mg/g",,Ointment,462282,https://www.moph.gov.lb/en/Drugs/view/2180
2254,D11AH02,ELIDEL,B,Pimecrolimus - 10mg/g,1%,Cream,1780591,https://www.moph.gov.lb/en/Drugs/view/2254
831,B01AF02,ELIQUIS,B,Apixaban - 5mg,5mg,"Tablet, film coated",4183603,https://www.moph.gov.lb/en/Drugs/view/831
836,B01AF02,ELIQUIS,B,Apixaban - 2.5mg,2.5mg,"Tablet, film coated",4183603,https://www.moph.gov.lb/en/Drugs/view/836
2142,D07AC13,ELISONE,G,Mometasone furoate - 0.1%,0.1%,Cream,249955,https://www.moph.gov.lb/en/Drugs/view/2142
2143,D07AC13,ELISONE,G,Mometasone furoate - 0.1%,0.1%,Cream,435405,https://www.moph.gov.lb/en/Drugs/view/2143
187,A03FA01,ELITAN,G,Metoclopramide HCl - 10mg/2ml,10mg/2ml,Injectable solution,295645,https://www.moph.gov.lb/en/Drugs/view/187
348,A08AB01,ELIZA 120,G,Orlistat - 120mg,120mg,Capsule,1167223,https://www.moph.gov.lb/en/Drugs/view/348
349,A08AB01,ELIZASLIM 120,G,Orlistat - 120mg,120mg,Capsule,1167223,https://www.moph.gov.lb/en/Drugs/view/349
2335,G03AD02,ELLAONE,B,Ulipristal acetate - 30mg,30mg,Tablet,2276469,https://www.moph.gov.lb/en/Drugs/view/2335
2147,D07AC13,ELOCOM,B,Mometasone furoate - 1mg/g,0.1%,Lotion,282207,https://www.moph.gov.lb/en/Drugs/view/2147
2395,G03GA09,ELONVA,BioHuman,Corifollitropin alfa - 100mcg/0.5ml,100mcg/0.5ml,Injectable solution,35131802,https://www.moph.gov.lb/en/Drugs/view/2395
2396,G03GA09,ELONVA,BioTech,Corifollitropin alfa - 150mcg/0.5ml,150mcg/0.5ml,Injectable solution,44141610,https://www.moph.gov.lb/en/Drugs/view/2396
3726,L01XA03,ELOXATIN,B,Oxaliplatin - 50mg/10ml,50mg/10ml,Injectable concentrated solution,4930558,https://www.moph.gov.lb/en/Drugs/view/3726
3509,L01EA02,ELPIDA,G,Dasatinib - 70mg,70mg,"Tablet, film coated",127364905,https://www.moph.gov.lb/en/Drugs/view/3509
3514,L01EA02,ELPIDA,G,Dasatinib - 50mg,50mg,"Tablet, film coated",127364905,https://www.moph.gov.lb/en/Drugs/view/3514
3518,L01EA02,ELPIDA,G,Dasatinib - 20mg,20mg,"Tablet, film coated",103165573,https://www.moph.gov.lb/en/Drugs/view/3518
3706,L01FX32,ELREXFIO,BioTech,Elranatamab - 44mg/1.1ml,44mg/1.1ml,Injectable suspension,226104806,https://www.moph.gov.lb/en/Drugs/view/3706
3707,L01FX32,ELREXFIO,BioTech,Elranatamab - 76mg/1.9ml,76mg/1.9ml,Injectable suspension,390545324,https://www.moph.gov.lb/en/Drugs/view/3707
2610,H03AA01,ELTROXIN,B,Levothyroxine sodium - 100mcg,100mcg,"Tablet, scored",579196,https://www.moph.gov.lb/en/Drugs/view/2610
4589,N02CD02,EMGALITY,BioTech,Galcanezumab - 120mg/ml,120mg/ml,Injectable suspension,37250732,https://www.moph.gov.lb/en/Drugs/view/4589
4067,M01AB05,EMIFENAC 50,G,Diclofenac sodium - 50mg,50mg,"Tablet, dispersible",387027,https://www.moph.gov.lb/en/Drugs/view/4067
1895,C10AA05,EMITOR,G,Atorvastatin - 20mg,20mg,"Tablet, film coated",822432,https://www.moph.gov.lb/en/Drugs/view/1895
1915,C10AA05,EMITOR,G,Atorvastatin - 40mg,40mg,"Tablet, film coated",1060292,https://www.moph.gov.lb/en/Drugs/view/1915
4380,N01BB54,EMLA,B,"Prilocaine - 25mg/g, Lidocaine - 25mg/g",5%,Cream,1763121,https://www.moph.gov.lb/en/Drugs/view/4380
587,A10BK03,EMPA,G,Empagliflozin - 25mg,25mg,"Tablet, film coated",1740724,https://www.moph.gov.lb/en/Drugs/view/587
591,A10BK03,EMPA,G,Empagliflozin - 10mg,10mg,"Tablet, film coated",1740724,https://www.moph.gov.lb/en/Drugs/view/591
526,A10BD19,EMPAGLINE,G,"Empagliflozin - 10mg, Linagliptin - 5mg",,"Tablet, film coated",2237050,https://www.moph.gov.lb/en/Drugs/view/526
530,A10BD19,EMPAGLINE,G,"Empagliflozin - 25mg, Linagliptin - 5mg",,"Tablet, film coated",2237050,https://www.moph.gov.lb/en/Drugs/view/530
527,A10BD19,EMPALYN,G,"Empagliflozin - 10mg, Linagliptin - 5mg",,"Tablet, film coated",2237050,https://www.moph.gov.lb/en/Drugs/view/527
531,A10BD19,EMPALYN,G,"Empagliflozin - 25mg, Linagliptin - 5mg",,"Tablet, film coated",2237050,https://www.moph.gov.lb/en/Drugs/view/531
534,A10BD20,EMPAMET,G,"Metformin HCl - 1000mg, Empagliflozin - 12.5mg",,"Tablet, film coated",1840168,https://www.moph.gov.lb/en/Drugs/view/534
588,A10BK03,EMPAZA,G,Empagliflozin - 25mg,25mg,"Tablet, film coated",1740724,https://www.moph.gov.lb/en/Drugs/view/588
592,A10BK03,EMPAZA,G,Empagliflozin - 10mg,10mg,"Tablet, film coated",1740724,https://www.moph.gov.lb/en/Drugs/view/592
535,A10BD20,EMPAZIMET,G,"Metformin HCl - 1000mg, Empagliflozin - 12.5mg",,"Tablet, film coated",1840168,https://www.moph.gov.lb/en/Drugs/view/535
540,A10BD20,EMPAZIMET,G,"Metformin HCl - 1000mg, Empagliflozin - 5mg",,"Tablet, film coated",1840168,https://www.moph.gov.lb/en/Drugs/view/540
3211,J05AR03,EMZAVIR,G,"Emtricitabine - 200mg, Tenofovir disoproxil fumarate - 300mg",,"Tablet, film coated",18701506,https://www.moph.gov.lb/en/Drugs/view/3211
3915,L04AB01,ENBREL,BioTech,Etanercept - 50mg,50mg,Injectable solution,52197598,https://www.moph.gov.lb/en/Drugs/view/3915
3916,L04AB01,ENBREL,BioTech,Etanercept - 50mg,50mg,Injectable solution,52197598,https://www.moph.gov.lb/en/Drugs/view/3916
3923,L04AB01,ENBREL,BioTech,Etanercept - 25mg,25mg,Injectable solution,28768353,https://www.moph.gov.lb/en/Drugs/view/3923
2360,G03DA04,ENDOMETRIN,B,Progesterone - 100mg,100mg,Tablet,2776379,https://www.moph.gov.lb/en/Drugs/view/2360
3311,L01AA01,ENDOXAN,B,Cyclophosphamide (monohydrate) - 500mg,500mg,Injectable powder for solution,764646,https://www.moph.gov.lb/en/Drugs/view/3311
3312,L01AA01,ENDOXAN,B,Cyclophosphamide (monohydrate) - 500mg,500mg,Injectable powder for solution,764646,https://www.moph.gov.lb/en/Drugs/view/3312
5874,L01AA01,ENDOXAN,B,Cyclophosphamide (monohydrate) - 500mg,500mg,Injectable powder for solution,,https://www.moph.gov.lb/en/Drugs/view/5874
5677,V03AC03,ENFEROX,G,Deferasirox - 500mg,500mg,"Tablet, dispersible",37720158,https://www.moph.gov.lb/en/Drugs/view/5677
542,A10BD21,ENFORZA,B,"Saxagliptin HCl - 5mg, Dapagliflozin - 10mg",,"Tablet, film coated",6072824,https://www.moph.gov.lb/en/Drugs/view/542
3280,J07BC01,ENGERIX-B 10,B,"Hepatitis B, surface antigen - 10mcg/0.5ml",10mcg/0.5ml,Injectable suspension,1042822,https://www.moph.gov.lb/en/Drugs/view/3280
3279,J07BC01,ENGERIX-B 20,B,"Hepatitis B, purified antigen - 20mcg/ml",20mcg/ml,Injectable suspension,1652926,https://www.moph.gov.lb/en/Drugs/view/3279
3663,L01FD04,ENHERTU,BioTech,Trastuzumab deruxtecan - 100mg,100mg,Injectable powder for concentrate for solution,178517964,https://www.moph.gov.lb/en/Drugs/view/3663
5899,L01FD04,ENHERTU,BioTech,Trastuzumab deruxtecan - 100mg,100mg,Injectable powder for concentrate for solution,,https://www.moph.gov.lb/en/Drugs/view/5899
2449,G04BE08,ENKOR,G,Tadalafil - 20mg,20mg,"Tablet, film coated",1032839,https://www.moph.gov.lb/en/Drugs/view/2449
2464,G04BE08,ENKOR,G,Tadalafil - 5mg,5mg,"Tablet, film coated",1766193,https://www.moph.gov.lb/en/Drugs/view/2464
717,B01AB05,ENOMEX,BioTech,Enoxaparin sodium - 4000U Anti-Xa/0.4ml,4000U Anti-Xa/0.4ml,Injectable solution,753832,https://www.moph.gov.lb/en/Drugs/view/717
726,B01AB05,ENOMEX,BioTech,Enoxaparin sodium - 8000U Anti-Xa/0.8ml,8000U Anti-Xa/0.8ml,Injectable solution,1025160,https://www.moph.gov.lb/en/Drugs/view/726
732,B01AB05,ENOMEX,BioTech,Enoxaparin sodium - 6000U Anti-Xa/0.6ml,6000U Anti-Xa/0.6ml,Injectable solution,922772,https://www.moph.gov.lb/en/Drugs/view/732
739,B01AB05,ENOMEX,BioTech,Enoxaparin sodium - 2000U Anti-Xa/0.2ml,2000U Anti-Xa/0.2ml,Injectable solution,396754,https://www.moph.gov.lb/en/Drugs/view/739
718,B01AB05,ENOXA MEDIS,BioTech,"Enoxaparin sodium - 4,000U Anti-Xa/0.4ml","4,000U Anti-Xa/0.4ml",Injectable solution,755239,https://www.moph.gov.lb/en/Drugs/view/718
727,B01AB05,ENOXA MEDIS,BioTech,"Enoxaparin sodium - 8,000U Anti-Xa/0.8ml","8,000U Anti-Xa/0.8ml",Injectable solution,963535,https://www.moph.gov.lb/en/Drugs/view/727
733,B01AB05,ENOXA MEDIS,BioTech,"Enoxaparin sodium - 6,000U Anti-Xa/0.6ml","6,000U Anti-Xa/0.6ml",Injectable solution,765990,https://www.moph.gov.lb/en/Drugs/view/733
740,B01AB05,ENOXA MEDIS,BioTech,"Enoxaparin sodium - 2,000U Anti-Xa/0.2ml","2,000U Anti-Xa/0.2ml",Injectable solution,388370,https://www.moph.gov.lb/en/Drugs/view/740
719,B01AB05,ENOXAMED,BioTech,Enoxaparin sodium - 4000IU Anti-XA/0.4ml,4000IU Anti-XA/0.4ml,Injectable solution,755239,https://www.moph.gov.lb/en/Drugs/view/719
720,B01AB05,ENOXAMED,BioTech,Enoxaparin sodium - 4000IU Anti-XA/0.4ml,4000IU Anti-XA/0.4ml,Injectable solution,2150148,https://www.moph.gov.lb/en/Drugs/view/720
728,B01AB05,ENOXAMED,BioTech,Enoxaparin sodium - 8000IU Anti-XA/0.8ml,8000IU Anti-XA/0.8ml,Injectable solution,963535,https://www.moph.gov.lb/en/Drugs/view/728
729,B01AB05,ENOXAMED,BioTech,Enoxaparin sodium - 8000IU Anti-XA/0.8ml,8000IU Anti-XA/0.8ml,Injectable solution,4575784,https://www.moph.gov.lb/en/Drugs/view/729
734,B01AB05,ENOXAMED,BioTech,Enoxaparin sodium - 6000IU Anti-XA/0.6ml,6000IU Anti-XA/0.6ml,Injectable solution,765990,https://www.moph.gov.lb/en/Drugs/view/734
735,B01AB05,ENOXAMED,BioTech,Enoxaparin sodium - 6000IU Anti-XA/0.6ml,6000IU Anti-XA/0.6ml,Injectable solution,3637782,https://www.moph.gov.lb/en/Drugs/view/735
741,B01AB05,ENOXAMED,BioTech,Enoxaparin sodium - 2000IU Anti-XA/0.2ml,2000IU Anti-XA/0.2ml,Injectable solution,1105982,https://www.moph.gov.lb/en/Drugs/view/741
742,B01AB05,ENOXAMED,BioTech,Enoxaparin sodium - 2000IU Anti-XA/0.2ml,2000IU Anti-XA/0.2ml,Injectable solution,388370,https://www.moph.gov.lb/en/Drugs/view/742
745,B01AB05,ENOXAMED,BioTech,Enoxaparin sodium - 10000IU Anti-XA/1ml,10000IU Anti-XA/1ml,Injectable solution,1209458,https://www.moph.gov.lb/en/Drugs/view/745
721,B01AB05,ENOXAPARIN LEDRAXEN,BioTech,Enoxaparin sodium - 4000UI (40mg)/0.4ml,4000UI (40mg)/0.4ml,Injectable solution,841245,https://www.moph.gov.lb/en/Drugs/view/721
736,B01AB05,ENOXAPARIN LEDRAXEN,BioTech,Enoxaparin sodium - 6000UI (60mg)/0.6ml,6000UI (60mg)/0.6ml,Injectable solution,854684,https://www.moph.gov.lb/en/Drugs/view/736
896,B03AB,ENRICH N,G,Iron trivalent (hydroxide polymaltose complex) - 156.25mg/5ml,,Syrup,279519,https://www.moph.gov.lb/en/Drugs/view/896
898,B03AB05,ENRICH N,G,Iron trivalent (hydroxide polymaltose complex) - 50mg/ml,50mg/ml,Drops,459594,https://www.moph.gov.lb/en/Drugs/view/898
3187,J05AF10,ENTECAVIR ARROW,G,Entecavir - 1mg,1mg,"Tablet, coated",18701506,https://www.moph.gov.lb/en/Drugs/view/3187
3193,J05AF10,ENTECAVIR ARROW,G,Entecavir - 0.5mg,0.5mg,"Tablet, coated",18701506,https://www.moph.gov.lb/en/Drugs/view/3193
5746,J05AF10,ENTECAVIR ARROW,G,Entecavir - 1mg,1mg,"Tablet, coated",,https://www.moph.gov.lb/en/Drugs/view/5746
5747,J05AF10,ENTECAVIR ARROW,G,Entecavir - 0.5mg,0.5mg,"Tablet, coated",,https://www.moph.gov.lb/en/Drugs/view/5747
3188,J05AF10,ENTECAVIR BIOGARAN,G,Entecavir - 1mg,1mg,"Tablet, coated",19080319,https://www.moph.gov.lb/en/Drugs/view/3188
3194,J05AF10,ENTECAVIR BIOGARAN,G,Entecavir - 0.5mg,0.5mg,"Tablet, coated",19080319,https://www.moph.gov.lb/en/Drugs/view/3194
2303,G01AX,ENTEROGERMINA,B,Bacillus clausii spores - 2 Billions/5ml,,Suspension,1131515,https://www.moph.gov.lb/en/Drugs/view/2303
2304,G01AX,ENTEROGERMINA,B,Bacillus clausii spores - 2 Billions/5ml,,Suspension,595322,https://www.moph.gov.lb/en/Drugs/view/2304
2305,G01AX,ENTEROGERMINA,B,Bacillus clausii spores - 2 Billions,,Capsule,1006538,https://www.moph.gov.lb/en/Drugs/view/2305
2306,G01AX,ENTEROGERMINA,B,Bacillus clausii spores - 6 Billions/2g,6 billions/2g,Powder for suspension,1343843,https://www.moph.gov.lb/en/Drugs/view/2306
311,A07EA06,ENTOCORT CIR,G,Budesonide - 3mg,3mg,"Capsule, hard, modified release",7823588,https://www.moph.gov.lb/en/Drugs/view/311
312,A07EA06,ENTOCORT CIR,G,Budesonide - 3mg,3mg,"Capsule, hard, modified release",4771985,https://www.moph.gov.lb/en/Drugs/view/312
1840,C09DX04,ENTRESTO,B,"Valsartan - 26mg, Sacubitril - 24mg",,"Tablet, film coated",6029821,https://www.moph.gov.lb/en/Drugs/view/1840
1842,C09DX04,ENTRESTO,B,"Valsartan - 51mg, Sacubitril - 49mg",,"Tablet, film coated",6029821,https://www.moph.gov.lb/en/Drugs/view/1842
1844,C09DX04,ENTRESTO,B,"Valsartan - 103mg, Sacubitril - 97mg",,"Tablet, film coated",11674240,https://www.moph.gov.lb/en/Drugs/view/1844
3189,J05AF10,ENTRILIV,G,Entecavir - 1mg,1mg,"Tablet, film coated",11475203,https://www.moph.gov.lb/en/Drugs/view/3189
3195,J05AF10,ENTRILIV,G,Entecavir - 0.5mg,0.5mg,"Tablet, film coated",8692587,https://www.moph.gov.lb/en/Drugs/view/3195
3902,L04AA33,ENTYVIO,BioTech,Vedolizumab - 300mg,300mg,Injectable powder for concentrate for solution,152492033,https://www.moph.gov.lb/en/Drugs/view/3902
3903,L04AA33,ENTYVIO,BioTech,Vedolizumab - 108mg,108mg,Injectable solution,66816048,https://www.moph.gov.lb/en/Drugs/view/3903
3904,L04AA33,ENTYVIO,BioTech,Vedolizumab - 108mg,108mg,Injectable solution,66816048,https://www.moph.gov.lb/en/Drugs/view/3904
3801,L02BB04,ENZASTIK 40,G,Enzalutamide - 40mg,40mg,Capsule,82838963,https://www.moph.gov.lb/en/Drugs/view/3801
5859,L02BB04,ENZASTIK 40,G,Enzalutamide - 40mg,40mg,Capsule,,https://www.moph.gov.lb/en/Drugs/view/5859
2186,D08AX02,EOSIN ALCOHOLIC,G,Eosin - 2%,2%,Solution,115187,https://www.moph.gov.lb/en/Drugs/view/2186
2188,D08AX02,EOSIN ALCOHOLIC,G,Eosin - 1%,1%,Solution,108787,https://www.moph.gov.lb/en/Drugs/view/2188
2187,D08AX02,EOSIN AQUEUSE,G,Eosin - 2%,2%,Solution,98548,https://www.moph.gov.lb/en/Drugs/view/2187
2189,D08AX02,EOSIN AQUEUSE,G,Eosin - 1%,1%,Solution,84470,https://www.moph.gov.lb/en/Drugs/view/2189
4592,N03AB02,EPANUTIN,B,Phenytoin sodium - 100mg,100mg,Capsule,739113,https://www.moph.gov.lb/en/Drugs/view/4592
4593,N03AB02,EPANUTIN,B,Phenytoin sodium - 100mg,100mg,Capsule,739113,https://www.moph.gov.lb/en/Drugs/view/4593
4060,M01AB05,EPARDEX,G,Diclofenac sodium - 50mg,50mg,"Tablet, enteric coated",223974,https://www.moph.gov.lb/en/Drugs/view/4060
4061,M01AB05,EPARDEX,G,Diclofenac sodium - 50mg,50mg,"Tablet, enteric coated",3246979,https://www.moph.gov.lb/en/Drugs/view/4061
3206,J05AP55,EPCLUSA,B,"Sofosbuvir - 400mg, Velpatasvir - 100mg",,"Tablet, film coated",991921769,https://www.moph.gov.lb/en/Drugs/view/3206
1319,C01CA26,EPHEDRINE AGUETTANT,G,Ephedrine HCl - 30mg/ml,30mg/ml,Injectable solution,614136,https://www.moph.gov.lb/en/Drugs/view/1319
1321,C01CA26,EPHEDRINE AGUETTANT,G,Ephedrine HCl - 3mg/ml,3mg/ml,Injectable solution,7827491,https://www.moph.gov.lb/en/Drugs/view/1321
1320,C01CA26,EPHEDRINE RENAUDIN,G,Ephedrine HCl - 30mg/ml,3%,Injectable solution,693423,https://www.moph.gov.lb/en/Drugs/view/1320
2209,D10AD53,EPIDUO,B,"Adapalene - 0.1%, Benzoyl peroxide - 2.5%",,Gel,2088331,https://www.moph.gov.lb/en/Drugs/view/2209
2210,D10AD53,EPIDUO FORTE,B,"Adapalene - 0.3%, Benzoyl peroxide - 2.5%",,Gel,2201214,https://www.moph.gov.lb/en/Drugs/view/2210
1303,C01CA03,EPINORD,G,Noradrenaline (tartrate) - 8mg/4ml,8mg/4ml,Injectable solution,2751678,https://www.moph.gov.lb/en/Drugs/view/1303
24,A02BC01,EPIRAZOLE,G,Omeprazole - 20mg,20mg,Capsule,208296,https://www.moph.gov.lb/en/Drugs/view/24
3479,L01DB03,EPIRUBICINE VIATRIS 2MG/ML,G,Epirubicin HCl - 10mg/5ml,10mg/5ml,Injectable solution,855212,https://www.moph.gov.lb/en/Drugs/view/3479
3480,L01DB03,EPIRUBICINE VIATRIS 2MG/ML,G,Epirubicin HCl - 50mg/25ml,50mg/25ml,Injectable solution,3914242,https://www.moph.gov.lb/en/Drugs/view/3480
5591,S01ED51,EPISOPT,G,"Timolol - 5mg, Dorzolamide HCl - 20mg",,Drops,575165,https://www.moph.gov.lb/en/Drugs/view/5591
1403,C03DA04,EPLERENONE ARROW,G,Eplerenone - 25mg,25mg,"Tablet, coated",1744308,https://www.moph.gov.lb/en/Drugs/view/1403
1404,C03DA04,EPLERENONE ARROW,G,Eplerenone - 25mg,25mg,"Tablet, coated",1744308,https://www.moph.gov.lb/en/Drugs/view/1404
1405,C03DA04,EPLERENONE ARROW,G,Eplerenone - 25mg,25mg,"Tablet, coated",1744308,https://www.moph.gov.lb/en/Drugs/view/1405
1406,C03DA04,EPLERENONE ARROW,G,Eplerenone - 25mg,25mg,"Tablet, film coated",4918464,https://www.moph.gov.lb/en/Drugs/view/1406
1407,C03DA04,EPLERENONE ARROW,G,Eplerenone - 25mg,25mg,"Tablet, film coated",4918464,https://www.moph.gov.lb/en/Drugs/view/1407
1408,C03DA04,EPLERENONE ARROW,G,Eplerenone - 25mg,25mg,"Tablet, coated",4918464,https://www.moph.gov.lb/en/Drugs/view/1408
1411,C03DA04,EPLERENONE ARROW,G,Eplerenone - 50mg,50mg,"Tablet, coated",1744308,https://www.moph.gov.lb/en/Drugs/view/1411
1412,C03DA04,EPLERENONE ARROW,G,Eplerenone - 50mg,50mg,"Tablet, coated",1744308,https://www.moph.gov.lb/en/Drugs/view/1412
1413,C03DA04,EPLERENONE ARROW,G,Eplerenone - 50mg,50mg,"Tablet, coated",1744308,https://www.moph.gov.lb/en/Drugs/view/1413
1409,C03DA04,EPLERENONE BIOGARAN,G,Eplerenone - 25mg,25mg,"Tablet, coated",1849127,https://www.moph.gov.lb/en/Drugs/view/1409
1414,C03DA04,EPLERENONE BIOGARAN,G,Eplerenone - 50mg,50mg,"Tablet, coated",1849127,https://www.moph.gov.lb/en/Drugs/view/1414
929,B03XA01,EPOMAX,BioTech,Erythropoietin recombinant human (Epoetin alfa) - 2000UI/ml,2000UI/ml,Injectable solution,7849606,https://www.moph.gov.lb/en/Drugs/view/929
931,B03XA01,EPOMAX,BioTech,Erythropoietin recombinant human (Epoetin alfa) - 4000UI/ml,4000UI/ml,Injectable solution,1243054,https://www.moph.gov.lb/en/Drugs/view/931
937,B03XA01,EPOMAX,BioTech,Erythropoietin recombinant human (Epoetin alfa) - 10000UI/ml,10000UI/ml,Injectable solution,2486109,https://www.moph.gov.lb/en/Drugs/view/937
5862,B03XA01,EPOMAX,BioTech,Erythropoietin recombinant human (Epoetin alfa) - 4000UI/ml,4000UI/ml,Injectable solution,,https://www.moph.gov.lb/en/Drugs/view/5862
932,B03XA01,EPOTEX 4000 BENTA,BioTech,"Erythropoietin recombinant human (Epoetin alfa) - 4,000IU","4,000IU",Injectable solution,1209458,https://www.moph.gov.lb/en/Drugs/view/932
933,B03XA01,EPOTEX 4000 BENTA,BioTech,"Erythropoietin recombinant human (Epoetin alfa) - 4,000IU","4,000IU",Injectable solution,5488046,https://www.moph.gov.lb/en/Drugs/view/933
939,B03XA01,EPOTIN,BioTech,"Erythropoietin recombinant human (Epoetin alfa) - 2,000IU","2,000IU",Injectable solution,9206440,https://www.moph.gov.lb/en/Drugs/view/939
943,B03XA01,EPOTIN,BioTech,"Erythropoietin recombinant human (Epoetin alfa) - 4,000IU/ml","4,000IU/ml",Injectable solution,11317795,https://www.moph.gov.lb/en/Drugs/view/943
275,A06AD04,EPSOM SALT,G,Magnesium sulfate - 40g,40g,Granules,89590,https://www.moph.gov.lb/en/Drugs/view/275
2929,J01FA09,ERACID 250,G,Clarithromycin - 250mg,250mg,"Tablet, film coated",446156,https://www.moph.gov.lb/en/Drugs/view/2929
2932,J01FA09,ERACID 500,G,Clarithromycin - 500mg,500mg,"Tablet, film coated",628918,https://www.moph.gov.lb/en/Drugs/view/2932
2954,J01FA10,ERADECIN,G,Azithromycin - 250mg,250mg,Capsule,354774,https://www.moph.gov.lb/en/Drugs/view/2954
3664,L01FE01,ERBITUX,BioTech,Cetuximab - 100mg/20ml,100mg/20ml,Injectable solution,24952249,https://www.moph.gov.lb/en/Drugs/view/3664
5776,L01FE01,ERBITUX,BioTech,Cetuximab - 100mg/20ml,100mg/20ml,Injectable solution,,https://www.moph.gov.lb/en/Drugs/view/5776
2439,G04BE03,EREC,G,Sildenafil - 100mg,100mg,"Tablet, film coated",792867,https://www.moph.gov.lb/en/Drugs/view/2439
3917,L04AB01,ERELZI,BioTech,Etanercept - 50mg,50mg,Injectable solution,59029176,https://www.moph.gov.lb/en/Drugs/view/3917
3918,L04AB01,ERELZI,BioTech,Etanercept - 50mg,50mg,Injectable solution,26491346,https://www.moph.gov.lb/en/Drugs/view/3918
3924,L04AB01,ERELZI,BioTech,Etanercept - 25mg,25mg,Injectable solution,25751867,https://www.moph.gov.lb/en/Drugs/view/3924
3767,L01XX41,ERIBULIN AQVIDA,G,Eribulin mesylate - 0.44mg/ml,0.44mg/ml,Injectable solution,13153980,https://www.moph.gov.lb/en/Drugs/view/3767
3751,L01XJ01,ERIVEDGE,B,Vismodegib - 150mg,150mg,Capsule,465368012,https://www.moph.gov.lb/en/Drugs/view/3751
3802,L02BB05,ERLEADA,B,Apalutamide - 60mg,60mg,"Tablet, film coated",264150671,https://www.moph.gov.lb/en/Drugs/view/3802
2907,J01DH03,ERTANZ,G,Ertapenem - 1g,1g,Injectable powder,2521049,https://www.moph.gov.lb/en/Drugs/view/2907
2908,J01DH03,ERTAPENEM ARROW,G,Ertapenem - 1g,1g,Injectable concentrate for solution,2241529,https://www.moph.gov.lb/en/Drugs/view/2908
2909,J01DH03,ERTAPENEM INJECTION,G,Ertapenem - 1g,1g,Injectable concentrate for solution,18892800,https://www.moph.gov.lb/en/Drugs/view/2909
4005,L04AX04,ERVALI,G,Lenalidomide - 5mg,5mg,"Capsule, hard",37370561,https://www.moph.gov.lb/en/Drugs/view/4005
4014,L04AX04,ERVALI,G,Lenalidomide - 10mg,10mg,"Capsule, hard",71493520,https://www.moph.gov.lb/en/Drugs/view/4014
4024,L04AX04,ERVALI,G,Lenalidomide - 15mg,15mg,"Capsule, hard",74977720,https://www.moph.gov.lb/en/Drugs/view/4024
4033,L04AX04,ERVALI,G,Lenalidomide - 25mg,25mg,"Capsule, hard",81147769,https://www.moph.gov.lb/en/Drugs/view/4033
3758,L01XX02,ERWINASE,BioTech,"Erwinia L-asparaginase - 10,000IU","10,000IU",Injectable lyophilised powder for solution,444434845,https://www.moph.gov.lb/en/Drugs/view/3758
2215,D10AF02,ERYFLUID,B,Erythromycin base - 40mg/ml,4%,Lotion,542912,https://www.moph.gov.lb/en/Drugs/view/2215
2216,D10AF02,ERYFLUID,B,Erythromycin base - 4%,4%,Lotion,542912,https://www.moph.gov.lb/en/Drugs/view/2216
2203,D10AD51,ERYLIK,G,"Tretinoin - 0.025%, Erythromycin - 4%",,Gel,374932,https://www.moph.gov.lb/en/Drugs/view/2203
2218,D10AF02,ERYTHROMYCIN 1.5 %,G,Erythromycin - 15mg/ml,1.5 %,Solution,501701,https://www.moph.gov.lb/en/Drugs/view/2218
120,A02BC05,ESAC,G,Esomeprazole sodium - 40mg,40mg,Injectable powder for solution,430030,https://www.moph.gov.lb/en/Drugs/view/120
4966,N06AB10,ESCITALOPRAM BIOGARAN,G,Escitalopram (oxalate) - 10mg,10mg,"Tablet, coated, scored",678640,https://www.moph.gov.lb/en/Drugs/view/4966
4975,N06AB10,ESCITALOPRAM BIOGARAN,G,Escitalopram (oxalate) - 15mg,15mg,"Tablet, coated, scored",678640,https://www.moph.gov.lb/en/Drugs/view/4975
4980,N06AB10,ESCITALOPRAM BIOGARAN,G,Escitalopram (oxalate) - 20mg,20mg,"Tablet, coated, scored",678640,https://www.moph.gov.lb/en/Drugs/view/4980
4967,N06AB10,ESCITALOPRAM NORMON,G,Escitalopram - 10mg,10mg,"Tablet, film coated",845277,https://www.moph.gov.lb/en/Drugs/view/4967
47,A02BC01,ESELAN,G,Omeprazole (sodium) - 40mg,40mg,Injectable lyophilised powder for solution,2073549,https://www.moph.gov.lb/en/Drugs/view/47
1378,C03AA03,ESIDREX,B,Hydrochlorothiazide - 25mg,25mg,Tablet,380115,https://www.moph.gov.lb/en/Drugs/view/1378
5507,R06AX27,ESLORAT,G,Desloratadine - 5mg,5mg,"Tablet, film coated",331929,https://www.moph.gov.lb/en/Drugs/view/5507
93,A02BC05,ESO TAD,G,Esomeprazole - 20mg,20mg,"Capsule, hard, gastro-resistant",299677,https://www.moph.gov.lb/en/Drugs/view/93
104,A02BC05,ESO TAD,G,Esomeprazole - 40mg,40mg,"Capsule, hard, gastro-resistant",389714,https://www.moph.gov.lb/en/Drugs/view/104
94,A02BC05,ESOCAP-UBSA,G,Esomeprazole - 20mg,20mg,Capsule,511940,https://www.moph.gov.lb/en/Drugs/view/94
105,A02BC05,ESOCAP-UBSA,G,Esomeprazole - 40mg,40mg,Capsule,646324,https://www.moph.gov.lb/en/Drugs/view/105
106,A02BC05,ESOFLUX,G,Esomeprazole - 40mg,40mg,Capsule,646324,https://www.moph.gov.lb/en/Drugs/view/106
95,A02BC05,ESOMEP,G,Esomeprazole - 20mg,20mg,"Tablet, gastroresistant",432092,https://www.moph.gov.lb/en/Drugs/view/95
107,A02BC05,ESOMEP,G,Esomeprazole - 40mg,40mg,"Tablet, gastroresistant",493392,https://www.moph.gov.lb/en/Drugs/view/107
96,A02BC05,ESOMEPRAZOLE ARROW LAB,G,Esomeprazole - 20mg,20mg,"Capsule, gastro-resistant",366869,https://www.moph.gov.lb/en/Drugs/view/96
108,A02BC05,ESOMEPRAZOLE ARROW LAB,G,Esomeprazole - 40mg,40mg,"Capsule, gastro-resistant",454219,https://www.moph.gov.lb/en/Drugs/view/108
97,A02BC05,ESOMEPRAZOLE BIOGARAN,G,Esomeprazole (magnesium dihydrate) - 20mg,20mg,"Capsule, gastro-resistant",493190,https://www.moph.gov.lb/en/Drugs/view/97
109,A02BC05,ESOMEPRAZOLE BIOGARAN,G,Esomeprazole (magnesium dihydrate) - 40mg,40mg,"Capsule, gastro-resistant",513348,https://www.moph.gov.lb/en/Drugs/view/109
121,A02BC05,ESOMEPRAZOLE NORMON,G,Esomeprazole - 40mg,40mg,Injectable powder for solution,430030,https://www.moph.gov.lb/en/Drugs/view/121
110,A02BC05,ESOPUMP,G,Esomeprazole - 40mg,40mg,Capsule,646324,https://www.moph.gov.lb/en/Drugs/view/110
863,B02BD02,ESPEROCT,BioTech,Turoctocog Alfa pegol (recombinant coagulation factor VIII) - 500IU/Vial,500IU/Vial,Injectable powder for solution+diluent,38126657,https://www.moph.gov.lb/en/Drugs/view/863
864,B02BD02,ESPEROCT,BioTech,Turoctocog Alfa pegol (recombinant coagulation factor VIII) - 1000IU/Vial,1000IU/Vial,Injectable powder for solution+diluent,75761363,https://www.moph.gov.lb/en/Drugs/view/864
122,A02BC05,ESSIUM,G,Esomeprazole - 40mg,40mg,Injectable powder for solution,314459,https://www.moph.gov.lb/en/Drugs/view/122
5642,S01XA18,ESTAPORIN,G,Ciclosporin - 0.05%,0.05%,Emulsion,2815798,https://www.moph.gov.lb/en/Drugs/view/5642
3001,J01MA02,ESTECINA 200MG,G,Ciprofloxacine (lactate) - 200mg/100ml,200mg/100ml,Injectable solution,32190251,https://www.moph.gov.lb/en/Drugs/view/3001
2993,J01MA02,ESTECINA 500MG,G,Ciprofloxacine (HCl) - 500mg,500mg,"Tablet, film coated",618168,https://www.moph.gov.lb/en/Drugs/view/2993
2342,G03CA03,ESTROFEM,B,Estradiol (hemihydrate) - 2mg,2mg,"Tablet, film coated",399121,https://www.moph.gov.lb/en/Drugs/view/2342
3919,L04AB01,ETANERREL,BioTech,Etanercept - 50mg/ml,50mg/ml,Injectable solution,9756719,https://www.moph.gov.lb/en/Drugs/view/3919
3925,L04AB01,ETANERREL,BioTech,Etanercept - 25mg/0.5ml,25mg/0.5ml,Injectable solution,5085100,https://www.moph.gov.lb/en/Drugs/view/3925
5767,L04AB01,ETANERREL,BioTech,Etanercept - 25mg/0.5ml,25mg/0.5ml,Injectable solution,,https://www.moph.gov.lb/en/Drugs/view/5767
3421,L01CB01,ETOPOSIDE EBEWE,G,Etoposide - 100mg/5ml,100mg/5ml,Injectable concentrated solution,1104639,https://www.moph.gov.lb/en/Drugs/view/3421
3422,L01CB01,ETOPOSIDE VIATRIS 20MG/ML,G,Etoposide - 100mg/5ml,100mg/5ml,Injectable concentrated solution,1544466,https://www.moph.gov.lb/en/Drugs/view/3422
5880,L01CB01,ETOPOSIDE VIATRIS 20MG/ML,G,Etoposide - 100mg/5ml,100mg/5ml,Injectable concentrated solution,,https://www.moph.gov.lb/en/Drugs/view/5880
4097,M01AB08,ETOTAC SR,G,Etodolac - 600mg,600mg,"Tablet, sustained release",550975,https://www.moph.gov.lb/en/Drugs/view/4097
4199,M01AH05,ETOXA,G,Etoricoxib - 60mg,60mg,"Tablet, film coated",904854,https://www.moph.gov.lb/en/Drugs/view/4199
4200,M01AH05,ETOXA,G,Etoricoxib - 60mg,60mg,"Tablet, film coated",302045,https://www.moph.gov.lb/en/Drugs/view/4200
4208,M01AH05,ETOXA,G,Etoricoxib - 90mg,90mg,"Tablet, film coated",1293928,https://www.moph.gov.lb/en/Drugs/view/4208
4209,M01AH05,ETOXA,G,Etoricoxib - 90mg,90mg,"Tablet, film coated",431309,https://www.moph.gov.lb/en/Drugs/view/4209
4217,M01AH05,ETOXA,G,Etoricoxib - 120mg,120mg,"Tablet, film coated",398033,https://www.moph.gov.lb/en/Drugs/view/4217
4201,M01AH05,ETOXIB,G,Etoricoxib - 60mg,60mg,"Tablet, film coated",694767,https://www.moph.gov.lb/en/Drugs/view/4201
4210,M01AH05,ETOXIB,G,Etoricoxib - 90mg,90mg,"Tablet, film coated",1126140,https://www.moph.gov.lb/en/Drugs/view/4210
4218,M01AH05,ETOXIB,G,Etoricoxib - 120mg,120mg,"Tablet, film coated",337304,https://www.moph.gov.lb/en/Drugs/view/4218
303,A07BA51,EUCARBON,B,"Rhubarbe - 25mg, Sulfur - 50mg, Senna - 105mg, Vegetal charcoal - 180mg",,Tablet,795555,https://www.moph.gov.lb/en/Drugs/view/303
627,A11CC05,EURO D 10000 IU,G,"Vitamin D3 - 10,000IU","10,000IU",Capsule,993100,https://www.moph.gov.lb/en/Drugs/view/627
628,A11CC05,EURO D 10000 IU,G,"Vitamin D3 - 10,000IU","10,000IU",Capsule,993100,https://www.moph.gov.lb/en/Drugs/view/628
640,A11CC05,EURO D HP 50.000 IU,G,"Vitamin D3 - 50,000IU","50,000IU",Capsule,1432536,https://www.moph.gov.lb/en/Drugs/view/640
641,A11CC05,EURO D HP 50.000 IU,G,"Vitamin D3 - 50,000IU","50,000IU",Capsule,1432536,https://www.moph.gov.lb/en/Drugs/view/641
909,B03AD,EURO-FER CF,G,"Folic acid - 0.5mg, Vitamin C - 200mg, Ferrous fumarate - 300mg",,Capsule,706861,https://www.moph.gov.lb/en/Drugs/view/909
699,A12BA01,EURO-K,G,Potassium chloride - 1.5g,1.5g,"Tablet, sustained release",894999,https://www.moph.gov.lb/en/Drugs/view/699
5702,V03AF03,EUROFOLIC,G,Folic acid as Calcium Folinate Hydrate - 100mg/10ml,10mg/ml,Injectable solution,5872592,https://www.moph.gov.lb/en/Drugs/view/5702
5703,V03AF03,EUROFOLIC,G,Folic acid as Calcium Folinate Hydrate - 50mg/5ml,10mg/ml,Injectable solution,5305490,https://www.moph.gov.lb/en/Drugs/view/5703
5888,V03AF03,EUROFOLIC,G,Folic acid as Calcium Folinate Hydrate - 100mg/10ml,10mg/ml,Injectable solution,,https://www.moph.gov.lb/en/Drugs/view/5888
2608,H03AA01,EUTHYROX,B,Levothyroxine sodium - 25mcg,25mcg,"Tablet, scored",256674,https://www.moph.gov.lb/en/Drugs/view/2608
2609,H03AA01,EUTHYROX,B,Levothyroxine sodium - 50mcg,50mcg,"Tablet, scored",391058,https://www.moph.gov.lb/en/Drugs/view/2609
2611,H03AA01,EUTHYROX,B,Levothyroxine sodium - 100mcg,100mcg,"Tablet, scored",452875,https://www.moph.gov.lb/en/Drugs/view/2611
2612,H03AA01,EUTHYROX,B,Levothyroxine sodium - 150mcg,150mcg,"Tablet, scored",615480,https://www.moph.gov.lb/en/Drugs/view/2612
2402,G03XC01,EVA TABLET,G,Raloxifene HCl - 60mg,60mg,Tablet,1354081,https://www.moph.gov.lb/en/Drugs/view/2402
3047,J01MA14,EVAFLOX,G,Moxifloxacin (HCl) - 400mg,400mg,"Tablet, film coated",669234,https://www.moph.gov.lb/en/Drugs/view/3047
4335,M05BX06,EVENITY,BioTech,Romosozumab - 105mg/1.17ml,105mg/1.17ml,Injectable solution,56729091,https://www.moph.gov.lb/en/Drugs/view/4335
3574,L01EG02,EVEROLIMUS ARROW,G,Everolimus - 5mg,5mg,Tablet,73160279,https://www.moph.gov.lb/en/Drugs/view/3574
3577,L01EG02,EVEROLIMUS ARROW,G,Everolimus - 10mg,10mg,Tablet,91752764,https://www.moph.gov.lb/en/Drugs/view/3577
3579,L01EG02,EVEROLIMUS ARROW,G,Everolimus - 2.5mg,2.5mg,Tablet,57802039,https://www.moph.gov.lb/en/Drugs/view/3579
5737,L01EG02,EVEROLIMUS ARROW,G,Everolimus - 2.5mg,2.5mg,Tablet,,https://www.moph.gov.lb/en/Drugs/view/5737
5738,L01EG02,EVEROLIMUS ARROW,G,Everolimus - 5mg,5mg,Tablet,,https://www.moph.gov.lb/en/Drugs/view/5738
5739,L01EG02,EVEROLIMUS ARROW,G,Everolimus - 10mg,10mg,Tablet,,https://www.moph.gov.lb/en/Drugs/view/5739
3575,L01EG02,EVEROLIMUS BIOGARAN,G,Everolimus - 5mg,5mg,Tablet,89386347,https://www.moph.gov.lb/en/Drugs/view/3575
5755,L01EG02,EVEROLIMUS BIOGARAN,G,Everolimus - 10mg,10mg,Tablet,,https://www.moph.gov.lb/en/Drugs/view/5755
3578,L01EG02,EVEROLIMUS BIOGARAN,G,Everolimus - 10mg,10mg,Tablet,124701632,https://www.moph.gov.lb/en/Drugs/view/3578
3580,L01EG02,EVEROLIMUS BIOGARAN,G,Everolimus - 2.5mg,2.5mg,Tablet,52290378,https://www.moph.gov.lb/en/Drugs/view/3580
3373,L01BB06,EVOLTRA,B,Clofarabine - 1mg/ml,1mg/ml,Injectable concentrate for solution,91416937,https://www.moph.gov.lb/en/Drugs/view/3373
3374,L01BB06,EVOLTU ONKO,G,Clofarabine - 20mg/20ml,20mg/20ml,Injectable concentrate for solution,59933383,https://www.moph.gov.lb/en/Drugs/view/3374
3010,J01MA12,EVOXIL HELLAS,G,Levofloxacin - 500mg/100ml,500mg/100ml,Injectable solution,959504,https://www.moph.gov.lb/en/Drugs/view/3010
5837,M09AX10,EVRYSDI,B,Risdiplam - 0.75mg/ml,0.75mg/ml,Powder,,https://www.moph.gov.lb/en/Drugs/view/5837
4338,M09AX10,EVRYSDI,B,Risdiplam - 0.75mg/ml,0.75mg/ml,Powder,865644067,https://www.moph.gov.lb/en/Drugs/view/4338
845,B02AA02,EXACYL,B,Tranexamic acid - 500mg/5ml,500mg/5ml,Injectable solution,748520,https://www.moph.gov.lb/en/Drugs/view/845
5354,R05,EXALL FORTE,G,"Chlorpheniramine maleate - 2.5mg, Guaifenesin - 100mg, Acetaminophen - 100mg, Diprophylline - 25mg",,Syrup,501701,https://www.moph.gov.lb/en/Drugs/view/5354
5072,N06DA03,EXELON TRANSDERMAL PATCH 10,B,Rivastigmine - 9.5mg/24h,9.5mg/24h,Patch,2457888,https://www.moph.gov.lb/en/Drugs/view/5072
5074,N06DA03,EXELON TRANSDERMAL PATCH 15,B,Rivastigmine - 13.3mg/24h,13.3mg/24h,Patch,7582922,https://www.moph.gov.lb/en/Drugs/view/5074
5073,N06DA03,EXELON TRANSDERMAL PATCH 5,B,Rivastigmine - 4.6mg/24h,4.6mg/24h,Patch,2457888,https://www.moph.gov.lb/en/Drugs/view/5073
3819,L02BG06,EXEMESTANE,G,Exemestane - 25mg,25mg,"Tablet, film coated",1222897,https://www.moph.gov.lb/en/Drugs/view/3819
3820,L02BG06,EXEMESTANE ARROW,G,Exemestane - 25mg,25mg,"Tablet, film coated",3386483,https://www.moph.gov.lb/en/Drugs/view/3820
3821,L02BG06,EXEMESTANE BGR,G,Exemestane - 25mg,25mg,"Tablet, coated",4479027,https://www.moph.gov.lb/en/Drugs/view/3821
3822,L02BG06,EXEMESTANE GENEPHARM,G,Exemestane - 25mg,25mg,"Tablet, film coated",1286662,https://www.moph.gov.lb/en/Drugs/view/3822
5956,L02BG06,EXEMESTANE PHARMINICIO,G,Exemestane - 25mg,25mg,"Tablet, film coated",,https://www.moph.gov.lb/en/Drugs/view/5956
3823,L02BG06,EXEMESTANE PHARMINICIO,G,Exemestane - 25mg,25mg,"Tablet, film coated",1158392,https://www.moph.gov.lb/en/Drugs/view/3823
5082,N06DX01,EXENTA,G,Memantine HCl - 10mg,10mg,"Tablet, film coated",1057156,https://www.moph.gov.lb/en/Drugs/view/5082
5077,N06DA52,EXENTAZIL,G,"Donepezil - 10mg, Memantine - 28mg",,Capsule,4363009,https://www.moph.gov.lb/en/Drugs/view/5077
5079,N06DA52,EXENTAZIL,G,"Donepezil - 10mg, Memantine - 14mg",,Capsule,3117715,https://www.moph.gov.lb/en/Drugs/view/5079
1779,C09DB01,EXFORGE,B,"Amlodipine - 5mg, Valsartan - 160mg",,"Tablet, film coated",1333092,https://www.moph.gov.lb/en/Drugs/view/1779
1786,C09DB01,EXFORGE,B,"Amlodipine - 10mg, Valsartan - 160mg",,"Tablet, film coated",1333092,https://www.moph.gov.lb/en/Drugs/view/1786
1817,C09DX01,EXFORGE HCT,B,"Valsartan - 160mg, Amlodipine - 5mg, Hydrochlorothiazide - 25mg",,"Tablet, film coated",1333092,https://www.moph.gov.lb/en/Drugs/view/1817
1819,C09DX01,EXFORGE HCT,B,"Valsartan - 160mg, Amlodipine - 10mg, Hydrochlorothiazide - 12.5mg",,"Tablet, film coated",1417754,https://www.moph.gov.lb/en/Drugs/view/1819
1822,C09DX01,EXFORGE HCT,B,"Valsartan - 160mg, Amlodipine - 10mg, Hydrochlorothiazide - 25mg",,"Tablet, film coated",1417754,https://www.moph.gov.lb/en/Drugs/view/1822
1824,C09DX01,EXFORGE HCT,B,"Valsartan - 160mg, Amlodipine - 5mg, Hydrochlorothiazide - 12.5mg",,"Tablet, film coated",1333092,https://www.moph.gov.lb/en/Drugs/view/1824
2044,D01AE22,EXODERIL,B,Naftifine HCl - 10mg/g,1%,Cream,345368,https://www.moph.gov.lb/en/Drugs/view/2044
2045,D01AE22,EXODERIL,B,Naftifine HCl - 10ml/ml,1%,Solution,159917,https://www.moph.gov.lb/en/Drugs/view/2045
5495,R06AX26,EXOFEN,G,Fexofenadine HCl - 120mg,120mg,"Tablet, film coated",287582,https://www.moph.gov.lb/en/Drugs/view/5495
5497,R06AX26,EXOFEN,G,Fexofenadine HCl - 180mg,180mg,"Tablet, film coated",287582,https://www.moph.gov.lb/en/Drugs/view/5497
5375,R05CB01,EXOMUC,B,N-acetylcysteine - 200mg,200mg,Granules for solution,712237,https://www.moph.gov.lb/en/Drugs/view/5375
98,A02BC05,EXONAR,G,Esomeprazole (magnesium trihydrate) - 20mg,20mg,"Capsule, delayed release",511940,https://www.moph.gov.lb/en/Drugs/view/98
111,A02BC05,EXONAR,G,Esomeprazole (magnesium trihydrate) - 40mg,40mg,"Capsule, delayed release",639925,https://www.moph.gov.lb/en/Drugs/view/111
4539,N02BE51,EXTRA STRENGTH HEADACHE RELIEF,G,"Acetaminophen - 250mg, Acetylsalicylic acid - 250mg, Caffeine - 65mg",,Tablet,353431,https://www.moph.gov.lb/en/Drugs/view/4539
1168,B05DA,EXTRANEAL (ICODEXTRIN 7.5%) SINGLE BAG,B,"Sodium lactate - 4.5g/l, Magnesium Chloride - 0.051g/l, Calcium chloride - 0.257g/l, Sodium chloride - 5.4g/l, Icodextrin - 75.0 g/l",,Injectable solution,1998025,https://www.moph.gov.lb/en/Drugs/view/1168
1167,B05DA,EXTRANEAL (ICODEXTRIN 7.5%) TWIN BAG,B,"Sodium lactate - 4.5g/l, Magnesium Chloride - 0.051g/l, Calcium chloride - 0.257g/l, Sodium chloride - 5.4g/l, Icodextrin - 75.0 g/l",,Injectable solution,1998025,https://www.moph.gov.lb/en/Drugs/view/1167
5635,S01LA05,EYLEA,BioTech,Aflibercept - 40mg/ml,40mg/ml,Injectable solution,65161855,https://www.moph.gov.lb/en/Drugs/view/5635
5636,S01LA05,EYLEA,BioTech,Aflibercept - 8mg/0.07ml,114.3mg/ml,Injectable solution,78332038,https://www.moph.gov.lb/en/Drugs/view/5636
5854,S01LA05,EYLEA,BioTech,Aflibercept - 40mg/ml,40mg/ml,Injectable solution,,https://www.moph.gov.lb/en/Drugs/view/5854
2333,G03AD01,EZ-ONE,G,Levonorgestrel - 1.5mg,1.5mg,Tablet,722987,https://www.moph.gov.lb/en/Drugs/view/2333
1993,C10AX09,EZETIMIBE BIOGARAN,G,Ezetimibe - 10mg,10mg,Tablet,1894818,https://www.moph.gov.lb/en/Drugs/view/1993
1994,C10AX09,EZETRALEX,G,Ezetimibe - 10mg,10mg,Tablet,972686,https://www.moph.gov.lb/en/Drugs/view/1994
1992,C10AX09,EZETROL,B,Ezetimibe - 10mg,10mg,Tablet,3680849,https://www.moph.gov.lb/en/Drugs/view/1992
710,A16AB04,FABRAZYME,BioTech,Agalsidase beta - 35mg,35mg,Injectable powder for concentrate for solution,295038213,https://www.moph.gov.lb/en/Drugs/view/710
5728,A16AB04,FABRAZYME,BioTech,Agalsidase beta - 35mg,35mg,Injectable powder for concentrate for solution,,https://www.moph.gov.lb/en/Drugs/view/5728
12,A02BA03,FAMODAR 20,G,Famotidine - 20mg,20mg,"Tablet, film coated",552319,https://www.moph.gov.lb/en/Drugs/view/12
14,A02BA03,FAMODAR 40,G,Famotidine - 40mg,40mg,"Tablet, film coated",552319,https://www.moph.gov.lb/en/Drugs/view/14
13,A02BA03,FAMONOR,G,Famotidine - 20mg,20mg,"Tablet, film coated",220390,https://www.moph.gov.lb/en/Drugs/view/13
15,A02BA03,FAMONOR,G,Famotidine - 40mg,40mg,"Tablet, film coated",439436,https://www.moph.gov.lb/en/Drugs/view/15
195,A03FA03,FARCOTILIUM,G,Domperidone - 10mg,10mg,"Capsule, soft gelatin",146479,https://www.moph.gov.lb/en/Drugs/view/195
202,A03FA03,FARCOTILIUM,G,Domperidone - 5mg/5ml,5mg/5ml,Suspension,115570,https://www.moph.gov.lb/en/Drugs/view/202
2630,J01AA02,FARMODOXI,G,Doxycycline (hyclate) - 100mg,100mg,Tablet,310428,https://www.moph.gov.lb/en/Drugs/view/2630
5352,R03DX10,FASENRA,B,Benralizumab - 30mg,30mg,Injectable solution,214213273,https://www.moph.gov.lb/en/Drugs/view/5352
5842,R03DX10,FASENRA,B,Benralizumab - 30mg,30mg,Injectable solution,,https://www.moph.gov.lb/en/Drugs/view/5842
3789,L02BA03,FASLODEX,B,Fulvestrant - 250mg/5ml,250mg/5ml,Injectable solution,46628557,https://www.moph.gov.lb/en/Drugs/view/3789
5783,L02BA03,FASLODEX,B,Fulvestrant - 250mg/5ml,250mg/5ml,Injectable solution,,https://www.moph.gov.lb/en/Drugs/view/5783
4226,M02AA10,FASTUM,B,Ketoprofen - 2.5g/100g,2.5%,Gel,177387,https://www.moph.gov.lb/en/Drugs/view/4226
4227,M02AA10,FASTUM,B,Ketoprofen - 2.5g/100g,2.5%,Gel,337304,https://www.moph.gov.lb/en/Drugs/view/4227
4961,N06AB08,FAVERIN,B,Fluvoxamine maleate - 100mg,100mg,"Tablet, film-scored",1291433,https://www.moph.gov.lb/en/Drugs/view/4961
3115,J02AC01,FAZOL 150,G,Fluconazole - 150mg,150mg,Capsule,623468,https://www.moph.gov.lb/en/Drugs/view/3115
4452,N02BE01,FEBRADOL,G,Paracetamol - 500mg,500mg,Tablet,327642,https://www.moph.gov.lb/en/Drugs/view/4452
4460,N02BE01,FEBRADOL JOINT,G,Paracetamol - 665mg,665mg,Tablet,289246,https://www.moph.gov.lb/en/Drugs/view/4460
4136,M01AE01,FEBRIDEX ELIXIR,G,Ibuprofen - 100mg/5ml,100mg/5ml,Elixir,262369,https://www.moph.gov.lb/en/Drugs/view/4136
4290,M04AA03,FEBUXOSTAT ARROW,G,Febuxostat - 120mg,120mg,"Tablet, film coated",1084481,https://www.moph.gov.lb/en/Drugs/view/4290
4295,M04AA03,FEBUXOSTAT ARROW,G,Febuxostat - 80mg,80mg,"Tablet, film coated",1084481,https://www.moph.gov.lb/en/Drugs/view/4295
4291,M04AA03,FEBUXOSTAT BIOGARAN,G,Febuxostat - 120mg,120mg,"Tablet, film coated",1182581,https://www.moph.gov.lb/en/Drugs/view/4291
4296,M04AA03,FEBUXOSTAT BIOGARAN,G,Febuxostat - 80mg,80mg,"Tablet, film coated",1182581,https://www.moph.gov.lb/en/Drugs/view/4296
865,B02BD03,FEIBA,BioHuman,Factor VIII Inhibitor bypassing fraction - 500IU,500U (50U/ml),Injectable powder for solution+solvent,40480699,https://www.moph.gov.lb/en/Drugs/view/865
866,B02BD03,FEIBA,BioHuman,Factor VIII Inhibitor bypassing fraction - 1000IU,1000U (50U/ml),Injectable powder for solution+solvent,79869612,https://www.moph.gov.lb/en/Drugs/view/866
3813,L02BG04,FEMAPLEX,G,Letrozole - 2.5mg,2.5mg,"Tablet, film coated",1583046,https://www.moph.gov.lb/en/Drugs/view/3813
3811,L02BG04,FEMARA,B,Letrozole - 2.5mg,2.5mg,"Tablet, film coated",3433518,https://www.moph.gov.lb/en/Drugs/view/3811
3814,L02BG04,FEMAZOL,G,Letrozole - 2.5mg,2.5mg,"Tablet, film coated",1433432,https://www.moph.gov.lb/en/Drugs/view/3814
5496,R06AX26,FENADEX 120,G,Fexofenadine HCl - 120mg,120mg,"Tablet, film coated",295645,https://www.moph.gov.lb/en/Drugs/view/5496
5498,R06AX26,FENADEX 180,G,Fexofenadine HCl - 180mg,180mg,"Tablet, film coated",295645,https://www.moph.gov.lb/en/Drugs/view/5498
2068,D04AA13,FENISTIL,B,Dimethindene maleate - 1mg/g,1mg/g,Gel,196201,https://www.moph.gov.lb/en/Drugs/view/2068
1976,C10AB05,FENOFIBRATE ARROW,G,Fenofibrate - 145mg,145mg,"Tablet, film coated",639669,https://www.moph.gov.lb/en/Drugs/view/1976
1979,C10AB05,FENOFIBRATE ARROW,G,Fenofibrate - 160mg,160mg,Tablet,639669,https://www.moph.gov.lb/en/Drugs/view/1979
1980,C10AB05,FENOFIBRATE ARROW,G,Fenofibrate - 160mg,160mg,Tablet,1803437,https://www.moph.gov.lb/en/Drugs/view/1980
1988,C10AB05,FENOGAL,G,Fenofibrate micronised - 200mg,200mg,"Capsule, micronized",392402,https://www.moph.gov.lb/en/Drugs/view/1988
1989,C10AB05,FENOGAL CHAPHA,G,Fenofibrate micronised - 200mg,200mg,Capsule,500867,https://www.moph.gov.lb/en/Drugs/view/1989
1981,C10AB05,FENOSUP CHAPHA,G,Fenofibrate - 160mg,160mg,Capsule,980803,https://www.moph.gov.lb/en/Drugs/view/1981
1982,C10AB05,FENOSUP LIDOSE,G,Fenofibrate - 160mg,160mg,Capsule,774053,https://www.moph.gov.lb/en/Drugs/view/1982
4344,N01AH01,FENTANYL MEDIS,G,Fentanyl (citrate) - 0.5mg/10ml,0.5mg/10ml,Injectable solution,1190644,https://www.moph.gov.lb/en/Drugs/view/4344
4343,N01AH01,FENTANYL PANPHARMA,G,Fentanyl - 0.1mg/2ml,0.1mg/2ml,Injectable solution,1101951,https://www.moph.gov.lb/en/Drugs/view/4343
4345,N01AH01,FENTANYL PANPHARMA,G,Fentanyl - 0.5mg/10ml,0.5mg/10ml,Injectable solution,1243054,https://www.moph.gov.lb/en/Drugs/view/4345
892,B03AA02,FEOSTA,G,Ferrous fumarate - 200mg,200mg,"Tablet, film coated",682160,https://www.moph.gov.lb/en/Drugs/view/892
893,B03AA02,FEOSTA,G,Ferrous fumarate - 200mg,200mg,"Tablet, film coated",9355300,https://www.moph.gov.lb/en/Drugs/view/893
901,B03AC,FER PANPHARMA,G,Iron (sucrose) - 100mg/5ml,100mg/5ml,Injectable solution,2315441,https://www.moph.gov.lb/en/Drugs/view/901
902,B03AC,FER PANPHARMA,G,Iron (sucrose) - 100mg/5ml,100mg/5ml,Injectable solution,2315441,https://www.moph.gov.lb/en/Drugs/view/902
907,B03AC,FERAPPLIC,G,Iron trivalent (ferric carboxymaltose) - 500mg/10ml,500mg/10ml,Injectable dispersion,34231559,https://www.moph.gov.lb/en/Drugs/view/907
906,B03AC,FERINJECT,B,Iron trivalent (ferric carboxymaltose) - 500mg/10ml,500mg/10ml,Injectable solution,10212033,https://www.moph.gov.lb/en/Drugs/view/906
903,B03AC,FEROMAX,G,Iron trivalent (hydroxide sucrose complex) - 100mg/5ml,100mg/5ml,Injectable solution,2213309,https://www.moph.gov.lb/en/Drugs/view/903
899,B03AB09,FERPLEX,B,Iron trivalent (ferric proteinsuccinylate) - 800mg,800mg,Solution,1202739,https://www.moph.gov.lb/en/Drugs/view/899
904,B03AC,FERRASIL,G,Iron (sucrose) - 100mg/5ml,100mg/5ml,Injectable solution,2194047,https://www.moph.gov.lb/en/Drugs/view/904
891,B03AA02,FERRATE,G,Ferrous fumarate - 20mg/ml (iron element),20mg/ml,Suspension,667890,https://www.moph.gov.lb/en/Drugs/view/891
897,B03AB02,FERRICURE,B,Iron (polysaccharide complex) - 150mg,150mg,Capsule,1001163,https://www.moph.gov.lb/en/Drugs/view/897
5429,R05X,FERVEX ADULTS,B,"Paracetamol - 500mg, Ascorbic acid - 200mg, Pheniramine maleate - 25mg",,Granules for solution,425998,https://www.moph.gov.lb/en/Drugs/view/5429
5428,R05X,FERVEX ADULTS RASPBERRY,B,"Paracetamol - 500mg, Ascorbic acid - 200mg, Pheniramine maleate - 25mg",,Granules for solution,425998,https://www.moph.gov.lb/en/Drugs/view/5428
5427,R05X,FERVEX ADULTS SUGAR FREE,B,"Paracetamol - 500mg, Ascorbic acid - 200mg, Pheniramine maleate - 25mg",,Granules for solution,425998,https://www.moph.gov.lb/en/Drugs/view/5427
5426,R05X,FERVEX CHILDREN SUGAR FREE,B,"Paracetamol - 280mg, Ascorbic acid - 100mg, Pheniramine maleate - 10mg",,Granules for solution,425998,https://www.moph.gov.lb/en/Drugs/view/5426
4137,M01AE01,FEVERAL,G,Ibuprofen - 100mg/5ml,100mg/5ml,Suspension,309724,https://www.moph.gov.lb/en/Drugs/view/4137
848,B02BB01,FIBRYGA,BioHuman,"Fibrinogen, human - 1g",1g,Injectable powder for solution+solvent,40915563,https://www.moph.gov.lb/en/Drugs/view/848
3878,L04AA27,FIGOFLEX,G,Fingolimod Hydrochloride - 0.5mg,0.5mg,"Capsule, hard",23372388,https://www.moph.gov.lb/en/Drugs/view/3878
1986,C10AB05,FINACOR,G,Fenofibrate micronised - 160mg,160mg,Capsule,774309,https://www.moph.gov.lb/en/Drugs/view/1986
5457,R06AE07,FINALLERG,G,Cetirizine (dihydrochloride) - 10mg,10mg,"Tablet, film coated",342680,https://www.moph.gov.lb/en/Drugs/view/5457
5462,R06AE07,FINALLERG,G,Cetirizine (dihydrochloride) - 5mg/5ml,5mg/5ml,Solution,170668,https://www.moph.gov.lb/en/Drugs/view/5462
2517,G04CB01,FINASTEKERN,G,Finasteride - 5mg,5mg,"Tablet, film coated",560382,https://www.moph.gov.lb/en/Drugs/view/2517
2518,G04CB01,FINASTERIDE,G,Finasteride - 5mg,5mg,"Tablet, film coated",356118,https://www.moph.gov.lb/en/Drugs/view/2518
2519,G04CB01,FINASTERIDE ARROW LAB,G,Finasteride - 5mg,5mg,"Tablet, film coated",516036,https://www.moph.gov.lb/en/Drugs/view/2519
2521,G04CB01,FINASTERIDE BAILLEUL,G,Finasteride - 1mg,1mg,"Tablet, film coated",1619330,https://www.moph.gov.lb/en/Drugs/view/2521
2522,G04CB01,FINASTERIDE BAILLEUL,G,Finasteride - 1mg,1mg,"Tablet, film coated",1619330,https://www.moph.gov.lb/en/Drugs/view/2522
3879,L04AA27,FINGOLIMOD ZENTIVA,G,Fingolimod Hydrochloride - 0.5mg,0.5mg,"Capsule, hard",32406715,https://www.moph.gov.lb/en/Drugs/view/3879
2270,D11AX10,FINJUVE,G,Finasteride - 2.275mg/ml,2.275mg/ml,"Spray, solution",6708462,https://www.moph.gov.lb/en/Drugs/view/2270
1983,C10AB05,FINOFIB BENTA,G,Fenofibrate - 160mg,160mg,"Tablet, film coated",788388,https://www.moph.gov.lb/en/Drugs/view/1983
3824,L02BX02,FIRMAGON,B,Degarelix (acetate) - 80mg,80mg,Injectable powder for solution+diluent,13361635,https://www.moph.gov.lb/en/Drugs/view/3824
3825,L02BX02,FIRMAGON,B,Degarelix (acetate) - 120mg,120mg,Injectable powder for solution+diluent,24325802,https://www.moph.gov.lb/en/Drugs/view/3825
2841,J01DD08,FIXIM,G,Cefixime (trihydrate) - 200mg,200mg,Capsule,890968,https://www.moph.gov.lb/en/Drugs/view/2841
2850,J01DD08,FIXIM,G,Cefixime (trihydrate) - 400mg,400mg,Capsule,1435224,https://www.moph.gov.lb/en/Drugs/view/2850
2285,G01AF01,FLAGYL,B,Metronidazole - 500mg,500mg,Ovule,249955,https://www.moph.gov.lb/en/Drugs/view/2285
5144,P01AB01,FLAGYL,B,Metronidazole - 500mg,500mg,"Tablet, film coated",310428,https://www.moph.gov.lb/en/Drugs/view/5144
1295,C01BC04,FLECAINE,B,Flecainide acetate - 100mg,100mg,"Tablet, scored",878873,https://www.moph.gov.lb/en/Drugs/view/1295
1296,C01BC04,FLECAINIDE ARROW LAB,G,Flecainide acetate - 100mg,100mg,"Tablet, scored",588603,https://www.moph.gov.lb/en/Drugs/view/1296
1297,C01BC04,FLECAINIDE BIOGARAN L.P.,G,Flecainide acetate - 100mg,100mg,"Capsule, extended release",1154361,https://www.moph.gov.lb/en/Drugs/view/1297
1298,C01BC04,FLECAINIDE BIOGARAN L.P.,G,Flecainide acetate - 50mg,50mg,"Capsule, extended release",1154361,https://www.moph.gov.lb/en/Drugs/view/1298
4090,M01AB05,FLECTOR E.P,B,Diclofenac (epolamine) - 50mg,50mg,Granules,503941,https://www.moph.gov.lb/en/Drugs/view/4090
4236,M02AA15,FLECTOR E.P TISSUGEL,B,Diclofenac (epolamine) - 1%,1%,Patch,1204083,https://www.moph.gov.lb/en/Drugs/view/4236
3176,J05AB16,FLEXIVIR,G,Remdesivir - 50mg,50mg,Injectable lyophilised powder for solution,4837833,https://www.moph.gov.lb/en/Drugs/view/3176
4263,M03BA53,FLEXPRO EXTRA,G,"Paracetamol - 500mg, Methocarbamol - 400mg",,"Tablet, film coated",337304,https://www.moph.gov.lb/en/Drugs/view/4263
5298,R03BA05,FLIXOTIDE EVOHALER,B,Fluticasone propionate - 250mcg/actutaion,250mcg/actutaion,Inhalation suspension,1484946,https://www.moph.gov.lb/en/Drugs/view/5298
5299,R03BA05,FLIXOTIDE EVOHALER,B,Fluticasone propionate - 125mcg/actuation,125mcg/actuation,Inhalation suspension,802274,https://www.moph.gov.lb/en/Drugs/view/5299
5300,R03BA05,FLIXOTIDE EVOHALER,B,Fluticasone propionate - 50mcg/actuation,50mcg/actuation,Inhalation suspension,671921,https://www.moph.gov.lb/en/Drugs/view/5300
3021,J01MA12,FLOBIOX,G,Levofloxacin - 500mg,500mg,"Tablet, film coated",629686,https://www.moph.gov.lb/en/Drugs/view/3021
3022,J01MA12,FLOBIOX,G,Levofloxacin - 500mg,500mg,"Tablet, film coated",794787,https://www.moph.gov.lb/en/Drugs/view/3022
3038,J01MA12,FLOBIOX,G,Levofloxacin - 750mg,750mg,"Tablet, film coated",945809,https://www.moph.gov.lb/en/Drugs/view/3038
3116,J02AC01,FLOCAZOLE,G,Fluconazole - 150mg,150mg,Capsule,172012,https://www.moph.gov.lb/en/Drugs/view/3116
2273,D11AX16,FLOREXA,G,Eflornithine (HCl) - 11.5%,11.5%,Cream,3527587,https://www.moph.gov.lb/en/Drugs/view/2273
593,A10BK03,FLORIANCE 10,G,Empagliflozin - 10mg,10mg,"Tablet, film coated",1791790,https://www.moph.gov.lb/en/Drugs/view/593
589,A10BK03,FLORIANCE 25,G,Empagliflozin - 25mg,25mg,"Tablet, film coated",1791790,https://www.moph.gov.lb/en/Drugs/view/589
536,A10BD20,FLORIMET 12.5/1000,G,"Metformin - 1000mg, Empagliflozin - 12.5mg",,"Tablet, film coated",1836585,https://www.moph.gov.lb/en/Drugs/view/536
541,A10BD20,FLORIMET 5/1000,G,"Metformin - 1000mg, Empagliflozin - 5mg",,"Tablet, film coated",1836585,https://www.moph.gov.lb/en/Drugs/view/541
784,B01AC24,FLOWVIX,G,Ticagrelor - 90mg,90mg,"Tablet, film coated",2700484,https://www.moph.gov.lb/en/Drugs/view/784
5542,S01AE01,FLOXEDOL,G,Ofloxacin - 3mg/ml,3mg/ml,Gel,339992,https://www.moph.gov.lb/en/Drugs/view/5542
5540,S01AE01,FLOXIGEN,G,Ofloxacin - 3mg/ml,3mg/ml,Drops solution,358806,https://www.moph.gov.lb/en/Drugs/view/5540
3023,J01MA12,FLOXILEVO,G,Levofloxacin - 500mg,500mg,"Tablet, film coated",690735,https://www.moph.gov.lb/en/Drugs/view/3023
3048,J01MA14,FLOXIMOX,G,Moxifloxacin (HCl) - 400mg,400mg,"Tablet, film coated",1062276,https://www.moph.gov.lb/en/Drugs/view/3048
3024,J01MA12,FLOXIN-L 500,G,Levofloxacin (hemihydrate) - 500mg,500mg,"Tablet, film coated",831903,https://www.moph.gov.lb/en/Drugs/view/3024
3117,J02AC01,FLUCOKEY,G,Fluconazole - 150mg,150mg,Capsule,103476,https://www.moph.gov.lb/en/Drugs/view/3117
3131,J02AC01,FLUCONAZOLE ARROW LAB,G,Fluconazole - 200mg,200mg,Capsule,3918645,https://www.moph.gov.lb/en/Drugs/view/3131
3100,J02AC01,FLUCONAZOLE PANPHARMA,G,Fluconazole - 200mg/100ml,200mg/100ml,Injectable solution,11256652,https://www.moph.gov.lb/en/Drugs/view/3100
3130,J02AC01,FLUCTOBAR,G,Fluconazole - 100mg/50ml,100mg/50ml,Injectable solution,522755,https://www.moph.gov.lb/en/Drugs/view/3130
5245,R03AK06,FLUDALT DUO,G,"Salmeterol (xinafoate) - 50mcg, Fluticasone propionate - 100mcg",,"Capsule, inhalation",1777706,https://www.moph.gov.lb/en/Drugs/view/5245
5248,R03AK06,FLUDALT DUO,G,"Salmeterol (xinafoate) - 50mcg, Fluticasone propionate - 250mcg",,"Capsule, inhalation",2487891,https://www.moph.gov.lb/en/Drugs/view/5248
5251,R03AK06,FLUDALT DUO,G,"Salmeterol (xinafoate) - 50mcg, Fluticasone propionate - 500mcg",,"Capsule, inhalation",3169668,https://www.moph.gov.lb/en/Drugs/view/5251
3371,L01BB05,FLUDARABIN EBEWE,G,Fludarabine Dihydrogenophosphate - 50mg/2ml,50mg/2ml,Injectable solution,8081165,https://www.moph.gov.lb/en/Drugs/view/3371
3372,L01BB05,FLUDARABINE PHOSPHATE NEAPOLIS,G,Fludarabine Dihydrogenophosphate - 50mg/2ml,50mg/2ml,Injectable solution,4031528,https://www.moph.gov.lb/en/Drugs/view/3372
5863,L01BB05,FLUDARABINE PHOSPHATE NEAPOLIS,G,Fludarabine Dihydrogenophosphate - 50mg/2ml,50mg/2ml,Injectable solution,,https://www.moph.gov.lb/en/Drugs/view/5863
1380,C03BA11,FLUDEX,B,Indapamide - 1.5mg,1.5mg,"Tablet, sustained release",517379,https://www.moph.gov.lb/en/Drugs/view/1380
175,A03CA02,FLUDINIUM,G,"Clidinium bromide - 2.5mg, Trifluoperazine HCl - 1mg",,Capsule,386515,https://www.moph.gov.lb/en/Drugs/view/175
5383,R05CB06,FLUIBRON,G,Ambroxol - 15mg/5ml,15mg/5ml,Syrup,329241,https://www.moph.gov.lb/en/Drugs/view/5383
5372,R05CB01,FLUIMUCIL,B,N-acetylcysteine - 600mg,600mg,"Tablet, effervescent",567102,https://www.moph.gov.lb/en/Drugs/view/5372
5377,R05CB01,FLUIMUCIL MUCOLYTIC,B,N-acetylcysteine - 2%,2%,Syrup,595322,https://www.moph.gov.lb/en/Drugs/view/5377
5449,R06AD52,FLUISEDAL,G,"Promethazine HCl - 2.5g/5ml, Meglumine benzoate - 130mg/5ml, Polysorbate 20 - 15mg/5ml",,Syrup,572634,https://www.moph.gov.lb/en/Drugs/view/5449
5450,R06AD52,FLUISEDAL,G,"Promethazine HCl - 2.5g/5ml, Meglumine benzoate - 130mg/5ml, Polysorbate 20 - 15mg/5ml",,Syrup,382995,https://www.moph.gov.lb/en/Drugs/view/5450
3118,J02AC01,FLUKAS,G,Fluconazole - 150mg,150mg,Capsule,147823,https://www.moph.gov.lb/en/Drugs/view/3118
3101,J02AC01,FLUKAS 200,G,Fluconazole - 200mg/100ml,200mg/100ml,Injectable solution,1273963,https://www.moph.gov.lb/en/Drugs/view/3101
3893,L04AA31,FLUMID,G,Teriflunomide - 14mg,14mg,"Tablet, film coated",27087998,https://www.moph.gov.lb/en/Drugs/view/3893
3203,J05AH02,FLUMIVIR,G,Oseltamivir - 75mg,75mg,Capsule,1384158,https://www.moph.gov.lb/en/Drugs/view/3203
4180,M01AE51,FLUMIX BENTA,G,"Ibuprofen - 200mg, Guaifenesin - 200mg, Chlorpheniramine maleate - 2mg, Phenylephrine HCl - 5mg",,"Tablet, film coated",875417,https://www.moph.gov.lb/en/Drugs/view/4180
4181,M01AE51,FLUMIX BENTA,G,"Ibuprofen - 200mg, Guaifenesin - 200mg, Chlorpheniramine maleate - 2mg, Phenylephrine HCl - 5mg",,"Tablet, film coated",460746,https://www.moph.gov.lb/en/Drugs/view/4181
2735,J01CR50,FLUMOX,G,"Flucloxacillin (monohydrate) - 250mg, Amoxicillin (trihydrate) - 250mg",,Capsule,348055,https://www.moph.gov.lb/en/Drugs/view/2735
3104,J02AC01,FLUNAZOL,G,Fluconazole - 50mg/5ml,50mg/5ml,Powder for suspension,756391,https://www.moph.gov.lb/en/Drugs/view/3104
3107,J02AC01,FLUNAZOL,G,Fluconazole - 50mg,50mg,Capsule,534465,https://www.moph.gov.lb/en/Drugs/view/3107
3119,J02AC01,FLUNAZOL,G,Fluconazole - 150mg,150mg,Capsule,149742,https://www.moph.gov.lb/en/Drugs/view/3119
2140,D07AC04,FLUOCINOLONE ACETONIDE,G,Fluocinolone acetonide - 0.25mg/g,0.25mg/g,Cream,296925,https://www.moph.gov.lb/en/Drugs/view/2140
2283,G01AC05,FLUOMIZIN,B,Dequalinium chloride - 10mg,10mg,Tablet,775397,https://www.moph.gov.lb/en/Drugs/view/2283
3120,J02AC01,FLUORES,G,Fluconazole - 150mg,150mg,"Capsule, hard",428686,https://www.moph.gov.lb/en/Drugs/view/3120
5632,S01JA01,FLUORESCEIN SODIUM USP IV,G,Fluorescein sodium - 10%,10%,Injectable solution,1198595,https://www.moph.gov.lb/en/Drugs/view/5632
5633,S01JA01,FLUORESCEIN SODIUM USP IV,G,Fluorescein sodium - 10%,10%,Injectable solution,10787353,https://www.moph.gov.lb/en/Drugs/view/5633
4924,N06AB03,FLUOXETINA-Key,G,Fluoxetine (HCl) - 20mg,20mg,Capsule,448843,https://www.moph.gov.lb/en/Drugs/view/4924
4925,N06AB03,FLUOXETINE BIOGARAN,G,Fluoxetine (HCl) - 20mg,20mg,Capsule,239204,https://www.moph.gov.lb/en/Drugs/view/4925
4926,N06AB03,FLUOXETINE CHAPHA,G,Fluoxetine (HCl) - 20mg,20mg,Capsule,500867,https://www.moph.gov.lb/en/Drugs/view/4926
4927,N06AB03,FLUOXONE DIVULE,G,Fluoxetine (HCl) - 20mg,20mg,"Tablet, coated",627574,https://www.moph.gov.lb/en/Drugs/view/4927
4747,N05AB02,FLUPHENAZINE HCl,G,Fluphenazine (HCl) - 5mg,5mg,"Tablet, scored",624567,https://www.moph.gov.lb/en/Drugs/view/4747
5563,S01BC04,FLUROPTIC,G,Flurbiprofen sodium - 0.03% w/v,0.03% w/v,Drops solution,223078,https://www.moph.gov.lb/en/Drugs/view/5563
4934,N06AB03,FLUTIN,G,Fluoxetine (HCl) - 20mg,20mg,Capsule,362837,https://www.moph.gov.lb/en/Drugs/view/4934
3121,J02AC01,FLUZAN,G,Fluconazole - 150mg,150mg,Tablet,231653,https://www.moph.gov.lb/en/Drugs/view/3121
3108,J02AC01,FLUZAN 50,G,Fluconazole - 50mg,50mg,Tablet,719276,https://www.moph.gov.lb/en/Drugs/view/3108
926,B03BB01,FOLICIL,G,Folic acid - 5mg,5mg,Tablet,584571,https://www.moph.gov.lb/en/Drugs/view/926
913,B03AD03,FOLIFER,G,"Folic acid - 1mg, Iron bivalent (as dried ferrous sulfate) - 90mg",,"Tablet, film coated",1408347,https://www.moph.gov.lb/en/Drugs/view/913
2404,G04B,FONCITRIL 4000,B,"Citric acid - 1.189g, Potassium Citrate - 1.73g, Sodium citrate - 1.845g",,Granules,2488796,https://www.moph.gov.lb/en/Drugs/view/2404
3132,J02AC02,FONGINOX,G,Itraconazole - 100mg,100mg,Capsule,778149,https://www.moph.gov.lb/en/Drugs/view/3132
3133,J02AC02,FONGINOX,G,Itraconazole - 100mg,100mg,Capsule,174060,https://www.moph.gov.lb/en/Drugs/view/3133
5264,R03AK07,FORACORT 200,G,"Formoterol fumarate dihydrate - 4.5mcg/inhalation, Budesonide - 200mcg/inhalation",,Metered dose inhaler,2159555,https://www.moph.gov.lb/en/Drugs/view/5264
5265,R03AK07,FORACORT 400,G,"Formoterol fumarate - 4.5mcg/inhalation, Budesonide - 400mcg/inhalation",,Metered dose inhaler,3104276,https://www.moph.gov.lb/en/Drugs/view/5265
279,A06AD15,FORLAX POUDRE POUR SOLUTION BUVABLE,B,Macrogol 4000 - 10g,10g,Powder for solution,450187,https://www.moph.gov.lb/en/Drugs/view/279
408,A10BA02,FORTAMET,G,Metformin - 850mg,850mg,Tablet,217575,https://www.moph.gov.lb/en/Drugs/view/408
2778,J01DD02,FORTECARE,G,Ceftazidime - 1g,1g,Injectable powder for solution,10011695,https://www.moph.gov.lb/en/Drugs/view/2778
2619,H05AA02,FORTEO,BioTech,Teriparatide - 250mcg/ml,20mcg/80mcl,Injectable solution,24834241,https://www.moph.gov.lb/en/Drugs/view/2619
281,A06AD65,FORTRANS POUDRE POUR SOLUTION BUVABLE,B,"Potassium chloride - 0.750g, Sodium chloride - 1460g, Sodium bicarbonate - 1680g, Sodium sulfate anhydrous - 5700g, Macrogol 4000 - 64.000g",,Powder for solution,1136891,https://www.moph.gov.lb/en/Drugs/view/281
5547,S01AE07,FORTYMOX,G,Moxifloxacin (HCl) - 0.5%,0.5%,Drops solution,772709,https://www.moph.gov.lb/en/Drugs/view/5547
580,A10BK01,FORXIGA,B,Dapagliflozin - 10mg,10mg,"Tablet, film coated",2927964,https://www.moph.gov.lb/en/Drugs/view/580
4329,M05BB03,FOSAVANCE,B,"Alendronic acid (sodium alendronate) - 70mg, Colecalciferol - 5600IU",,Tablet,1988887,https://www.moph.gov.lb/en/Drugs/view/4329
5691,V03AE02,FOSEAL-800,G,Sevelamer HCl - 800mg,800mg,"Tablet, film coated",470345,https://www.moph.gov.lb/en/Drugs/view/5691
5692,V03AE02,FOSEAL-800,G,Sevelamer HCl - 800mg,800mg,"Tablet, film coated",7977094,https://www.moph.gov.lb/en/Drugs/view/5692
3086,J01XX01,FOSFOKEY,G,Fosfomycine (trométamol) - 3g,3g,Granules for solution,399121,https://www.moph.gov.lb/en/Drugs/view/3086
3087,J01XX01,FOSFOLAG,G,Fosfomycine (trométamol) - 3g,3g,Granules for solution,399121,https://www.moph.gov.lb/en/Drugs/view/3087
5695,V03AE03,FOSRENOL,B,Lanthanum Carbonate - 500mg,500mg,"Tablet, chewable",18751847,https://www.moph.gov.lb/en/Drugs/view/5695
5696,V03AE03,FOSRENOL,B,Lanthanum Carbonate - 750mg,750mg,"Tablet, chewable",24138283,https://www.moph.gov.lb/en/Drugs/view/5696
2385,G03GA04,FOSTIMON,BioHuman,Urofollitropin - 150IU,150IU,Injectable lyophilised powder for solution+diluent,36347120,https://www.moph.gov.lb/en/Drugs/view/2385
2386,G03GA04,FOSTIMON,BioHuman,Urofollitropin - 75IU,75IU,Injectable lyophilised powder for solution+diluent,15744000,https://www.moph.gov.lb/en/Drugs/view/2386
5568,S01CA01,FRAKIDEX,B,"Dexamethasone disodium phosphate - 0.1g/100g, Framycetin sulfate - 0.5g/100g",,Ointment,141103,https://www.moph.gov.lb/en/Drugs/view/5568
5477,R06AX,FRENALER CORT,G,"Desloratadine - 1mg/ml, Betamethasone - 0.05mg/ml",,Syrup,741801,https://www.moph.gov.lb/en/Drugs/view/5477
5479,R06AX,FRENALER CORT,G,"Desloratadine - 5mg, Betamethasone - 0.6mg",,"Tablet, film coated",632950,https://www.moph.gov.lb/en/Drugs/view/5479
1389,C03CA01,FRURETIC,G,Furosemide - 20mg/2ml,20mg/2ml,Injectable solution,2600655,https://www.moph.gov.lb/en/Drugs/view/1389
2167,D07CC01,FUCICORT,B,"Fusidic acid - 20mg/g, Betamethasone (valerate) - 1mg/g",,Cream,376276,https://www.moph.gov.lb/en/Drugs/view/2167
2168,D07CC01,FUCICORT,B,"Fusidic acid - 20mg/g, Betamethasone (valerate) - 1mg/g",,Cream,501253,https://www.moph.gov.lb/en/Drugs/view/2168
2095,D06AX01,FUCIDIN,B,Fusidic acid - 20mg/g,2%,Cream,259362,https://www.moph.gov.lb/en/Drugs/view/2095
2103,D06AX01,FUCIDIN,B,Fusidic acid (sodium salt) - 20mg/g,2%,Ointment,259362,https://www.moph.gov.lb/en/Drugs/view/2103
2096,D06AX01,FUCIDIN CREAM,B,Fusidic acid - 2%,2%,Cream,491846,https://www.moph.gov.lb/en/Drugs/view/2096
2097,D06AX01,FUCIDIN CREAM,B,Fusidic acid - 2%,2%,Cream,345368,https://www.moph.gov.lb/en/Drugs/view/2097
2104,D06AX01,FUCIDIN OINTMENT,B,Fusidic acid (sodium salt) - 2%,2%,Ointment,491846,https://www.moph.gov.lb/en/Drugs/view/2104
2105,D06AX01,FUCIDIN OINTMENT,B,Fusidic acid (sodium salt) - 2%,2%,Ointment,345368,https://www.moph.gov.lb/en/Drugs/view/2105
2106,D06AX01,FUCIKALT,G,Fusidic acid (sodium salt) - 2%,2%,Ointment,209895,https://www.moph.gov.lb/en/Drugs/view/2106
5531,S01AA13,FUCITHALMIC VISCOUS,B,Fusidic acid - 10mg/g,1%,Drops,443468,https://www.moph.gov.lb/en/Drugs/view/5531
3840,L03AA13,FULPHILA,BioTech,Pegfilgrastim - 6mg,6mg,Injectable solution,30257174,https://www.moph.gov.lb/en/Drugs/view/3840
4928,N06AB03,FULSAC,G,Fluoxetine (HCl) - 20mg,20mg,Capsule,435405,https://www.moph.gov.lb/en/Drugs/view/4928
3791,L02BA03,FULVESTRANT ARROW,G,Fulvestrant - 250mg/5ml,250mg/5ml,Injectable solution,12644009,https://www.moph.gov.lb/en/Drugs/view/3791
3792,L02BA03,FULVESTRANT EVER PHARMA,G,Fulvestrant - 250mg/5ml,250mg,Injectable solution,14393267,https://www.moph.gov.lb/en/Drugs/view/3792
5959,L02BA03,FULVESTRANT EVER PHARMA,G,Fulvestrant - 250mg/5ml,250mg,Injectable solution,,https://www.moph.gov.lb/en/Drugs/view/5959
3122,J02AC01,FUNGIMID 150,G,Fluconazole - 150mg,150mg,Capsule,172012,https://www.moph.gov.lb/en/Drugs/view/3122
3123,J02AC01,FUNGOZOL-UBSA,G,Fluconazole - 150mg,150mg,Capsule,199657,https://www.moph.gov.lb/en/Drugs/view/3123
3124,J02AC01,FUNZOL 150,G,Fluconazole - 150mg,150mg,Capsule,170668,https://www.moph.gov.lb/en/Drugs/view/3124
3109,J02AC01,FUNZOL 50,G,Fluconazole - 50mg,50mg,Capsule,373588,https://www.moph.gov.lb/en/Drugs/view/3109
1387,C03CA01,FURESIX 40,G,Furosemide - 40mg,40mg,Tablet,166381,https://www.moph.gov.lb/en/Drugs/view/1387
1390,C03CA01,FUROLIX,G,Furosemide - 20mg/2ml,20mg/2ml,Injectable solution,1612611,https://www.moph.gov.lb/en/Drugs/view/1390
1391,C03CA01,FUROSEMIDE RENAUDIN,G,Furosemide (sodium) - 20mg/2ml,20mg/2ml,Injectable solution,451531,https://www.moph.gov.lb/en/Drugs/view/1391
1396,C03CA01,FUROSEMIDE RENAUDIN,G,Furosemide - 250mg/25ml,250mg/25ml,Injectable solution,1791342,https://www.moph.gov.lb/en/Drugs/view/1396
1397,C03CA01,FUROSEMIDE S.A.L.F.,G,Furosemide - 250mg/25ml,250mg/25ml,Injectable solution,919188,https://www.moph.gov.lb/en/Drugs/view/1397
1392,C03CA01,FUROSEMIDE SALF,G,Furosemide - 20mg/2ml,20mg/2ml,Injectable solution,216359,https://www.moph.gov.lb/en/Drugs/view/1392
1388,C03CA01,FUROSETIC,G,Furosemide - 40mg,40mg,"Tablet, scored",121586,https://www.moph.gov.lb/en/Drugs/view/1388
297,A07AX03,FUROXYL,G,Nifuroxazide - 200mg,200mg,Capsule,366037,https://www.moph.gov.lb/en/Drugs/view/297
2101,D06AX01,FUTASOLE,G,Fusidic acid - 20mg/g,2%,Cream,145135,https://www.moph.gov.lb/en/Drugs/view/2101
3793,L02BA03,FUXRAN,G,Fulvestrant - 250mg/5ml,250mg/5ml,Injectable solution,23017465,https://www.moph.gov.lb/en/Drugs/view/3793
4710,N03AX22,FYCOMPA,B,Perampanel - 2mg,2mg,"Tablet, film coated",1138235,https://www.moph.gov.lb/en/Drugs/view/4710
4711,N03AX22,FYCOMPA,B,Perampanel - 4mg,4mg,"Tablet, film coated",8751127,https://www.moph.gov.lb/en/Drugs/view/4711
4712,N03AX22,FYCOMPA,B,Perampanel - 6mg,6mg,"Tablet, film coated",8751127,https://www.moph.gov.lb/en/Drugs/view/4712
4713,N03AX22,FYCOMPA,B,Perampanel - 8mg,8mg,"Tablet, film coated",10180812,https://www.moph.gov.lb/en/Drugs/view/4713
4714,N03AX22,FYCOMPA,B,Perampanel - 10mg,10mg,"Tablet, film coated",12176386,https://www.moph.gov.lb/en/Drugs/view/4714
4643,N03AX12,GABAMOX,G,Gabapentin - 300mg,300mg,"Capsule, hard",1108670,https://www.moph.gov.lb/en/Drugs/view/4643
4651,N03AX12,GABAMOX,G,Gabapentin - 400mg,400mg,"Capsule, hard",1233647,https://www.moph.gov.lb/en/Drugs/view/4651
4644,N03AX12,GABANET 300,G,Gabapentin - 300mg,300mg,Capsule,1380126,https://www.moph.gov.lb/en/Drugs/view/4644
4652,N03AX12,GABANET 400,G,Gabapentin - 400mg,400mg,Capsule,1607236,https://www.moph.gov.lb/en/Drugs/view/4652
4645,N03AX12,GABAPENTINE ARROW GENERIQUES,G,Gabapentin - 300mg,300mg,Capsule,1342499,https://www.moph.gov.lb/en/Drugs/view/4645
4646,N03AX12,GABAPENTINE ARROW GENERIQUES,G,Gabapentin - 300mg,300mg,Capsule,1342499,https://www.moph.gov.lb/en/Drugs/view/4646
4653,N03AX12,GABAPENTINE ARROW GENERIQUES,G,Gabapentin - 400mg,400mg,Capsule,1342499,https://www.moph.gov.lb/en/Drugs/view/4653
4654,N03AX12,GABAPENTINE ARROW GENERIQUES,G,Gabapentin - 400mg,400mg,Capsule,1342499,https://www.moph.gov.lb/en/Drugs/view/4654
4647,N03AX12,GABATREX,G,Gabapentin - 300mg,300mg,Capsule,1585734,https://www.moph.gov.lb/en/Drugs/view/4647
4655,N03AX12,GABATREX,G,Gabapentin - 400mg,400mg,Capsule,1846440,https://www.moph.gov.lb/en/Drugs/view/4655
4658,N03AX12,GABATREX,G,Gabapentin - 100mg,100mg,Capsule,292958,https://www.moph.gov.lb/en/Drugs/view/4658
4659,N03AX12,GABATREX,G,Gabapentin - 600mg,600mg,Tablet,3132497,https://www.moph.gov.lb/en/Drugs/view/4659
4568,N02BF02,GABRIKA 100,G,Pregabalin - 100mg,100mg,Capsule,798626,https://www.moph.gov.lb/en/Drugs/view/4568
4548,N02BF02,GABRIKA 150,G,Pregabalin - 150mg,150mg,Capsule,819104,https://www.moph.gov.lb/en/Drugs/view/4548
4569,N02BF02,GABRIKA 25,G,Pregabalin - 25mg,25mg,Capsule,560062,https://www.moph.gov.lb/en/Drugs/view/4569
4570,N02BF02,GABRIKA 25,G,Pregabalin - 25mg,25mg,Capsule,341720,https://www.moph.gov.lb/en/Drugs/view/4570
4557,N02BF02,GABRIKA 75,G,Pregabalin - 75mg,75mg,Capsule,793507,https://www.moph.gov.lb/en/Drugs/view/4557
4558,N02BF02,GALICA 75,G,Pregabalin - 75mg,75mg,Capsule,338648,https://www.moph.gov.lb/en/Drugs/view/4558
555,A10BH02,GALVUS,B,Vildagliptin - 50mg,50mg,Tablet,950097,https://www.moph.gov.lb/en/Drugs/view/555
498,A10BD08,GALVUS MET,B,"Metformin HCl - 1,000mg, Vildagliptin - 50mg",,"Tablet, film coated",1816875,https://www.moph.gov.lb/en/Drugs/view/498
502,A10BD08,GALVUS MET,B,"Metformin HCl - 850mg, Vildagliptin - 50mg",,"Tablet, film coated",1816875,https://www.moph.gov.lb/en/Drugs/view/502
5177,P03AB02,GAMMA BENZENE HEXACHLORIDE,G,Lindane - 1%,1%,Shampoo,195817,https://www.moph.gov.lb/en/Drugs/view/5177
5179,P03AB02,GAMMA BENZENE HEXACHLORIDE,G,Lindane - 1%,1%,Lotion,167660,https://www.moph.gov.lb/en/Drugs/view/5179
5178,P03AB02,GAMMAPHARM,G,Lindane - 1%,1%,Shampoo,195817,https://www.moph.gov.lb/en/Drugs/view/5178
3229,J06BA02,GAMUNEX-C,BioHuman,Human normal immunoglobulin G - 10%,10%,Injectable solution,39990287,https://www.moph.gov.lb/en/Drugs/view/3229
206,A03FA07,GANATON,B,Itopride Hydrochloride - 50mg,50mg,Tablet,1119421,https://www.moph.gov.lb/en/Drugs/view/206
207,A03FA07,GANATON,B,Itopride Hydrochloride - 50mg,50mg,Tablet,357462,https://www.moph.gov.lb/en/Drugs/view/207
5597,S01ED51,GANFORT,B,"Timolol maleate - 5mg/ml, Bimatoprost - 300mcg/ml",,Drops solution,950097,https://www.moph.gov.lb/en/Drugs/view/5597
5598,S01ED51,GANFORT,B,"Timolol maleate - 5mg/ml, Bimatoprost - 300mcg/ml",,Drops solution,950097,https://www.moph.gov.lb/en/Drugs/view/5598
5537,S01AD09,GANVIR,G,Ganciclovir - 0.15%,0.15%,Gel,698798,https://www.moph.gov.lb/en/Drugs/view/5537
3301,J07BM03,GARDASIL 9 HUMAN PAPILLOMAVIRUS 9- VALENT VACCINE RECOMBINANT,B,"Papillomavirus (human type 6) - 30mcg/0.5ml, Papillomavirus (human type 11) - 40mcg/0.5ml, Papillomavirus (human type 16) - 60mcg/0.5ml, Papillomavirus (human type 18) - 40mcg/0.5ml, Papillomavirus (human type 31) - 20mcg/0.5ml, Papillomavirus (human type 33) - 20mcg/0.5ml, Papillomavirus (human type 45) - 20mcg/0.5ml, Papillomavirus (human type 52) - 20mcg/0.5ml, Papillomavirus (human type 58) - 20mcg/0.5ml",,Injectable suspension,14139396,https://www.moph.gov.lb/en/Drugs/view/3301
4591,N03AA02,GARDENAL,B,Phenobarbital - 100mg,100mg,Tablet,151854,https://www.moph.gov.lb/en/Drugs/view/4591
208,A03FA07,GAROPRIDE,G,Itopride Hydrochloride - 50mg,50mg,"Tablet, film coated",213671,https://www.moph.gov.lb/en/Drugs/view/208
25,A02BC01,GASTRAZOLE,G,Omeprazole - 20mg,20mg,Capsule,134384,https://www.moph.gov.lb/en/Drugs/view/25
26,A02BC01,GASTRAZOLE,G,Omeprazole - 20mg,20mg,Capsule,377620,https://www.moph.gov.lb/en/Drugs/view/26
27,A02BC01,GASTRIMUT,G,Omeprazole - 20mg,20mg,"Capsule, hard, gastro-resistant",427342,https://www.moph.gov.lb/en/Drugs/view/27
28,A02BC01,GASTRIMUT,G,Omeprazole - 20mg,20mg,"Capsule, hard, gastro-resistant",6720556,https://www.moph.gov.lb/en/Drugs/view/28
43,A02BC01,GASTRIMUT,G,Omeprazole - 40mg,40mg,"Capsule, hard, gastro-resistant",503941,https://www.moph.gov.lb/en/Drugs/view/43
44,A02BC01,GASTRIMUT,G,Omeprazole - 40mg,40mg,"Capsule, hard, gastro-resistant",956816,https://www.moph.gov.lb/en/Drugs/view/44
29,A02BC01,GASTRISEC,G,Omeprazole - 20mg,20mg,Capsule,413903,https://www.moph.gov.lb/en/Drugs/view/29
59,A02BC02,GASTROPAN,G,Pantoprazole (sodium) - 40mg,40mg,"Tablet, enteric coated",1104639,https://www.moph.gov.lb/en/Drugs/view/59
60,A02BC02,GASTROPAN,G,Pantoprazole (sodium) - 40mg,40mg,"Tablet, enteric coated",581884,https://www.moph.gov.lb/en/Drugs/view/60
67,A02BC02,GASTROPAN,G,Pantoprazole (sodium) - 20mg,20mg,"Tablet, enteric coated",568445,https://www.moph.gov.lb/en/Drugs/view/67
133,A02BX13,GAVISCON,B,"Sodium alginate - 500mg/10ml, Sodium bicarbonate - 267mg/10ml, Calcium (carbonate) - 160mg/10ml",,Liquid,393746,https://www.moph.gov.lb/en/Drugs/view/133
135,A02BX13,GAVISCON ADVANCE ANISEED FLAVOR,B,"Sodium alginate - 1000mg/10ml, Potassium hydrogen carbonate - 200mg/10ml",,Suspension,760615,https://www.moph.gov.lb/en/Drugs/view/135
139,A02BX13,GAVISCON DOUBLE ACTION,B,"Sodium alginate - 500mg, Sodium bicarbonate - 213mg, Calcium (carbonate) - 325mg",,Suspension,645044,https://www.moph.gov.lb/en/Drugs/view/139
136,A02BX13,GAVISCON DOUBLE ACTION MINT,B,"Sodium alginate - 250mg, Sodium bicarbonate - 106.5mg, Calcium (carbonate) - 187.5mg",,"Tablet, chewable",542912,https://www.moph.gov.lb/en/Drugs/view/136
137,A02BX13,GAVISCON DOUBLE ACTION MINT,B,"Sodium alginate - 500mg/10ml, Sodium bicarbonate - 213mg/10ml, Calcium (carbonate) - 325mg/10ml",,Suspension,650420,https://www.moph.gov.lb/en/Drugs/view/137
138,A02BX13,GAVISCON DOUBLE ACTION MIXED BERRIES FLAVOR,G,"Sodium alginate - 500mg/10ml, Sodium bicarbonate - 213mg/10ml, Calcium (carbonate) - 325mg/10ml",,Suspension,732394,https://www.moph.gov.lb/en/Drugs/view/138
134,A02BX13,GAVISCON INFANT,B,"Sodium alginate - 225mg, Magnesium alginate - 87.5mg",,Powder for suspension,710893,https://www.moph.gov.lb/en/Drugs/view/134
140,A02BX13,GAVISCON PEPPERMINT LIQUID,B,"Sodium alginate - 250mg/10ml, Sodium bicarbonate - 133.5mg/10ml, Calcium (carbonate) - 80mg/10ml",,Suspension,393746,https://www.moph.gov.lb/en/Drugs/view/140
3642,L01FA03,GAZYVA,BioTech,Obinutuzumab - 1000mg/40ml,1000mg/40ml,Injectable concentrate for solution,314437416,https://www.moph.gov.lb/en/Drugs/view/3642
5795,L01FA03,GAZYVA,BioTech,Obinutuzumab - 1000mg/40ml,1000mg/40ml,Injectable concentrate for solution,,https://www.moph.gov.lb/en/Drugs/view/5795
3277,J07BB01,GC FLU QUADRIVALENT INFLUENZA VACCINE,G,"Influenza vaccine inactivated (split virion, purified, quadrivalent) (H1N1, H3N2,BVR-26, B/Phuket/3073/2013) - 15mcg/4strains/0.5ml",,Injectable suspension,791523,https://www.moph.gov.lb/en/Drugs/view/3277
5748,L01EB01,GEFITINIB ARROW,G,Gefitinib - 250mg,250mg,"Tablet, coated",,https://www.moph.gov.lb/en/Drugs/view/5748
3533,L01EB01,GEFITINIB BIOGARAN,G,Gefitinib - 250mg,250mg,"Tablet, coated",83306550,https://www.moph.gov.lb/en/Drugs/view/3533
5727,L01EB01,GEFITINIB BIOGARAN,G,Gefitinib - 250mg,250mg,"Tablet, coated",,https://www.moph.gov.lb/en/Drugs/view/5727
968,B05AA06,GELASPAN,B,"Gelatine, succinylated - 4%",4%,Injectable solution,9107572,https://www.moph.gov.lb/en/Drugs/view/968
3387,L01BC05,GEMCI-CELL,G,Gemcitabine (HCl) - 1g/Vial,1g/Vial,Injectable concentrate for solution,9326123,https://www.moph.gov.lb/en/Drugs/view/3387
3381,L01BC05,GEMCITABIN EBEWE,G,Gemcitabine (HCl) - 200mg/20ml,200mg/20ml,Injectable concentrated solution,2121927,https://www.moph.gov.lb/en/Drugs/view/3381
3388,L01BC05,GEMCITABIN EBEWE,G,Gemcitabine (HCl) - 1g/100ml,1g/100ml,Injectable concentrated solution,7512674,https://www.moph.gov.lb/en/Drugs/view/3388
3382,L01BC05,GEMCITABINE NEAPOLIS,G,Gemcitabine (HCl) - 200mg,200mg,Injectable powder for solution,1490321,https://www.moph.gov.lb/en/Drugs/view/3382
3389,L01BC05,GEMCITABINE NEAPOLIS,G,Gemcitabine (HCl) - 1000mg,1000mg,Injectable powder for solution,4942653,https://www.moph.gov.lb/en/Drugs/view/3389
3383,L01BC05,GEMCITABINE PHARMINICIO,G,Gemcitabine (HCl) - 200mg,200mg,Injectable lyophilised powder,1411035,https://www.moph.gov.lb/en/Drugs/view/3383
3390,L01BC05,GEMCITABINE PHARMINICIO,G,Gemcitabine (HCl) - 1g,1g,Injectable lyophilised powder,6829408,https://www.moph.gov.lb/en/Drugs/view/3390
3384,L01BC05,GEMCITABINE THYMOORGAN,G,Gemcitabine (HCl) - 200mg,200mg,Injectable powder for solution,1617986,https://www.moph.gov.lb/en/Drugs/view/3384
3391,L01BC05,GEMCITABINE THYMOORGAN,G,Gemcitabine (HCl) - 1g,1g,Injectable powder for solution,5843027,https://www.moph.gov.lb/en/Drugs/view/3391
5887,L01BC05,GEMCITABINE THYMOORGAN,G,Gemcitabine (HCl) - 200mg,200mg,Injectable powder for solution,,https://www.moph.gov.lb/en/Drugs/view/5887
3385,L01BC05,GEMNIL,G,Gemcitabine (HCl) - 200mg,200mg,Injectable powder for solution,1128828,https://www.moph.gov.lb/en/Drugs/view/3385
3392,L01BC05,GEMNIL,G,Gemcitabine (HCl) - 1g,1g,Injectable powder for solution,3369013,https://www.moph.gov.lb/en/Drugs/view/3392
3393,L01BC05,GEMTABINE 1000,G,"Gemcitabine HCl - 1,000mg","1,000mg",Injectable lyophilised powder for solution,4882628,https://www.moph.gov.lb/en/Drugs/view/3393
5917,L01BC05,GEMTABINE 1000,G,"Gemcitabine HCl - 1,000mg","1,000mg",Injectable lyophilised powder for solution,,https://www.moph.gov.lb/en/Drugs/view/5917
3386,L01BC05,GEMTABINE 200,G,Gemcitabine HCl - 200mg,200mg,Injectable lyophilised powder for solution,1343843,https://www.moph.gov.lb/en/Drugs/view/3386
2121,D06BB10,GENIMOD,G,Imiquimod - 5%,5%,Cream,2267894,https://www.moph.gov.lb/en/Drugs/view/2121
2528,H01AC01,GENOTROPIN,BioTech,Somatropin recombinant - 5.3mg/1.15ml,5.3mg/1.15ml,Injectable powder for solution+diluent,4724854,https://www.moph.gov.lb/en/Drugs/view/2528
2535,H01AC01,GENOTROPIN GOQUICK,BioTech,Somatropin recombinant - 12mg/ml,12mg/ml,Injectable powder for solution+diluent,25170264,https://www.moph.gov.lb/en/Drugs/view/2535
2173,D07CC02,GENTACORT-FC,G,"Fluocinolone acetonide - 0.01%, Clotrimazole - 1%, Gentamicin (sulfate) - 0.1%",,Cream,302365,https://www.moph.gov.lb/en/Drugs/view/2173
2968,J01GB03,GENTAMICINE PANPHARMA,G,Gentamicin (sulfate) - 80mg/2ml,80mg/2ml,Injectable solution,721643,https://www.moph.gov.lb/en/Drugs/view/2968
2969,J01GB03,GENTAMICINE PANPHARMA,G,Gentamicin (sulfate) - 80mg/2ml,80mg/2ml,Injectable solution,721643,https://www.moph.gov.lb/en/Drugs/view/2969
2970,J01GB03,GENTAMICINE PANPHARMA,G,Gentamicin (sulfate) - 40mg/2ml,40mg/2ml,Injectable solution,643701,https://www.moph.gov.lb/en/Drugs/view/2970
2971,J01GB03,GENTAMICINE PANPHARMA,G,Gentamicin (sulfate) - 40mg/2ml,40mg/2ml,Injectable solution,643701,https://www.moph.gov.lb/en/Drugs/view/2971
4528,N02BE51,GENTLE RELIEF,G,"Paracetamol - 325mg, Ibuprofen - 400mg, Famotidine - 20mg",,Tablet,184106,https://www.moph.gov.lb/en/Drugs/view/4528
3216,J05AR18,GENVOYA,B,"Emtricitabine - 200mg, Tenofovir alafenamide - 10mg, Elvitegravir - 150mg, Cobicistat - 150mg",,"Tablet, film coated",77789650,https://www.moph.gov.lb/en/Drugs/view/3216
2368,G03DA04,GESTA 400,G,Progesterone - 400mg,400mg,Pessary,1083137,https://www.moph.gov.lb/en/Drugs/view/2368
2351,G03DA04,GESTO-CLAIR,G,Progesterone micronised - 100mg,100mg,"Capsule, soft gelatin",368213,https://www.moph.gov.lb/en/Drugs/view/2351
2356,G03DA04,GESTO-CLAIR,G,Progesterone micronised - 200mg,200mg,"Capsule, soft gelatin",411216,https://www.moph.gov.lb/en/Drugs/view/2356
3877,L04AA27,GILENYA,B,Fingolimod - 0.5mg,0.5mg,Capsule,72019326,https://www.moph.gov.lb/en/Drugs/view/3877
1454,C05CX,GINKGO BIOGARAN,G,Ginkgo biloba extract - 40mg,40mg,"Tablet, coated",345368,https://www.moph.gov.lb/en/Drugs/view/1454
1455,C05CX,GINKGO BIOGARAN,G,Ginkgo biloba extract - 40mg,40mg,"Tablet, coated",985037,https://www.moph.gov.lb/en/Drugs/view/1455
1451,C05CA54,GINKOR FORT,B,"Heptaminol HCl - 0.300g, Troxerutine - 0.300g, Ginkgo biloba extract - 0.014g",,Capsule,1147641,https://www.moph.gov.lb/en/Drugs/view/1451
389,A10AE04,GLARTUS,BioTech,Insulin glargine - 100U/ml,100U/ml,Injectable solution,1346530,https://www.moph.gov.lb/en/Drugs/view/389
438,A10BB01,GLIBENCLAMIDE,G,Glibenclamide - 5mg,5mg,"Tablet, scored",340440,https://www.moph.gov.lb/en/Drugs/view/438
439,A10BB01,GLIBENCLAMIDE,G,Glibenclamide - 5mg,5mg,Tablet,326362,https://www.moph.gov.lb/en/Drugs/view/439
480,A10BD02,GLIBOMET,B,"Metformin HCl - 400mg, Glibenclamide - 5mg",,"Tablet, film coated",462282,https://www.moph.gov.lb/en/Drugs/view/480
446,A10BB12,GLIM,G,Glimepiride - 1mg,1mg,Tablet,302365,https://www.moph.gov.lb/en/Drugs/view/446
452,A10BB12,GLIM,G,Glimepiride - 2mg,2mg,Tablet,401809,https://www.moph.gov.lb/en/Drugs/view/452
460,A10BB12,GLIM,G,Glimepiride - 3mg,3mg,Tablet,533505,https://www.moph.gov.lb/en/Drugs/view/460
468,A10BB12,GLIM,G,Glimepiride - 4mg,4mg,Tablet,628918,https://www.moph.gov.lb/en/Drugs/view/468
3497,L01EA01,GLIMATINIB BENTA,G,Imatinib (mesylate) - 100mg,100mg,"Tablet, film coated",17619185,https://www.moph.gov.lb/en/Drugs/view/3497
3498,L01EA01,GLIMATINIB BENTA,G,Imatinib (mesylate) - 100mg,100mg,"Tablet, film coated",43103200,https://www.moph.gov.lb/en/Drugs/view/3498
3487,L01EA01,GLIMATINIB BENTA 400,G,Imatinib (mesylate) - 400mg,400mg,"Tablet, film coated",38254090,https://www.moph.gov.lb/en/Drugs/view/3487
5881,L01EA01,GLIMATINIB BENTA 400,G,Imatinib (mesylate) - 400mg,400mg,"Tablet, film coated",,https://www.moph.gov.lb/en/Drugs/view/5881
3855,L03AX13,GLITAXON,G,Glatiramer acetate - 20mg/ml,20mg/ml,Injectable solution,10146988,https://www.moph.gov.lb/en/Drugs/view/3855
3494,L01EA01,GLIVEC,B,Imatinib (mesylate) - 100mg,100mg,"Tablet, film coated",50479525,https://www.moph.gov.lb/en/Drugs/view/3494
584,A10BK01,GLOZIN,G,Dapagliflozin - 10mg,10mg,"Tablet, film coated",2195839,https://www.moph.gov.lb/en/Drugs/view/584
2616,H04AA01,GLUCAGEN,BioTech,Glucagon HCl - 1mg,1mg,Injectable powder for solution+diluent,2172993,https://www.moph.gov.lb/en/Drugs/view/2616
409,A10BA02,GLUCOBAS,G,Metformin - 850mg,850mg,Tablet,217575,https://www.moph.gov.lb/en/Drugs/view/409
420,A10BA02,GLUCOBAS,G,Metformin - 1000mg,1000mg,Tablet,302045,https://www.moph.gov.lb/en/Drugs/view/420
410,A10BA02,GLUCOCURE,G,Metformin - 850mg,850mg,Tablet,217575,https://www.moph.gov.lb/en/Drugs/view/410
421,A10BA02,GLUCOCURE,G,Metformin - 1000mg,1000mg,Tablet,302045,https://www.moph.gov.lb/en/Drugs/view/421
402,A10BA02,GLUCOPHAGE,B,Metformin HCl - 850mg,850mg,"Tablet, film coated",572634,https://www.moph.gov.lb/en/Drugs/view/402
418,A10BA02,GLUCOPHAGE,B,"Metformin HCl - 1,000mg","1,000mg","Tablet, film coated",624963,https://www.moph.gov.lb/en/Drugs/view/418
426,A10BA02,GLUCOPHAGE XR,B,Metformin HCl - 750mg,750mg,"Tablet, prolonged release",692244,https://www.moph.gov.lb/en/Drugs/view/426
429,A10BA02,GLUCOPHAGE XR,B,Metformin HCl - 1000mg,1000mg,"Tablet, prolonged release",755039,https://www.moph.gov.lb/en/Drugs/view/429
434,A10BA02,GLUCOPHAGE XR,B,Metformin HCl - 500mg,500mg,"Tablet, prolonged release",484421,https://www.moph.gov.lb/en/Drugs/view/434
1087,B05CX01,GLUCOSE INJ.,G,Glucose - 6g/20ml,30%,Injectable solution,5157668,https://www.moph.gov.lb/en/Drugs/view/1087
1154,B05CX01,GLUCOSE INJ.,G,Glucose - 10g/20ml,50%,Injectable solution,5038066,https://www.moph.gov.lb/en/Drugs/view/1154
474,A10BD02,GLUCOVANCE,B,"Metformin HCl - 500mg, Glibenclamide - 2.5mg",,"Tablet, film coated",563663,https://www.moph.gov.lb/en/Drugs/view/474
476,A10BD02,GLUCOVANCE,B,"Metformin HCl - 500mg, Glibenclamide - 5mg",,"Tablet, film coated",775971,https://www.moph.gov.lb/en/Drugs/view/476
479,A10BD02,GLUCOVANCE,B,"Metformin HCl - 1000mg, Glibenclamide - 5mg",,"Tablet, film coated",1006220,https://www.moph.gov.lb/en/Drugs/view/479
543,A10BF01,GLUFIX,G,Acarbose - 50mg,50mg,Tablet,1294120,https://www.moph.gov.lb/en/Drugs/view/543
447,A10BB12,GLUMYL 1,G,Glimepiride - 1mg,1mg,Tablet,186858,https://www.moph.gov.lb/en/Drugs/view/447
453,A10BB12,GLUMYL 2,G,Glimepiride - 2mg,2mg,Tablet,189418,https://www.moph.gov.lb/en/Drugs/view/453
461,A10BB12,GLUMYL 3,G,Glimepiride - 3mg,3mg,Tablet,511940,https://www.moph.gov.lb/en/Drugs/view/461
469,A10BB12,GLUMYL 4,G,Glimepiride - 4mg,4mg,Tablet,317403,https://www.moph.gov.lb/en/Drugs/view/469
556,A10BH02,GLUNORM,G,Vildagliptin - 50mg,50mg,Tablet,611448,https://www.moph.gov.lb/en/Drugs/view/556
499,A10BD08,GLUNORM M,G,"Metformin HCl - 1000mg, Vildagliptin - 50mg",,"Tablet, film coated",1089856,https://www.moph.gov.lb/en/Drugs/view/499
503,A10BD08,GLUNORM M,G,"Metformin HCl - 850mg, Vildagliptin - 50mg",,"Tablet, film coated",1089856,https://www.moph.gov.lb/en/Drugs/view/503
2061,D02AX,GLYCERINE,G,Glycerol -,,Liquid,163821,https://www.moph.gov.lb/en/Drugs/view/2061
146,A03AB02,GLYCOPYRROLATE,B,Glycopyronium Bromide - 0.2mg/ml,0.2mg/ml,Injectable solution,7238185,https://www.moph.gov.lb/en/Drugs/view/146
411,A10BA02,GLYFORMIN,G,Metformin HCl - 850mg,850mg,Tablet,391058,https://www.moph.gov.lb/en/Drugs/view/411
454,A10BB12,GLYPRIDE,G,Glimepiride - 2mg,2mg,Tablet,403153,https://www.moph.gov.lb/en/Drugs/view/454
462,A10BB12,GLYPRIDE,G,Glimepiride - 3mg,3mg,Tablet,571133,https://www.moph.gov.lb/en/Drugs/view/462
470,A10BB12,GLYPRIDE,G,Glimepiride - 4mg,4mg,Tablet,657139,https://www.moph.gov.lb/en/Drugs/view/470
412,A10BA02,GLYSTOR,G,Metformin HCl - 850mg,850mg,"Tablet, film coated",454347,https://www.moph.gov.lb/en/Drugs/view/412
475,A10BD02,GLYSTOR PLUS,G,"Metformin HCl - 500mg, Glibenclamide - 2.5mg",,"Tablet, film-scored",533697,https://www.moph.gov.lb/en/Drugs/view/475
477,A10BD02,GLYSTOR PLUS,G,"Metformin HCl - 500mg, Glibenclamide - 5mg",,"Tablet, film-scored",691119,https://www.moph.gov.lb/en/Drugs/view/477
524,A10BD19,GLYXAMBI,B,"Linagliptin - 5mg, Empagliflozin - 10mg",,"Tablet, film coated",4482387,https://www.moph.gov.lb/en/Drugs/view/524
525,A10BD19,GLYXAMBI,B,"Linagliptin - 5mg, Empagliflozin - 10mg",,"Tablet, film coated",4482387,https://www.moph.gov.lb/en/Drugs/view/525
528,A10BD19,GLYXAMBI,B,"Linagliptin - 5mg, Empagliflozin - 25mg",,"Tablet, film coated",4482387,https://www.moph.gov.lb/en/Drugs/view/528
529,A10BD19,GLYXAMBI,B,"Linagliptin - 5mg, Empagliflozin - 25mg",,"Tablet, film coated",4482387,https://www.moph.gov.lb/en/Drugs/view/529
440,A10BB09,GLYZIDE,G,Gliclazide - 80mg,80mg,Tablet,534849,https://www.moph.gov.lb/en/Drugs/view/440
5230,R02AA05,GOLASEPTINE-LIDOCAINE,G,"Chlorhexidine HCl - 5mg, Lidocaine HCl - 1mg",,"Tablet, chewable",736426,https://www.moph.gov.lb/en/Drugs/view/5230
2388,G03GA05,GONAL-f,BioHuman,Follitropin alfa - 900IU/1.44ml,66mcg/1.44ml,Injectable solution,29625401,https://www.moph.gov.lb/en/Drugs/view/2388
2390,G03GA05,GONAL-f,BioHuman,Follitropin alfa - 450IU/0.72ml,450IU/0.72ml,Injectable solution,14813959,https://www.moph.gov.lb/en/Drugs/view/2390
2391,G03GA05,GONAL-f,BioHuman,Follitropin alfa - 300IU/0.48ml,300IU/0.48ml,Injectable solution,10305698,https://www.moph.gov.lb/en/Drugs/view/2391
3784,L02AE04,GONAPEPTYL,B,Triptorelin acetate - 0.1mg,0.1mg,Injectable solution,4637600,https://www.moph.gov.lb/en/Drugs/view/3784
3785,L02AE04,GONAPEPTYL CR,B,Triptorelin - 3.75mg,3.75mg,Injectable powder for suspension+diluent,12095730,https://www.moph.gov.lb/en/Drugs/view/3785
251,A04AA02,GRANI-DENK,G,Granisetron - 1mg/ml,1mg/ml,Injectable concentrate for solution,893655,https://www.moph.gov.lb/en/Drugs/view/251
252,A04AA02,GRANI-DENK,G,Granisetron - 3mg/3ml,3mg/3ml,Injectable concentrate for solution,1679803,https://www.moph.gov.lb/en/Drugs/view/252
2631,J01AA02,GRANUDOXY,G,Doxycycline (monohydrate) - 100mg,100mg,"Tablet, film-scored",318491,https://www.moph.gov.lb/en/Drugs/view/2631
259,A04AD,GRAVOL,B,Dimenhydrinate - 15mg/5ml,15mg/5ml,Liquid,258018,https://www.moph.gov.lb/en/Drugs/view/259
260,A04AD,GRAVOL,B,Dimenhydrinate - 50mg,50mg,Tablet,163949,https://www.moph.gov.lb/en/Drugs/view/260
261,A04AD,GRAVOL,B,Dimenhydrinate - 100mg,100mg,Suppository,294302,https://www.moph.gov.lb/en/Drugs/view/261
765,B01AC04,GREPID,G,Clopidogrel (Bisulfate) - 75mg,75mg,"Tablet, film coated",1297770,https://www.moph.gov.lb/en/Drugs/view/765
2046,D01BA01,GRISEOFULVIN,G,Griseofulvin - 500mg,500mg,"Tablet, scored",575933,https://www.moph.gov.lb/en/Drugs/view/2046
4232,M02AA15,GROFENAC,G,Diclofenac sodium - 1%,,Emulsion Gel,314459,https://www.moph.gov.lb/en/Drugs/view/4232
2281,G01AA51,GYNAMEND,G,"Nystatin - 100,000IU, Neomycin (sulfate) - 35,000IU, Polymyxin B sulfate - 35,000IU",,"Capsule, soft",345560,https://www.moph.gov.lb/en/Drugs/view/2281
2291,G01AF04,GYNO-MIKOZAL,G,Miconazole nitrate - 200mg,200mg,Ovule,503941,https://www.moph.gov.lb/en/Drugs/view/2291
2292,G01AF04,GYNO-MIKOZAL,G,Miconazole nitrate - 400mg,400mg,Ovule,302365,https://www.moph.gov.lb/en/Drugs/view/2292
912,B03AD03,GYNO-TARDYFERON,B,"Folic acid - 0.35mg, Ferrous (sulfate) - 80mg",,"Tablet, sugar coated, slow release",819744,https://www.moph.gov.lb/en/Drugs/view/912
2309,G02AX,GYNOCIN,G,Oxytocin - 10IU/ml,10IU/ml,Injectable concentrate for solution,626231,https://www.moph.gov.lb/en/Drugs/view/2309
2312,G02AX,GYNOCIN,G,Oxytocin - 5IU/0.5ml,5IU/0.5ml,Injectable concentrate for solution,313115,https://www.moph.gov.lb/en/Drugs/view/2312
2345,G03CC06,GYNOFLOR,B,"Estriol - 0.03mg, Lactobacillus acidophillus - 10 MIU",,Tablet,813025,https://www.moph.gov.lb/en/Drugs/view/2345
873,B02BD06,HAEMATE P,BioHuman,"Von Willebrand Factor - 1200IU, Blood Coagulation Factor VIII - 500IU",,Injectable lyophilised powder for solution+diluent,35032787,https://www.moph.gov.lb/en/Drugs/view/873
5807,B02BD06,HAEMATE P,BioHuman,"Von Willebrand Factor - 1200IU, Blood Coagulation Factor VIII - 500IU",,Injectable lyophilised powder for solution+diluent,,https://www.moph.gov.lb/en/Drugs/view/5807
849,B02BB01,HAEMOCOMPLETTAN P,BioHuman,"Fibrinogen, human - 1g",1g,Injectable powder for solution,41515083,https://www.moph.gov.lb/en/Drugs/view/849
5877,B02BB01,HAEMOCOMPLETTAN P,BioHuman,"Fibrinogen, human - 1g",1g,Injectable powder for solution,,https://www.moph.gov.lb/en/Drugs/view/5877
2264,D11AX01,HAIRGAINE 5,G,Minoxidil - 5%,5%,Solution,1963354,https://www.moph.gov.lb/en/Drugs/view/2264
2265,D11AX01,HAIRGROW,G,Minoxidil - 5%,5%,Solution,1061636,https://www.moph.gov.lb/en/Drugs/view/2265
3766,L01XX41,HALAVEN,B,Eribulin mesylate - 0.88mg/2ml,0.88mg/2ml,Injectable solution,18792549,https://www.moph.gov.lb/en/Drugs/view/3766
5808,L01XX41,HALAVEN,B,Eribulin mesylate - 0.88mg/2ml,0.88mg/2ml,Injectable solution,,https://www.moph.gov.lb/en/Drugs/view/5808
4749,N05AD01,HALOPERIDOL,G,Haloperidol - 5mg,5mg,Tablet,276448,https://www.moph.gov.lb/en/Drugs/view/4749
4750,N05AD01,HALOPERIDOL,G,Haloperidol - 2mg,2mg,Tablet,252130,https://www.moph.gov.lb/en/Drugs/view/4750
4751,N05AD01,HALOPERIDOL,G,Haloperidol - 10mg,10mg,Tablet,339160,https://www.moph.gov.lb/en/Drugs/view/4751
4752,N05AD01,HALOPERIDOL,G,Haloperidol - 20mg,20mg,Tablet,339160,https://www.moph.gov.lb/en/Drugs/view/4752
4602,N03AF02,HARMONIE,G,Oxcarbazepine - 300mg,300mg,"Tablet, film coated",889496,https://www.moph.gov.lb/en/Drugs/view/4602
3282,J07BC02,HAVRIX '1440',B,"Hepatitis A, inactivated, whole virus - 1,440 ELISA units/ml","1,440 ELISA units/ml",Injectable suspension,2215996,https://www.moph.gov.lb/en/Drugs/view/3282
3283,J07BC02,HAVRIX JUNIOR 720,B,"Hepatitis A, inactivated, whole virus - 720 ELISA units/0.5ml",720 ELISA units/0.5ml,Injectable suspension,1491665,https://www.moph.gov.lb/en/Drugs/view/3283
2064,D03AX,HEALIN B,G,?-sitosterol - 0.25%,0.25%,Ointment,849820,https://www.moph.gov.lb/en/Drugs/view/2064
3286,J07BC02,HEALIVE-HEPATITIS A VACCINE (HUMAN DIPLOID CELL) INACTIVATED,BioTech,"Hepatitis A, inactivated antigen (TZ84 Strain), human diploid cell - 0.5ml/dose",0.5ml/dose,Injectable suspension,1777904,https://www.moph.gov.lb/en/Drugs/view/3286
3287,J07BC02,HEALIVE-HEPATITIS A VACCINE (HUMAN DIPLOID CELL) INACTIVATED,BioTech,"Hepatitis A, inactivated antigen (TZ84 Strain), human diploid cell - 1ml/dose",0.5ml/dose,Injectable suspension,2257655,https://www.moph.gov.lb/en/Drugs/view/3287
5371,R05CA12,HEDECTON COUGH,G,Ivy leaf soft extract - 40mg/5ml,,Syrup,467657,https://www.moph.gov.lb/en/Drugs/view/5371
5360,R05CA12,HEDERAL,G,Dried Ivy leaf extract (Hedera Helix) - 99mg/5ml,99mg/5ml,Drops solution,384339,https://www.moph.gov.lb/en/Drugs/view/5360
5369,R05CA12,HEDERAL,G,Dried Ivy leaf extract - 37mg/5ml,37mg/5ml,Syrup,309084,https://www.moph.gov.lb/en/Drugs/view/5369
944,B03XA01,HEMAX,BioTech,"Erythropoietin recombinant human (Epoetin alfa) - 4,000IU","4,000IU",Injectable freeze dried substance+diluent,940690,https://www.moph.gov.lb/en/Drugs/view/944
945,B03XA01,HEMAX,BioTech,"Erythropoietin recombinant human (Epoetin alfa) - 4,000IU","4,000IU",Injectable freeze dried substance+diluent,33852747,https://www.moph.gov.lb/en/Drugs/view/945
946,B03XA01,HEMAX,BioTech,"Erythropoietin recombinant human (Epoetin alfa) - 10,000IU","10,000IU",Injectable freeze dried substance+diluent,2687685,https://www.moph.gov.lb/en/Drugs/view/946
947,B03XA01,HEMAX,BioTech,"Erythropoietin recombinant human (Epoetin alfa) - 20,000IU","20,000IU",Injectable freeze dried powder + diluent,5438531,https://www.moph.gov.lb/en/Drugs/view/947
949,B03XA01,HEMAX,BioTech,"Erythropoietin recombinant human (Epoetin alfa) - 40,000IU","40,000IU",Injectable freeze dried powder + diluent,6316060,https://www.moph.gov.lb/en/Drugs/view/949
5852,B03XA01,HEMAX,BioTech,"Erythropoietin recombinant human (Epoetin alfa) - 10,000IU","10,000IU",Injectable freeze dried substance+diluent,,https://www.moph.gov.lb/en/Drugs/view/5852
5853,B03XA01,HEMAX,BioTech,"Erythropoietin recombinant human (Epoetin alfa) - 40,000IU","40,000IU",Injectable freeze dried powder + diluent,,https://www.moph.gov.lb/en/Drugs/view/5853
887,B02BX06,HEMLIBRA,BioTech,Emicizumab - 60mg/0.4ml,60mg/0.4ml,Injectable solution,441042377,https://www.moph.gov.lb/en/Drugs/view/887
888,B02BX06,HEMLIBRA,BioTech,Emicizumab - 30mg/ml,30mg/ml,Injectable solution,224585721,https://www.moph.gov.lb/en/Drugs/view/888
889,B02BX06,HEMLIBRA,BioTech,Emicizumab - 150mg/ml,150mg/ml,Injectable solution,895547224,https://www.moph.gov.lb/en/Drugs/view/889
890,B02BX06,HEMLIBRA,BioTech,Emicizumab - 105mg/0.7ml,105mg/0.7ml,Injectable solution,722177054,https://www.moph.gov.lb/en/Drugs/view/890
5819,B02BX06,HEMLIBRA,BioTech,Emicizumab - 30mg/ml,30mg/ml,Injectable solution,,https://www.moph.gov.lb/en/Drugs/view/5819
5838,B02BX06,HEMLIBRA,BioTech,Emicizumab - 60mg/0.4ml,60mg/0.4ml,Injectable solution,,https://www.moph.gov.lb/en/Drugs/view/5838
5919,B02BX06,HEMLIBRA,BioTech,Emicizumab - 150mg/ml,150mg/ml,Injectable solution,,https://www.moph.gov.lb/en/Drugs/view/5919
1430,C05AX,HEMOCARE,G,"Bismuth subgallate - 100mg, Zinc oxide - 100mg, Lidocaine - 60mg",,Suppository,588731,https://www.moph.gov.lb/en/Drugs/view/1430
309,A07EA02,HEMORRANE,G,Hydrocortisone acetate - 10mg/g,10mg/g,Ointment,710893,https://www.moph.gov.lb/en/Drugs/view/309
150,A03AX,HEPABYL,G,"Sorbitol - 2.5g/5ml, Diisopromine - 0.02g/5ml",,Liquid,238052,https://www.moph.gov.lb/en/Drugs/view/150
716,B01AB01,HEPARIN-ORBUCELL,G,"Heparin sodium - 25,000IU/5ml","25,000IU/5ml",Injectable solution,6399250,https://www.moph.gov.lb/en/Drugs/view/716
714,B01AB01,HEPARINE MEDIS,G,"Heparin sodium - 25,000UI/5ml","25,000UI/5ml",Injectable solution,6853597,https://www.moph.gov.lb/en/Drugs/view/714
715,B01AB01,HEPARINE SODIQUE PANPHARMA,G,"Heparin sodium - 25,000IU/5ml","25,000IU/5ml",Injectable solution,6134641,https://www.moph.gov.lb/en/Drugs/view/715
3281,J07BC01,HEPATITIS-B VACCINE (r DNA) PAEDIATRIC,G,"Hepatitis B, purified surface antigen adsorbed on aluminium hydroxide (Al+++) (0.25mg to 0.40mg) - 10mcg/0.5ml",10mcg/0.5ml,Injectable suspension,646388,https://www.moph.gov.lb/en/Drugs/view/3281
722,B01AB05,HEPAXANE 4000IU,BioTech,Enoxaparin sodium - 40mg/0.4ml,40mg/0.4ml,Injectable solution,3559839,https://www.moph.gov.lb/en/Drugs/view/722
3196,J05AF10,HEPCAVIR 0.5,G,Entecavir monohydrate - 0.5mg,0.5mg,"Tablet, film coated",18998515,https://www.moph.gov.lb/en/Drugs/view/3196
5946,J05AF10,HEPCAVIR 0.5,G,Entecavir monohydrate - 0.5mg,0.5mg,"Tablet, film coated",,https://www.moph.gov.lb/en/Drugs/view/5946
3190,J05AF10,HEPCAVIR 1,G,Entecavir monohydrate - 1mg,1mg,"Tablet, film coated",18998515,https://www.moph.gov.lb/en/Drugs/view/3190
5947,J05AF10,HEPCAVIR 1,G,Entecavir monohydrate - 1mg,1mg,"Tablet, film coated",,https://www.moph.gov.lb/en/Drugs/view/5947
1410,C03DA04,HEPERONA 25,G,Eplerenone - 25mg,25mg,"Tablet, coated",2116552,https://www.moph.gov.lb/en/Drugs/view/1410
1415,C03DA04,HEPERONA 50,G,Eplerenone - 50mg,50mg,"Tablet, coated",2150148,https://www.moph.gov.lb/en/Drugs/view/1415
3647,L01FD01,HERCEPTIN,BioTech,Trastuzumab - 440mg,21mg/ml,Injectable concentrated powder for solution+diluent,166423476,https://www.moph.gov.lb/en/Drugs/view/3647
3648,L01FD01,HERCEPTIN,BioTech,Trastuzumab - 440mg,21mg/ml,Injectable concentrated powder for solution+diluent,166423476,https://www.moph.gov.lb/en/Drugs/view/3648
2450,G04BE08,HEROX,G,Tadalafil - 20mg,20mg,"Tablet, film coated",248611,https://www.moph.gov.lb/en/Drugs/view/2450
2451,G04BE08,HEROX,G,Tadalafil - 20mg,20mg,"Tablet, film coated",929939,https://www.moph.gov.lb/en/Drugs/view/2451
2465,G04BE08,HEROX,G,Tadalafil - 5mg,5mg,"Tablet, film coated",1416410,https://www.moph.gov.lb/en/Drugs/view/2465
3649,L01FD01,HERZUMA,BioTech,Trastuzumab - 440mg,440mg,Injectable powder for concentrate for solution,82195925,https://www.moph.gov.lb/en/Drugs/view/3649
3655,L01FD01,HERZUMA,BioTech,Trastuzumab - 150mg,150mg,Injectable powder for concentrate for solution,35873919,https://www.moph.gov.lb/en/Drugs/view/3655
3309,J07CA09,"HEXASIIL VACCINE (DIPHTERIA, TETANUS, PERTUSSIS, HEPATITIS B, POLIO, HAEMOPHILUS INFLUENZA TYPE B)",,"Diphteria Toxoid - ?30IU/0.5ml, Tetanus toxoid - ?40IU/0.5ml, Bordetella pertussis (Whole cell) - ?4IU/0.5ml, Hepatitis B, surface antigen - 15mcg/0.5ml, Polio virus inactivated type 1 (Mahoney strain) - 40D antigen units/0.5ml, Polio virus inactivated type 2 (MEF-I strain) - 8D antigen units/0.5ml, Polio virus inactivated type 3 (Saukett strain) - 32D antigen units/0.5ml, H. Influenza type b polysaccharide1 ,2 - 10mcg/0.5ml, 1  conjugated to tetanus protein - 19-33mcg, 2  adsorbed on aluminium hydroxide hydrated, Al+++ - ?1.25mg",,Injectable suspension,3527587,https://www.moph.gov.lb/en/Drugs/view/3309
5231,R02AA20,HEXASPRAY COLLUTOIRE PRESSURISE,B,Biclotymol - 750mg,750mg,Spray,604729,https://www.moph.gov.lb/en/Drugs/view/5231
3308,J07CA09,HEXAXIM,BioTech,"Diphteria Toxoid - ?20IU/0.5ml, Tetanus toxoid - ?40IU/0.5ml, Bordetella Pertussis Antigens: toxoid - 25mcg/0.5ml, Bordetella Pertussis Antigens: filamentous haemagglutinin - 25mcg/0.5ml, Polio virus inactivated type 1 (Mahoney strain) - 40D antigen units/0.5ml, Polio virus inactivated type 2 (MEF-I strain) - 8D antigen units/0.5ml, Polio virus inactivated type 3 (Saukett strain) - 32D antigen units/0.5ml, Hepatitis B, surface antigen - 10mcg/0.5ml, H. Influenza type b polysaccharide1 ,2 - 12mcg/0.5ml, 1  conjugated to tetanus protein - 22-36mcg, 2  adsorbed on aluminium hydroxide hydrated, Al+++ - 0.6mg",,Injectable suspension,4462901,https://www.moph.gov.lb/en/Drugs/view/3308
2529,H01AC01,HHT,BioTech,Somatropin recombinant - 16IU (5.32mg),16IU (5.32mg),Injectable freeze dried powder + diluent,4078562,https://www.moph.gov.lb/en/Drugs/view/2529
629,A11CC05,HI DEE,G,Vitamin D3 - 10000IU,10000IU,"Capsule, soft gelatin",862747,https://www.moph.gov.lb/en/Drugs/view/629
642,A11CC05,HI DEE,G,Vitamin D3 - 50000IU,50000IU,"Capsule, soft gelatin",518723,https://www.moph.gov.lb/en/Drugs/view/642
652,A11CC05,HI DEE,G,Vitamin D3 - 5000IU,5000IU,"Capsule, soft gelatin",740457,https://www.moph.gov.lb/en/Drugs/view/652
1060,B05BB02,HI-SODIUM INJECTION,G,"Sodium lactate - 0.223g%, Sodium dihydrogenophosphate - 0.137g%, Potassium chloride - 0.149g%, Sodium chloride - 0.175g%, Dextrose, H2O - 5.0g%",,Injectable solution,176024,https://www.moph.gov.lb/en/Drugs/view/1060
1061,B05BB02,HI-SODIUM INJECTION WITH POTASSIUM,G,"Potassium chloride - 0.149g/100ml, Sodium dihydrogenophosphate - 0.137g/100ml, Sodium lactate (anhydre) - 0.223g/100ml, Sodium chloride - 0.175g/100ml, Dextrose monohydrate - 5g/100ml",,Injectable solution,165727,https://www.moph.gov.lb/en/Drugs/view/1061
1059,B05BB02,HI-SODIUM WITHOUT POTASSIUM INJECTION,G,"Sodium dihydrogenophosphate - 0.137g/100ml, Sodium lactate (anhydre) - 0.223g/100ml, Sodium chloride - 0.175g/100ml, Dextrose monohydrate - 5g/100ml",,Injectable solution,166708,https://www.moph.gov.lb/en/Drugs/view/1059
748,B01AB12,HIBOR,G,"Bemiparin Sodium - 2,500IU","2,500IU",Injectable solution,704173,https://www.moph.gov.lb/en/Drugs/view/748
749,B01AB12,HIBOR,G,"Bemiparin Sodium - 3,500IU","3,500IU",Injectable solution,1029383,https://www.moph.gov.lb/en/Drugs/view/749
750,B01AB12,HIBOR,G,"Bemiparin Sodium - 5,000IU","5,000IU",Injectable solution,1466132,https://www.moph.gov.lb/en/Drugs/view/750
751,B01AB12,HIBOR,G,"Bemiparin Sodium - 7,500IU","7,500IU",Injectable solution,2198526,https://www.moph.gov.lb/en/Drugs/view/751
341,A07XA04,HIDRASEC,B,Racecadotril - 100mg,100mg,"Capsule, hard",411216,https://www.moph.gov.lb/en/Drugs/view/341
340,A07XA04,HIDRASEC INFANTS,B,Racecadotril - 10mg,10mg,Granules for suspension,858715,https://www.moph.gov.lb/en/Drugs/view/340
659,A11CC06,HIDROFEROL,G,Calcifediol - 0.266mg,0.266mg,"Capsule, soft",1316966,https://www.moph.gov.lb/en/Drugs/view/659
2742,J01DB04,HIKMA CEFAZOLIN,G,Cefazolin (sodium) - 1g,"1,000mg",Injectable solution,215015,https://www.moph.gov.lb/en/Drugs/view/2742
4902,N05CD08,HIKMA MIDAZOLAM,G,Midazolam (HCl) - 5mg/ml,5mg/ml,Injectable solution,679984,https://www.moph.gov.lb/en/Drugs/view/4902
171,A03BB01,HISCOPINE (HYOSCINE BUTYL BROMIDE INJECTION),G,Hyoscine butylbromide - 20mg/ml,20mg/ml,Injectable solution,3217159,https://www.moph.gov.lb/en/Drugs/view/171
2071,D04AA32,HISTAFEN,G,Diphenhydramine HCl - 2%,2%,Solution,362837,https://www.moph.gov.lb/en/Drugs/view/2071
5434,R06AA52,HISTALIX,G,"Diphenhydramine HCl - 14mg/5ml, Ammonium chloride - 135mg/5ml, Menthol - 1.1mg/5ml",,Syrup,384339,https://www.moph.gov.lb/en/Drugs/view/5434
5437,R06AB02,HISTAMED,G,Dexchlorpheniramine maleate - 1%,1%,Gel,477384,https://www.moph.gov.lb/en/Drugs/view/5437
5438,R06AB52,HISTAMED-F,G,"Dexchlorpheniramine - 2mg/5ml, Dexamethasone - 0.25mg/5ml",,Syrup,712876,https://www.moph.gov.lb/en/Drugs/view/5438
5439,R06AB52,HISTAMED-F,G,"Dexchlorpheniramine maleate - 2mg, Dexamethasone - 0.25mg, Fluphenazine HCl - 0.25mg",,"Tablet, coated",579772,https://www.moph.gov.lb/en/Drugs/view/5439
2070,D04AA32,HISTERGAN,G,Diphenhydramine HCl - 2%,2%,Cream,546944,https://www.moph.gov.lb/en/Drugs/view/2070
3241,J06BA02,HIZENTRA 1G,BioHuman,Immunoglobulin human - 1g/5ml,20%,Injectable solution,9645968,https://www.moph.gov.lb/en/Drugs/view/3241
3242,J06BA02,HIZENTRA 2G,BioHuman,Immunoglobulin human - 2g/10ml,20%,Injectable solution,18421868,https://www.moph.gov.lb/en/Drugs/view/3242
3245,J06BA02,HIZENTRA 4G,BioHuman,Immunoglobulin human - 4g/20ml,20%,Injectable solution,33129543,https://www.moph.gov.lb/en/Drugs/view/3245
3313,L01AA06,HOLOXAN,B,Ifosfamide - 1g,1g,Injectable powder for solution,3586850,https://www.moph.gov.lb/en/Drugs/view/3313
3314,L01AA06,HOLOXAN,B,Ifosfamide - 1g,1g,Injectable powder for solution,3586716,https://www.moph.gov.lb/en/Drugs/view/3314
5927,L01AA06,HOLOXAN,B,Ifosfamide - 1g,1g,Injectable powder for solution,,https://www.moph.gov.lb/en/Drugs/view/5927
267,A06AA01,HUILE DE PARAFFINE,G,Liquid paraffin -,,Liquid,207336,https://www.moph.gov.lb/en/Drugs/view/267
271,A06AB05,HUILE DE RICIN,G,Castor oil -,,Liquid,163821,https://www.moph.gov.lb/en/Drugs/view/271
4537,N02BE51,HUMACE PLUS,G,"Paracetamol - 500mg, Aceclofenac (potassium) - 200mg",,Tablet,575165,https://www.moph.gov.lb/en/Drugs/view/4537
367,A10AB04,HUMALOG,BioTech,Insulin lispro - 100IU/ml,100IU/ml,Injectable suspension,1988887,https://www.moph.gov.lb/en/Drugs/view/367
363,A10AB04,HUMALOG KWIKPEN,BioTech,Insulin lispro - 100IU/ml,100IU/ml,Injectable solution,3950897,https://www.moph.gov.lb/en/Drugs/view/363
379,A10AD04,HUMALOG MIX 25 KWIKPEN,BioTech,"Insulin lispro solution - 25%, Insulin lispro protamine suspension - 75%",100IU/ml,Injectable suspension,3950897,https://www.moph.gov.lb/en/Drugs/view/379
378,A10AD04,HUMALOG MIX 50 KWIKPEN,BioTech,"Insulin lispro solution - 50%, Insulin lispro protamine suspension - 50%",100IU/ml,Injectable suspension,3950897,https://www.moph.gov.lb/en/Drugs/view/378
962,B05AA01,"HUMAN ALBUMIN ""OCTAPHARMA"" 20%",BioHuman,Albumin human - 20%,20%,Injectable solution,4863366,https://www.moph.gov.lb/en/Drugs/view/962
963,B05AA01,HUMAN ALBUMIN 20% SOLUTION,BioHuman,Albumin human - 20%,20%,Injectable solution,4343343,https://www.moph.gov.lb/en/Drugs/view/963
964,B05AA01,"HUMAN ALBUMIN BEHRING 20%, LOW SALT",BioHuman,Albumin human - 20%,20%,Injectable solution,4343343,https://www.moph.gov.lb/en/Drugs/view/964
2801,J01DD04,HUMAXONE (CEFTRIAXONE FOR INJECTION USP 1000MG),G,"Ceftriaxone (sodium) - 1G, Lidocaine (ampoule) -",1g,Injectable powder for solution+diluent,389714,https://www.moph.gov.lb/en/Drugs/view/2801
4545,N02BE51,HUMEX RHUME,B,"Pseudoephedrine HCl (tablet) - 60mg, Paracetamol (tablet) - 500mg, Paracetamol (capsule) - 500mg, Chlorphenamine maleate (capsule) - 4mg",,"Tablet, capsule",467657,https://www.moph.gov.lb/en/Drugs/view/4545
4543,N02BE51,HUMEXLIB PARACETAMOL CHLORPHENAMINE,B,"Paracetamol - 500mg, Chlorphenamine maleate - 4mg",,Capsule,598010,https://www.moph.gov.lb/en/Drugs/view/4543
4161,M01AE03,HUMFINE,G,Ketoprofen - 100mg/2ml,100mg/2ml,Injectable solution,3514148,https://www.moph.gov.lb/en/Drugs/view/4161
3941,L04AB04,HUMIRA,BioTech,Adalimumab - 40mg/0.4ml,40mg/0.4ml,Injectable solution,34045375,https://www.moph.gov.lb/en/Drugs/view/3941
5812,L04AB04,HUMIRA,BioTech,Adalimumab - 40mg/0.4ml,40mg/0.4ml,Injectable solution,,https://www.moph.gov.lb/en/Drugs/view/5812
374,A10AD01,HUMULIN 70/30,BioTech,Insulin (human) - 100IU/ml,100IU/ml,Injectable suspension,701486,https://www.moph.gov.lb/en/Drugs/view/374
384,A10AE01,HUMULIN N U-100,BioTech,Insulin (human) - 100IU/ml,100IU/ml,Injectable suspension,701486,https://www.moph.gov.lb/en/Drugs/view/384
361,A10AB01,HUMULIN R U-100,BioTech,Insulin (human) - 100IU/ml,100IU/ml,Injectable solution,701486,https://www.moph.gov.lb/en/Drugs/view/361
4337,M09AX01,HYALGAN,B,Hyaluronic acid (sodium) - 20mg/2ml,20mg/2ml,Injectable solution,3407985,https://www.moph.gov.lb/en/Drugs/view/4337
2115,D06BA51,HYALO4 PLUS,G,"Hyaluronic acid (sodium) - 0.2%, Silver sulfadiazine - 1%",,Cream,466313,https://www.moph.gov.lb/en/Drugs/view/2115
3459,L01CE01,HYCAMTIN IV,B,Topotecan HCl - 4mg,4mg,Injectable lyophilised powder for solution,52580031,https://www.moph.gov.lb/en/Drugs/view/3459
3460,L01CE01,HYCAMTIN IV,B,Topotecan HCl - 4mg,4mg,Injectable lyophilised powder for solution,52580031,https://www.moph.gov.lb/en/Drugs/view/3460
2600,H02AB09,HYDROCORTISON VUAB,G,Hydrocortisone hydrogenosuccinate - 100mg,100mg,Injectable dry powder for solution,147823,https://www.moph.gov.lb/en/Drugs/view/2600
2126,D07AA02,HYDROCORTISONE ACETATE,G,Hydrocortisone acetate - 1%,1%,Cream,215015,https://www.moph.gov.lb/en/Drugs/view/2126
2601,H02AB09,HYDROCORTISONE ORBUCELL,G,Hydrocortisone (sodium succinate) - 100mg,100mg,Injectable powder,1091712,https://www.moph.gov.lb/en/Drugs/view/2601
2602,H02AB09,HYDROCORTISONE PANPHARMA,G,Hydrocortisone (sodium succinate) - 100mg,100mg,Injectable lyophilised powder for solution,11489853,https://www.moph.gov.lb/en/Drugs/view/2602
2604,H02AB09,HYDROCORTISONE ROUSSEL,B,Hydrocortisone - 10mg,10mg,"Tablet, scored",260705,https://www.moph.gov.lb/en/Drugs/view/2604
2163,D07CA01,HYDROMYCINE,G,"Neomycin sulfate - 0.005g/g, Hydrocortisone acetate - 0.01g/g",,Cream,238052,https://www.moph.gov.lb/en/Drugs/view/2163
3762,L01XX05,HYDROXYCARBAMIDE ARROW,G,Hydroxycarbamide (or Hydroxyurea) - 500mg,500mg,Capsule,1006538,https://www.moph.gov.lb/en/Drugs/view/3762
1379,C03BA04,HYGROTON,B,Chlortalidone - 50mg,50mg,Tablet,422351,https://www.moph.gov.lb/en/Drugs/view/1379
1552,C08CA01,HYPODIPINE 5,G,Amlodipine (besylate) - 5mg,5mg,Capsule,362837,https://www.moph.gov.lb/en/Drugs/view/1552
30,A02BC01,HYPOSEC,G,Omeprazole - 20mg,20mg,Capsule,659827,https://www.moph.gov.lb/en/Drugs/view/30
31,A02BC01,HYPOSEC,G,Omeprazole - 20mg,20mg,Capsule,1478227,https://www.moph.gov.lb/en/Drugs/view/31
1248,B05XA03,HYPOTONIC SALINE,G,Sodium chloride - 0.45%,0.45%,Injectable solution,149393,https://www.moph.gov.lb/en/Drugs/view/1248
1249,B05XA03,HYPOTONIC SALINE,G,Sodium chloride - 0.45%,0.45%,Injectable solution,163184,https://www.moph.gov.lb/en/Drugs/view/1249
3942,L04AB04,HYRIMOZ,BioTech,Adalimumab - 40mg,40mg,Injectable solution,19536163,https://www.moph.gov.lb/en/Drugs/view/3942
3943,L04AB04,HYRIMOZ,BioTech,Adalimumab - 40mg,40mg,Injectable solution,19536163,https://www.moph.gov.lb/en/Drugs/view/3943
3944,L04AB04,HYRIMOZ,BioTech,Adalimumab - 40mg/0.4ml,40mg/0.4ml,Injectable solution,52871023,https://www.moph.gov.lb/en/Drugs/view/3944
3945,L04AB04,HYRIMOZ,BioTech,Adalimumab - 40mg/0.4ml,40mg/0.4ml,Injectable solution,52871023,https://www.moph.gov.lb/en/Drugs/view/3945
1724,C09DA01,HYZAAR,B,"Losartan potassium - 100mg, Hydrochlorothiazide - 12.5mg",,Tablet,1740596,https://www.moph.gov.lb/en/Drugs/view/1724
2114,D06BA51,IALUGEN PLUS,B,"Silver sulfadiazine - 10mg/g, Sodium hyaluronate - 2mg/g",,Cream,1064323,https://www.moph.gov.lb/en/Drugs/view/2114
2116,D06BA51,IALUGEN PLUS,B,"Silver sulfadiazine - 10mg/g, Sodium hyaluronate - 0.5mg/g",,Gauze,1463444,https://www.moph.gov.lb/en/Drugs/view/2116
3553,L01EF01,IBRANCE,B,Palbociclib - 75mg,75mg,Capsule,172164216,https://www.moph.gov.lb/en/Drugs/view/3553
3554,L01EF01,IBRANCE,B,Palbociclib - 75mg,75mg,"Tablet, film coated",172164216,https://www.moph.gov.lb/en/Drugs/view/3554
3557,L01EF01,IBRANCE,B,Palbociclib - 100mg,100mg,Capsule,172164216,https://www.moph.gov.lb/en/Drugs/view/3557
3558,L01EF01,IBRANCE,B,Palbociclib - 100mg,100mg,"Tablet, film coated",172164216,https://www.moph.gov.lb/en/Drugs/view/3558
3562,L01EF01,IBRANCE,B,Palbociclib - 125mg,125mg,Capsule,172164216,https://www.moph.gov.lb/en/Drugs/view/3562
3563,L01EF01,IBRANCE,B,Palbociclib - 125mg,125mg,"Tablet, film coated",172164216,https://www.moph.gov.lb/en/Drugs/view/3563
5957,L01EF01,IBRANCE,B,Palbociclib - 125mg,125mg,Capsule,,https://www.moph.gov.lb/en/Drugs/view/5957
4177,M01AE51,IBUGESIC COLD AND SINUS,G,"Ibuprofen - 200mg, Pseudoephedrine HCl - 30mg",,"Tablet, film coated",154542,https://www.moph.gov.lb/en/Drugs/view/4177
4145,M01AE01,IBUPROFEN B. BRAUN,G,Ibuprofen - 400mg/100ml,400mg/100ml,Injectable solution,231141,https://www.moph.gov.lb/en/Drugs/view/4145
4152,M01AE01,IBUPROFEN B. BRAUN,G,Ibuprofen - 200mg/50ml,200mg/50ml,Injectable solution,161261,https://www.moph.gov.lb/en/Drugs/view/4152
4153,M01AE01,IBUPROFEN B. BRAUN,G,Ibuprofen - 600mg/100ml,600mg/100ml,Injectable solution,550975,https://www.moph.gov.lb/en/Drugs/view/4153
4138,M01AE01,IBUSOL,G,Ibuprofen - 100mg/5ml,100mg/5ml,Suspension,309724,https://www.moph.gov.lb/en/Drugs/view/4138
4229,M02AA13,IBUSTICK,G,Ibuprofen - 50mg/g,50mg/g,"Gel, roll on",857372,https://www.moph.gov.lb/en/Drugs/view/4229
2082,D05AA,ICHTAMMOL  OINTMENT,G,Tars - 10%,10%,Ointment,90869,https://www.moph.gov.lb/en/Drugs/view/2082
2083,D05AA,ICHTAMMOL  OINTMENT,G,Tars - 10%,10%,Ointment,174060,https://www.moph.gov.lb/en/Drugs/view/2083
3529,L01EA05,ICLUSIG,B,Ponatinib - 15mg,15mg,"Tablet, film coated",103555839,https://www.moph.gov.lb/en/Drugs/view/3529
3530,L01EA05,ICLUSIG,B,Ponatinib - 45mg,45mg,"Tablet, film coated",207092651,https://www.moph.gov.lb/en/Drugs/view/3530
2297,G01AF05,IFENEC,G,Econazole nitrate - 150mg,150mg,Ovule,546944,https://www.moph.gov.lb/en/Drugs/view/2297
3225,J06BA02,IG VENA,BioHuman,Human normal immunoglobulin - 2.5g/50ml,2.5g/50ml,Injectable solution,17011323,https://www.moph.gov.lb/en/Drugs/view/3225
3230,J06BA02,IG VENA,BioHuman,Human normal immunoglobulin - 5g/100ml,5g/100ml,Injectable solution,28622366,https://www.moph.gov.lb/en/Drugs/view/3230
3238,J06BA02,IG VENA,BioHuman,Human normal immunoglobulin - 10g/200ml,10g/200ml,Injectable solution,55897163,https://www.moph.gov.lb/en/Drugs/view/3238
3246,J06BA02,IG VENA,BioHuman,Human normal immunoglobulin - 1g/20ml,1g/20ml,Injectable solution,7474948,https://www.moph.gov.lb/en/Drugs/view/3246
3025,J01MA12,ILFLOX,G,Levofloxacin - 500mg,500mg,"Tablet, film coated",587259,https://www.moph.gov.lb/en/Drugs/view/3025
5559,S01BA15,ILUVIEN,B,Fluocinolone acetonide - 0.19mg,0.19mg,Implant,629182630,https://www.moph.gov.lb/en/Drugs/view/5559
5915,S01BA15,ILUVIEN,B,Fluocinolone acetonide - 0.19mg,0.19mg,Implant,,https://www.moph.gov.lb/en/Drugs/view/5915
3488,L01EA01,IMAREM,G,Imatinib (mesylate) - 400mg,400mg,"Tablet, film coated",64682117,https://www.moph.gov.lb/en/Drugs/view/3488
3489,L01EA01,IMATINIB NEAPOLIS,G,Imatinib - 400mg,400mg,"Tablet, film coated",36046335,https://www.moph.gov.lb/en/Drugs/view/3489
3499,L01EA01,IMATINIB NEAPOLIS,G,Imatinib - 100mg,100mg,"Tablet, film coated",31085276,https://www.moph.gov.lb/en/Drugs/view/3499
3500,L01EA01,IMATINIB NEAPOLIS,G,Imatinib - 100mg,100mg,"Tablet, film coated",16144207,https://www.moph.gov.lb/en/Drugs/view/3500
3490,L01EA01,IMATINIB PHARMINICIO,G,Imatinib - 400mg,400mg,"Tablet, coated",26083945,https://www.moph.gov.lb/en/Drugs/view/3490
3501,L01EA01,IMATINIB PHARMINICIO,G,Imatinib - 100mg,100mg,"Tablet, coated",26083945,https://www.moph.gov.lb/en/Drugs/view/3501
3491,L01EA01,IMATINIB SHILPA MESYLATE,G,Imatinib - 400mg,400mg,"Tablet, film coated",21518059,https://www.moph.gov.lb/en/Drugs/view/3491
3502,L01EA01,IMATINIB SHILPA MESYLATE,G,Imatinib - 100mg,100mg,"Tablet, film coated",14396132,https://www.moph.gov.lb/en/Drugs/view/3502
3492,L01EA01,IMATINIB SPC,G,Imatinib - 400mg,400mg,"Tablet, film coated",53700122,https://www.moph.gov.lb/en/Drugs/view/3492
3503,L01EA01,IMATINIB SPC,G,Imatinib - 100mg,100mg,"Tablet, film coated",29473181,https://www.moph.gov.lb/en/Drugs/view/3503
3591,L01EL01,IMBRUVICA,B,Ibrutinib - 140mg,140mg,"Tablet, film coated",194761649,https://www.moph.gov.lb/en/Drugs/view/3591
3593,L01EL01,IMBRUVICA,B,Ibrutinib - 420mg,420mg,"Tablet, film coated",584282877,https://www.moph.gov.lb/en/Drugs/view/3593
5743,L01EL01,IMBRUVICA,B,Ibrutinib - 420mg,420mg,"Tablet, film coated",,https://www.moph.gov.lb/en/Drugs/view/5743
3670,L01FF03,IMFINZI,BioTech,Durvalumab - 500mg/10ml,500mg/10ml,Injectable solution,227939689,https://www.moph.gov.lb/en/Drugs/view/3670
3671,L01FF03,IMFINZI,BioTech,Durvalumab - 120mg/2.4ml,120mg/2.4ml,Injectable solution,59776110,https://www.moph.gov.lb/en/Drugs/view/3671
5724,L01FF03,IMFINZI,BioTech,Durvalumab - 500mg/10ml,500mg/10ml,Injectable solution,,https://www.moph.gov.lb/en/Drugs/view/5724
5824,L01FF03,IMFINZI,BioTech,Durvalumab - 500mg/10ml,500mg/10ml,Injectable solution,,https://www.moph.gov.lb/en/Drugs/view/5824
4577,N02CC01,IMIGRAN,B,Sumatriptan (succinate) - 100mg,100mg,"Tablet, film coated",616824,https://www.moph.gov.lb/en/Drugs/view/4577
4579,N02CC01,IMIGRAN,B,Sumatriptan (succinate) - 50mg,50mg,"Tablet, film coated",378964,https://www.moph.gov.lb/en/Drugs/view/4579
2913,J01DH51,IMILASTIN,G,"Imipenem - 500mg, Cilastatin - 500mg",,Injectable powder for solution,6101612,https://www.moph.gov.lb/en/Drugs/view/2913
2914,J01DH51,IMIPENEM-CILASTATIN LABATEC,G,"Imipenem (monohydrate) - 500mg, Cilastatin (sodium) - 500mg",,Injectable powder for solution,8922845,https://www.moph.gov.lb/en/Drugs/view/2914
2915,J01DH51,IMIPENEME CILASTATINE PANPHARMA,G,"Imipenem (monohydrate) - 500mg, Cilastatin (sodium) - 500mg",,Injectable powder for solution,9421088,https://www.moph.gov.lb/en/Drugs/view/2915
3698,L01FX20,IMJUDO,BioTech,Tremelimumab - 25mg/1.25ml,25mg/1.25ml,Injectable solution,141444422,https://www.moph.gov.lb/en/Drugs/view/3698
3699,L01FX20,IMJUDO,BioTech,Tremelimumab - 300mg/15ml,300mg/15ml,Injectable solution,1487881996,https://www.moph.gov.lb/en/Drugs/view/3699
867,B02BD04,IMMUNINE,BioHuman,"Plasma coagulation factor IX, human - 600IU",600IU,Injectable lyophilised powder for solution+diluent,20506214,https://www.moph.gov.lb/en/Drugs/view/867
3252,J06BB04,IMMUNOGLOBULINE HUMAINE DE L'HEPATITE B LFB,BioHuman,Hepatitis B immunoglobulin (human) - 100UI/ml,100UI/ml,Injectable solution,6853730,https://www.moph.gov.lb/en/Drugs/view/3252
3253,J06BB04,IMMUNOGLOBULINE HUMAINE DE L'HEPATITE B LFB,BioHuman,Hepatitis B immunoglobulin (human) - 500UI/5ml,500UI/5ml,Injectable solution,26599935,https://www.moph.gov.lb/en/Drugs/view/3253
3231,J06BA02,IMMUNOREL,BioHuman,Human normal immunoglobulin - 5g/100ml,5%,Injectable solution,29700912,https://www.moph.gov.lb/en/Drugs/view/3231
3232,J06BA02,IMMUNOREL,BioHuman,Human normal immunoglobulin - 2.5g/50ml,5%,Injectable solution,14850456,https://www.moph.gov.lb/en/Drugs/view/3232
5832,J06BA02,IMMUNOREL,BioHuman,Human normal immunoglobulin - 5g/100ml,5%,Injectable solution,,https://www.moph.gov.lb/en/Drugs/view/5832
3247,J06BB01,IMMUNORHO,BioHuman,Human anti-D (rh) immunoglobulin - 300mcg,300mcg,Injectable dry powder+diluent,5794649,https://www.moph.gov.lb/en/Drugs/view/3247
4045,L04AX06,IMNOVID,B,Pomalidomide - 2mg,2mg,"Capsule, hard",290515206,https://www.moph.gov.lb/en/Drugs/view/4045
4047,L04AX06,IMNOVID,B,Pomalidomide - 4mg,4mg,"Capsule, hard",290515206,https://www.moph.gov.lb/en/Drugs/view/4047
5763,L04AX06,IMNOVID,B,Pomalidomide - 4mg,4mg,"Capsule, hard",,https://www.moph.gov.lb/en/Drugs/view/5763
306,A07DA03,IMODIUM,B,Loperamide HCl - 2mg,2mg,Capsule,138416,https://www.moph.gov.lb/en/Drugs/view/306
308,A07DA03,IMODIUM INSTANTS,B,Loperamide HCl - 2mg,2mg,"Tablet, orodispersible",451531,https://www.moph.gov.lb/en/Drugs/view/308
5548,S01AE07,IMOX,G,Moxifloxacin (HCl) - 0.5%,0.5%,Drops,464970,https://www.moph.gov.lb/en/Drugs/view/5548
2331,G03AC08,IMPLANON NXT,B,Etonogestrel - 68mg,68mg,Implant,12299971,https://www.moph.gov.lb/en/Drugs/view/2331
3843,L03AB03,IMUKIN,BioTech,Interferon gamma - 100mcg/0.5ml,100mcg/0.5ml,Injectable suspension,6348312,https://www.moph.gov.lb/en/Drugs/view/3843
3863,L04AA06,IMUNOCELL,G,Mycophenolate mofetil - 500mg,500mg,"Tablet, film coated",3791428,https://www.moph.gov.lb/en/Drugs/view/3863
5894,L04AA06,IMUNOCELL,G,Mycophenolate mofetil - 500mg,500mg,"Tablet, film coated",,https://www.moph.gov.lb/en/Drugs/view/5894
3993,L04AX01,IMURAN,B,Azathioprine - 50mg,50mg,Tablet,2030546,https://www.moph.gov.lb/en/Drugs/view/3993
3994,L04AX01,IMURAN,B,Azathioprine - 50mg,50mg,Tablet,2030546,https://www.moph.gov.lb/en/Drugs/view/3994
509,A10BD11,INAGLIMET,G,"Metformin - 1000mg, Linagliptin - 2.5mg",,"Tablet, film coated",1670844,https://www.moph.gov.lb/en/Drugs/view/509
512,A10BD11,INAGLIMET,G,"Metformin - 850mg, Linagliptin - 2.5mg",,"Tablet, film coated",1670844,https://www.moph.gov.lb/en/Drugs/view/512
563,A10BH05,INAGLIP,G,Linagliptin - 5mg,5mg,"Tablet, film coated",1242606,https://www.moph.gov.lb/en/Drugs/view/563
506,A10BD09,INCRESYNC,B,"Pioglitazone - 15mg, Alogliptin - 25mg",,"Tablet, film coated",3147279,https://www.moph.gov.lb/en/Drugs/view/506
507,A10BD09,INCRESYNC,B,"Pioglitazone - 30mg, Alogliptin - 25mg",,"Tablet, film coated",3147279,https://www.moph.gov.lb/en/Drugs/view/507
4055,M01AB01,INDOCID,B,Indometacin - 100mg,100mg,Suppository,424910,https://www.moph.gov.lb/en/Drugs/view/4055
5560,S01BC01,INDOCOLLYRE,B,Indometacine - 5mg/5ml,0.1%,Drops,408528,https://www.moph.gov.lb/en/Drugs/view/5560
4054,M01AB01,INDOMEL,G,Indometacin - 25mg,25mg,Capsule,170220,https://www.moph.gov.lb/en/Drugs/view/4054
4056,M01AB01,INDOMEL,G,Indometacin - 100mg,100mg,Suppository,222694,https://www.moph.gov.lb/en/Drugs/view/4056
4906,N05CF04,INDUCTAL,G,Eszopiclone - 2mg,2mg,"Tablet, film coated",1411035,https://www.moph.gov.lb/en/Drugs/view/4906
4907,N05CF04,INDUCTAL,G,Eszopiclone - 3mg,3mg,"Tablet, film coated",1693242,https://www.moph.gov.lb/en/Drugs/view/4907
3307,J07CA09,INFANRIX HEXA,B,"Diphteria toxoid purified (Prefilled syringe) - ?30IU/0.5ml, Tetanus toxoid purified (prefilled syringe) - ?40IU/0.5ml, Bordetella pertussis antigen (Prefilled syringe) - toxoid 25mcg+filamentous haemaglutinin 25mcg+pertactin 8mcg/0.5ml, Poliomyelitis virus type 1 antigen (prefilled syringe) - 40D.U./0.5ml, Poliomyelitis virus type 2  antigen(prefilled syringe) - 8D.U./0.5ml, Poliomyelitis virus type 3 antigen (prefilled syringe) - 32D.U./0.5ml, HBs Antigen (prefilled syringe) - 10mcg/0.5ml, H. Influenza type b polysaccharide (Vial) - 10mcg/0.5ml",,Injectable suspension,4230416,https://www.moph.gov.lb/en/Drugs/view/3307
3305,J07CA06,INFANRIX IPV + HIB,B,"Poliomyelitis virus type 3 inactivated(Prefilled syringe) - 32D.U., Poliomyelitis virus type 2 inactivated(Prefilled syringe) - 8D.U., Poliomyelitis virus type 1 inactivated(Prefilled syringe) - 40D.U., Bordetella pertussis antigen(Prefilled syringe) - toxoid 25mcg+filamentous haemaglutinin 25mcg+pertactin 8mcg, Tetanus toxoid (Prefilled syringe) - ?40IU, Diphtheria toxoid (Prefilled syringe) - ?30IU, H. Influenza type b polysaccharide(Vial) - 10mcg",,Injectable dry powder+suspension,3014239,https://www.moph.gov.lb/en/Drugs/view/3305
5524,R07AA,INFASURF,B,Calfactant - 210mg/6ml,35mg/ml,Injectable suspension,40596749,https://www.moph.gov.lb/en/Drugs/view/5524
5525,R07AA,INFASURF,B,Calfactant - 105mg/3ml,35mg/ml,Injectable suspension,23344161,https://www.moph.gov.lb/en/Drugs/view/5525
4116,M01AC01,INFLACAM,G,Piroxicam - 20mg/ml,20mg/ml,Injectable solution,193513,https://www.moph.gov.lb/en/Drugs/view/4116
4117,M01AC01,INFLACAM,G,Piroxicam - 20mg/ml,20mg/ml,Injectable solution,190826,https://www.moph.gov.lb/en/Drugs/view/4117
3927,L04AB02,INFLIXIREL,BioTech,Infliximab - 100mg,100mg,Injectable concentrate for solution,18065957,https://www.moph.gov.lb/en/Drugs/view/3927
5950,L04AB02,INFLIXIREL,BioTech,Infliximab - 100mg,100mg,Injectable concentrate for solution,,https://www.moph.gov.lb/en/Drugs/view/5950
339,A07FA51,INFLORAN,B,"Bifidobacterium infantis - 1milliard, Lactobacillus acidophilus - 1milliard",,Capsule,647732,https://www.moph.gov.lb/en/Drugs/view/339
3278,J07BB02,INFLUVAC,B,Grippal virus surface antigen 3strains - 15mcgx3strains/0.5ml,,Injectable suspension,573821,https://www.moph.gov.lb/en/Drugs/view/3278
3275,J07BB01,INFLUVAC TETRA,B,Influenza virus surface antigens inactivated (haemagglutinin and neuraminidase) - 15mcg/4strains/0.5ml,,Injectable suspension,970254,https://www.moph.gov.lb/en/Drugs/view/3275
5307,R03BB04,INHALEX,G,Tiotropium bromide - 18mcg,18mcg,"Capsule, inhalation",1906913,https://www.moph.gov.lb/en/Drugs/view/5307
3589,L01EK01,INLYTA,B,Axitinib - 5mg,5mg,"Tablet, film coated",136632514,https://www.moph.gov.lb/en/Drugs/view/3589
3590,L01EK01,INLYTA,B,Axitinib - 1mg,1mg,"Tablet, film coated",33373253,https://www.moph.gov.lb/en/Drugs/view/3590
5958,L01EK01,INLYTA,B,Axitinib - 5mg,5mg,"Tablet, film coated",,https://www.moph.gov.lb/en/Drugs/view/5958
385,A10AE01,INSULATARD,BioTech,Insulin (human) - 100IU/ml,100IU/ml,Injectable suspension,752552,https://www.moph.gov.lb/en/Drugs/view/385
386,A10AE01,INSULATARD,BioTech,Insulin (human) - 100IU/ml,100IU/ml,Injectable suspension,752552,https://www.moph.gov.lb/en/Drugs/view/386
5266,R03AK08,INUVER,B,"Formoterol fumarate  - 6mcg/dose, Beclometasone dipropionate - 100mcg/dose",,Inhalation solution,3225222,https://www.moph.gov.lb/en/Drugs/view/5266
5267,R03AK08,INUVER NEXTHALER,B,"Formoterol fumarate dihydrate - 6mcg/dose, Beclometasone dipropionate - 100mcg/dose",,Inhalation powder,4031528,https://www.moph.gov.lb/en/Drugs/view/5267
2906,J01DH03,INVANZ,B,Ertapenem - 1g,1g,Injectable concentrated powder for solution,3203721,https://www.moph.gov.lb/en/Drugs/view/2906
4865,N05AX13,INVEGA,B,Paliperidone - 9mg,9mg,"Tablet, prolonged release",5825557,https://www.moph.gov.lb/en/Drugs/view/4865
4866,N05AX13,INVEGA,B,Paliperidone - 3mg,3mg,"Tablet, prolonged release",2912107,https://www.moph.gov.lb/en/Drugs/view/4866
4867,N05AX13,INVEGA,B,Paliperidone - 6mg,6mg,"Tablet, prolonged release",5825557,https://www.moph.gov.lb/en/Drugs/view/4867
4868,N05AX13,INVEGA SUSTENNA,B,Paliperidone palmitate - 100mg,100mg,"Injectable suspension, prolonged release",19068992,https://www.moph.gov.lb/en/Drugs/view/4868
4869,N05AX13,INVEGA SUSTENNA,B,Paliperidone palmitate - 75mg,75mg,"Injectable suspension, prolonged release",15240595,https://www.moph.gov.lb/en/Drugs/view/4869
4870,N05AX13,INVEGA SUSTENNA,B,Paliperidone palmitate - 50mg,50mg,"Injectable suspension, prolonged release",9661754,https://www.moph.gov.lb/en/Drugs/view/4870
4871,N05AX13,INVEGA SUSTENNA,B,Paliperidone palmitate - 150mg,150mg,"Injectable suspension, prolonged release",27480894,https://www.moph.gov.lb/en/Drugs/view/4871
5941,N05AX13,INVEGA SUSTENNA,B,Paliperidone palmitate - 100mg,100mg,"Injectable suspension, prolonged release",,https://www.moph.gov.lb/en/Drugs/view/5941
5942,N05AX13,INVEGA SUSTENNA,B,Paliperidone palmitate - 150mg,150mg,"Injectable suspension, prolonged release",,https://www.moph.gov.lb/en/Drugs/view/5942
4903,N05CD08,IPNODIS MEDIS,G,Midazolam - 5mg/ml,5mg/ml,Injectable solution,565758,https://www.moph.gov.lb/en/Drugs/view/4903
48,A02BC01,IPPROTON,G,Omeprazole - 40mg,40mg,Injectable lyophilised powder,6533762,https://www.moph.gov.lb/en/Drugs/view/48
5277,R03AL02,IPRASAL VEM,G,"Salbutamol (sulfate) - 2.5mg/2.5ml, Ipratropium bromide (monohydrate) - 0.5mg/2.5ml",,Inhaltion solution with nebuliser,417935,https://www.moph.gov.lb/en/Drugs/view/5277
5303,R03BB01,IPRATROPIUM ARROW ADULTES,G,Ipratropium bromide - 0.5mg/2ml,0.5mg/2ml,Inhalation solution for nebuliser,303708,https://www.moph.gov.lb/en/Drugs/view/5303
5305,R03BB01,IPRAVENT,G,Ipratropium bromide - 20mcg/2ml,20mcg/2ml,Inhalation solution,630262,https://www.moph.gov.lb/en/Drugs/view/5305
1673,C09CA04,IRBAVEL 150,G,Irbesartan - 150mg,150mg,"Tablet, film coated",564414,https://www.moph.gov.lb/en/Drugs/view/1673
1681,C09CA04,IRBAVEL 300,G,Irbesartan - 300mg,300mg,"Tablet, film coated",564414,https://www.moph.gov.lb/en/Drugs/view/1681
1743,C09DA04,IRBAVEL PLUS 150/12.5,G,"Irbesartan - 150mg, Hydrochlorothiazide - 12.5mg",,"Tablet, film coated",559294,https://www.moph.gov.lb/en/Drugs/view/1743
1750,C09DA04,IRBAVEL PLUS 300/12.5,G,"Irbesartan - 300mg, Hydrochlorothiazide - 12.5mg",,"Tablet, film coated",559294,https://www.moph.gov.lb/en/Drugs/view/1750
1754,C09DA04,IRBAVEL PLUS 300/25,G,"Irbesartan - 300mg, Hydrochlorothiazide - 25mg",,"Tablet, film coated",624567,https://www.moph.gov.lb/en/Drugs/view/1754
1674,C09CA04,IRBESARTAN ARROW,G,Irbesartan - 150mg,150mg,Tablet,470345,https://www.moph.gov.lb/en/Drugs/view/1674
1675,C09CA04,IRBESARTAN ARROW,G,Irbesartan - 150mg,150mg,Tablet,1326373,https://www.moph.gov.lb/en/Drugs/view/1675
1682,C09CA04,IRBESARTAN ARROW,G,Irbesartan - 300mg,300mg,Tablet,470345,https://www.moph.gov.lb/en/Drugs/view/1682
1683,C09CA04,IRBESARTAN ARROW,G,Irbesartan - 300mg,300mg,Tablet,1326373,https://www.moph.gov.lb/en/Drugs/view/1683
1744,C09DA04,IRBESARTAN/HYDROCHLOROTHIAZIDE ARROW,G,"Irbesartan - 150mg, Hydrochlorothiazide - 12.5mg",,"Tablet, film coated",470345,https://www.moph.gov.lb/en/Drugs/view/1744
1751,C09DA04,IRBESARTAN/HYDROCHLOROTHIAZIDE ARROW,G,"Irbesartan - 300mg, Hydrochlorothiazide - 12.5mg",,"Tablet, film coated",470345,https://www.moph.gov.lb/en/Drugs/view/1751
1755,C09DA04,IRBESARTAN/HYDROCHLOROTHIAZIDE ARROW,G,"Irbesartan - 300mg, Hydrochlorothiazide - 25mg",,"Tablet, film coated",470345,https://www.moph.gov.lb/en/Drugs/view/1755
3531,L01EB01,IRESSA,B,Gefitinib - 250mg,250mg,"Tablet, fim coated",135027509,https://www.moph.gov.lb/en/Drugs/view/3531
5618,S01GA01,IRIDINA DUE,G,Naphazoline HCl - 0.5mg/ml,0.5mg/ml,Drops solution,469001,https://www.moph.gov.lb/en/Drugs/view/5618
3462,L01CE02,IRINOGEN,G,Irinotecan HCl  - 100mg,100mg,Injectable solution,5239642,https://www.moph.gov.lb/en/Drugs/view/3462
3463,L01CE02,IRINOGEN,G,Irinotecan HCl - 100mg,100mg,Injectable solution,5239642,https://www.moph.gov.lb/en/Drugs/view/3463
3464,L01CE02,IRINOTECAN HYDROCHLORIDE,G,Irinotecan HCl - 100mg/5ml,100mg/5ml,Injectable concentrate for solution,2085644,https://www.moph.gov.lb/en/Drugs/view/3464
3465,L01CE02,IRINOTECAN PHARMINICIO,G,Irinotecan HCl trihydrate - 100mg/5ml,100mg/5ml,Injectable concentrated solution,5239642,https://www.moph.gov.lb/en/Drugs/view/3465
5936,L01CE02,IRINOTECAN PHARMINICIO,G,Irinotecan HCl trihydrate - 100mg/5ml,100mg/5ml,Injectable concentrated solution,,https://www.moph.gov.lb/en/Drugs/view/5936
3466,L01CE02,IRINOTECAN THYMOORGAN,G,Irinotecan HCl - 100mg/5ml,100mg/5ml,Injectable concentrated  solution,6111796,https://www.moph.gov.lb/en/Drugs/view/3466
3468,L01CE02,IRINOTECAN THYMOORGAN,G,Irinotecan HCl - 40mg/2ml,40mg/2ml,Injectable concentrated  solution,2123271,https://www.moph.gov.lb/en/Drugs/view/3468
5928,L01CE02,IRINOTECAN THYMOORGAN,G,Irinotecan HCl - 40mg/2ml,40mg/2ml,Injectable concentrated  solution,,https://www.moph.gov.lb/en/Drugs/view/5928
3467,L01CE02,IRNOCAM 100,G,Irinotecan HCl - 100mg/5ml,100mg/5ml,Injectable solution,7320947,https://www.moph.gov.lb/en/Drugs/view/3467
3469,L01CE02,IRNOCAM 40,G,Irinotecan HCl - 40mg/2ml,40mg/2ml,Injectable solution,908694,https://www.moph.gov.lb/en/Drugs/view/3469
1684,C09CA04,IRTAN,G,Irbesartan - 300mg,300mg,Tablet,554175,https://www.moph.gov.lb/en/Drugs/view/1684
1756,C09DA04,IRTAN PLUS,G,"Irbesartan - 300mg, Hydrochlorothiazide - 25mg",300mg,Tablet,601530,https://www.moph.gov.lb/en/Drugs/view/1756
1327,C01DA08,ISDN,G,Isosorbide dinitrate - 10mg,10mg,Tablet,311771,https://www.moph.gov.lb/en/Drugs/view/1327
1328,C01DA08,ISODEX,G,Isosorbide dinitrate - 10mg,10mg,Tablet,138224,https://www.moph.gov.lb/en/Drugs/view/1328
4339,N01AB06,ISOFLURANE HIKMA,G,Isoflurane -,,Volatil liquid,1583046,https://www.moph.gov.lb/en/Drugs/view/4339
1578,C08DA01,ISOPTIN,B,Verapamil (HCl) - 80mg,80mg,"Tablet, film coated",397704,https://www.moph.gov.lb/en/Drugs/view/1578
1579,C08DA01,ISOPTIN SR,B,Verapamil (HCl) - 240mg,240mg,"Tablet, film coated, prolonged release",1128821,https://www.moph.gov.lb/en/Drugs/view/1579
2244,D10BA01,ISOSUPRA LIDOSE,G,Isotretinoin - 16mg,16mg,"Capsule, hard",1826282,https://www.moph.gov.lb/en/Drugs/view/2244
1206,B05XA03,ISOTONIC SALINE,G,Sodium chloride - 0.9%,0.9%,Injectable solution,188772,https://www.moph.gov.lb/en/Drugs/view/1206
1207,B05XA03,ISOTONIC SALINE,G,Sodium chloride - 0.9%,0.9%,Injectable solution,174553,https://www.moph.gov.lb/en/Drugs/view/1207
1208,B05XA03,ISOTONIC SALINE,G,Sodium chloride - 0.9%,0.9%,Injectable solution,167780,https://www.moph.gov.lb/en/Drugs/view/1208
1209,B05XA03,ISOTONIC SALINE,G,Sodium chloride - 0.9%,0.9%,Injectable solution,170630,https://www.moph.gov.lb/en/Drugs/view/1209
1210,B05XA03,ISOTONIC SALINE,G,Sodium chloride - 0.9%,0.9%,Injectable solution,166708,https://www.moph.gov.lb/en/Drugs/view/1210
5219,R01AX,ISOTONIC SODIUM CHLORIDE,G,Sodium chloride - 0.9%,0.9%,Solution,153582,https://www.moph.gov.lb/en/Drugs/view/5219
3134,J02AC02,ITRAZOL,G,Itraconazole - 100mg,100mg,Capsule,149167,https://www.moph.gov.lb/en/Drugs/view/3134
3135,J02AC02,ITRAZOL,G,Itraconazole - 100mg,100mg,Capsule,559038,https://www.moph.gov.lb/en/Drugs/view/3135
1346,C01EB17,IVABRADINE ARROW,G,Ivabradine (HCl) - 5mg,5mg,"Tablet, film coated, scored",1323685,https://www.moph.gov.lb/en/Drugs/view/1346
1350,C01EB17,IVABRADINE ARROW,G,Ivabradine (HCl) - 7.5mg,7.5mg,"Tablet, film coated, scored",1323685,https://www.moph.gov.lb/en/Drugs/view/1350
5172,P02CF01,IVER,G,Ivermectin - 6mg,6mg,Tablet,431373,https://www.moph.gov.lb/en/Drugs/view/5172
5173,P02CF01,IVERMECTIN BENTA,G,Ivermectin - 6mg,6mg,Tablet,784548,https://www.moph.gov.lb/en/Drugs/view/5173
5174,P02CF01,IVERMECTIN BENTA,G,Ivermectin - 6mg,6mg,Tablet,470985,https://www.moph.gov.lb/en/Drugs/view/5174
5171,P02CF01,IVERMECTINE BIOGARAN,G,Ivermectin - 3mg,3mg,Tablet,1075074,https://www.moph.gov.lb/en/Drugs/view/5171
905,B03AC,IVIRON,G,Iron (sucrose) - 100mg/5ml,100mg/5ml,Injectable concentrated solution,1745203,https://www.moph.gov.lb/en/Drugs/view/905
5365,R05CA12,IVY-CALM,G,Dried Ivy leaf extract - 35mg/5ml,35mg/5ml,Syrup,251299,https://www.moph.gov.lb/en/Drugs/view/5365
5366,R05CA12,IVYMUC,G,Dried Ivy leaf extract - 0.7g/100ml,0.7g/100ml,Syrup,300765,https://www.moph.gov.lb/en/Drugs/view/5366
3928,L04AB02,IXIFI,BioTech,Infliximab - 100mg,100mg,Injectable powder for concentrate for solution,11987756,https://www.moph.gov.lb/en/Drugs/view/3928
5732,L04AB02,IXIFI,BioTech,Infliximab - 100mg,100mg,Injectable powder for concentrate for solution,,https://www.moph.gov.lb/en/Drugs/view/5732
5680,V03AC03,JADENU,B,Deferasirox - 180mg,180mg,"Tablet, film coated",18166638,https://www.moph.gov.lb/en/Drugs/view/5680
5683,V03AC03,JADENU,B,Deferasirox - 360mg,360mg,"Tablet, film coated",27123309,https://www.moph.gov.lb/en/Drugs/view/5683
5836,V03AC03,JADENU,B,Deferasirox - 360mg,360mg,"Tablet, film coated",,https://www.moph.gov.lb/en/Drugs/view/5836
3583,L01EJ01,JAKAVI,B,Ruxolitinib - 5mg,5mg,Tablet,172665871,https://www.moph.gov.lb/en/Drugs/view/3583
3585,L01EJ01,JAKAVI,B,Ruxolitinib - 15mg,15mg,Tablet,340721426,https://www.moph.gov.lb/en/Drugs/view/3585
3587,L01EJ01,JAKAVI,B,Ruxolitinib - 20mg,20mg,Tablet,340721426,https://www.moph.gov.lb/en/Drugs/view/3587
5093,N07AX01,JAMP PILOCARPINE,G,Pilocarpine HCl - 5mg,5mg,Tablet,3668690,https://www.moph.gov.lb/en/Drugs/view/5093
4280,M03BX08,JAMP-CYCLOBENZAPRINE,G,Cyclobenzaprine HCl - 10mg,10mg,Tablet,4031528,https://www.moph.gov.lb/en/Drugs/view/4280
485,A10BD07,JANUMET,B,"Metformin HCl - 1000mg, Sitagliptin - 50mg",,Tablet,3093525,https://www.moph.gov.lb/en/Drugs/view/485
489,A10BD07,JANUMET,B,"Metformin HCl - 500mg, Sitagliptin - 50mg",,Tablet,3237317,https://www.moph.gov.lb/en/Drugs/view/489
491,A10BD07,JANUMET XR,B,"Metformin HCl - 500mg, Sitagliptin - 50mg",,Tablet,4777360,https://www.moph.gov.lb/en/Drugs/view/491
492,A10BD07,JANUMET XR,B,"Metformin HCl - 1,000mg, Sitagliptin - 50mg",,Tablet,4777360,https://www.moph.gov.lb/en/Drugs/view/492
493,A10BD07,JANUMET XR,B,"Metformin HCl - 1,000mg, Sitagliptin - 100mg",,Tablet,4777360,https://www.moph.gov.lb/en/Drugs/view/493
549,A10BH01,JANUVIA,B,Sitagliptin - 100mg,100mg,"Tablet, film coated",1884067,https://www.moph.gov.lb/en/Drugs/view/549
586,A10BK03,JARDIANCE,B,Empagliflozin - 25mg,25mg,"Tablet, film coated",3282953,https://www.moph.gov.lb/en/Drugs/view/586
590,A10BK03,JARDIANCE,B,Empagliflozin - 10mg,10mg,"Tablet, film coated",3282953,https://www.moph.gov.lb/en/Drugs/view/590
922,B03BA01,JECTIN-12,G,Cyanocobalamin - 1000mcg/1ml,1000mcg/1ml,Injectable solution,567102,https://www.moph.gov.lb/en/Drugs/view/922
2122,D06BB10,JEDARA,G,Imiquimod - 5%,5%,Cream,3850109,https://www.moph.gov.lb/en/Drugs/view/2122
508,A10BD11,JENTADUETO,B,"Metformin - 1000mg, Linagliptin - 2.5mg",,"Tablet, film coated",3542369,https://www.moph.gov.lb/en/Drugs/view/508
511,A10BD11,JENTADUETO,B,"Metformin - 850mg, Linagliptin - 2.5mg",,"Tablet, film coated",3542369,https://www.moph.gov.lb/en/Drugs/view/511
3454,L01CD04,JEVTANA INJECTION,B,Cabazitaxel - 60mg/1.5ml,60mg/1.5ml,Injectable dry powder for solution+diluent,75619931,https://www.moph.gov.lb/en/Drugs/view/3454
3455,L01CD04,JEVTANA INJECTION,B,Cabazitaxel - 60mg/1.5ml,60mg/1.5ml,Injectable dry powder for solution+diluent,75619931,https://www.moph.gov.lb/en/Drugs/view/3455
4093,M01AB05,JOFLAM,G,Diclofenac potassium - 50mg,50mg,"Tablet, film coated",322522,https://www.moph.gov.lb/en/Drugs/view/4093
4094,M01AB05,JOFLAM,G,Diclofenac potassium - 50mg,50mg,"Tablet, film coated",215015,https://www.moph.gov.lb/en/Drugs/view/4094
2272,D11AX11,JOLITE FORTE CREAM,G,Hydroquinone - 4%,4g/100g,Cream,612792,https://www.moph.gov.lb/en/Drugs/view/2272
5368,R05CA12,JOS-PAN,G,Dried Ivy leaf extract (Hederacoside C) - 75mg/100ml,,Syrup,306396,https://www.moph.gov.lb/en/Drugs/view/5368
4849,N05AX12,JOSWE ARIPAL 10,G,Aripiprazole - 10mg,10mg,Tablet,2210621,https://www.moph.gov.lb/en/Drugs/view/4849
4857,N05AX12,JOSWE ARIPAL 15,G,Aripiprazole - 15mg,15mg,Tablet,2413541,https://www.moph.gov.lb/en/Drugs/view/4857
4853,N05AX12,JOSWE ARIPAL 30,G,Aripiprazole - 30mg,30mg,Tablet,4687323,https://www.moph.gov.lb/en/Drugs/view/4853
4861,N05AX12,JOSWE ARIPAL 5,G,Aripiprazole - 5mg,5mg,Tablet,1389533,https://www.moph.gov.lb/en/Drugs/view/4861
1874,C10AA05,JOSWE ATORVAST 10,G,Atorvastatin - 10mg,10mg,"Caplet, film coated",849308,https://www.moph.gov.lb/en/Drugs/view/1874
1896,C10AA05,JOSWE ATORVAST 20,G,Atorvastatin - 20mg,20mg,"Caplet, film coated",956816,https://www.moph.gov.lb/en/Drugs/view/1896
1916,C10AA05,JOSWE ATORVAST 40,G,Atorvastatin - 40mg,40mg,"Caplet, film coated",1327716,https://www.moph.gov.lb/en/Drugs/view/1916
3026,J01MA12,JOSWE AVOXIN 500,G,Levofloxacin - 500mg,500mg,"Tablet, film coated",786148,https://www.moph.gov.lb/en/Drugs/view/3026
3039,J01MA12,JOSWE AVOXIN 750,G,Levofloxacin - 750mg,750mg,"Tablet, film coated",1550794,https://www.moph.gov.lb/en/Drugs/view/3039
4219,M01AH05,JOSWE COXIT 120,G,Etoricoxib - 120mg,120mg,"Tablet, film coated",412560,https://www.moph.gov.lb/en/Drugs/view/4219
2020,C10BX03,JOSWE DUBARA 10/10,G,"Amlodipine - 10mg, Atorvastatin - 10mg",,"Caplet, film coated",2655433,https://www.moph.gov.lb/en/Drugs/view/2020
2019,C10BX03,JOSWE DUBARA 5/10,G,"Amlodipine - 5mg, Atorvastatin - 10mg",,"Caplet, film coated",2370538,https://www.moph.gov.lb/en/Drugs/view/2019
4188,M01AH01,JOSWE FLAMEX 200,G,Celecoxib - 200mg,200mg,Capsule,225766,https://www.moph.gov.lb/en/Drugs/view/4188
4189,M01AH01,JOSWE FLAMEX 200,G,Celecoxib - 200mg,200mg,Capsule,636981,https://www.moph.gov.lb/en/Drugs/view/4189
4193,M01AH01,JOSWE FLAMEX 400,G,Celecoxib - 400mg,400mg,Capsule,585915,https://www.moph.gov.lb/en/Drugs/view/4193
4194,M01AH01,JOSWE FLAMEX 400,G,Celecoxib - 400mg,400mg,Capsule,1400284,https://www.moph.gov.lb/en/Drugs/view/4194
455,A10BB12,JOSWE GLEMAX 2,G,Glimepiride - 2mg,2mg,Caplet,139760,https://www.moph.gov.lb/en/Drugs/view/455
463,A10BB12,JOSWE GLEMAX 3,G,Glimepiride - 3mg,3mg,Caplet,235172,https://www.moph.gov.lb/en/Drugs/view/463
471,A10BB12,JOSWE GLEMAX 4,G,Glimepiride - 4mg,4mg,Caplet,235172,https://www.moph.gov.lb/en/Drugs/view/471
473,A10BB12,JOSWE GLEMAX 6,G,Glimepiride - 6mg,6mg,Caplet,663858,https://www.moph.gov.lb/en/Drugs/view/473
80,A02BC03,JOSWE LANZOTEC 15,G,Lansoprazole - 15mg,15mg,Capsule,270112,https://www.moph.gov.lb/en/Drugs/view/80
76,A02BC03,JOSWE LANZOTEC 30,G,Lansoprazole - 30mg,30mg,Capsule,271456,https://www.moph.gov.lb/en/Drugs/view/76
77,A02BC03,JOSWE LANZOTEC 30,G,Lansoprazole - 30mg,30mg,Capsule,514692,https://www.moph.gov.lb/en/Drugs/view/77
4803,N05AH04,JOSWE QUZAL 200,G,Quetiapine - 200mg,200mg,Tablet,1130172,https://www.moph.gov.lb/en/Drugs/view/4803
4804,N05AH04,JOSWE QUZAL 200,G,Quetiapine - 200mg,200mg,Tablet,2147460,https://www.moph.gov.lb/en/Drugs/view/4804
4795,N05AH04,JOSWE QUZAL 25,G,Quetiapine - 25mg,25mg,Tablet,258018,https://www.moph.gov.lb/en/Drugs/view/4795
4796,N05AH04,JOSWE QUZAL 25,G,Quetiapine - 25mg,25mg,Tablet,490503,https://www.moph.gov.lb/en/Drugs/view/4796
4814,N05AH04,JOSWE QUZAL 400,G,Quetiapine - 400mg,400mg,Tablet,2697092,https://www.moph.gov.lb/en/Drugs/view/4814
4815,N05AH04,JOSWE QUZAL 400,G,Quetiapine - 400mg,400mg,Tablet,5124071,https://www.moph.gov.lb/en/Drugs/view/4815
4331,M05BX04,JUBBONTI,BioTech,Denosumab - 60mg/ml,60mg/ml,Injectable solution,12742790,https://www.moph.gov.lb/en/Drugs/view/4331
2687,J01CR02,JULMENTIN 2X,G,"Amoxicillin (trihydrate) - 400mg/5ml, Clavulanic Acid (potassium) - 57mg/5ml",457mg/5ml,Powder for suspension,278175,https://www.moph.gov.lb/en/Drugs/view/2687
2712,J01CR02,JULMENTIN 2X,G,"Amoxicillin (trihydrate) - 875mg, Clavulanic Acid (potassium) - 125mg",1g,Tablet,401809,https://www.moph.gov.lb/en/Drugs/view/2712
2696,J01CR02,JULMENTIN ES,G,"Amoxicillin (trihydrate) - 600mg/5ml, Clavulanic Acid (potassium) - 42.9mg/5ml",642.9mg/5ml,Powder for suspension,507972,https://www.moph.gov.lb/en/Drugs/view/2696
2702,J01CR02,JULMENTIN FORTE,G,"Amoxicillin (trihydrate) - 500mg, Clavulanic Acid (potassium) - 125mg",625mg,"Tablet, film coated",245923,https://www.moph.gov.lb/en/Drugs/view/2702
375,A10AD01,JUSLINE,BioTech,Insulin (human) - 100IU/ml,100IU/ml,Injectable suspension,401809,https://www.moph.gov.lb/en/Drugs/view/375
387,A10AE01,JUSLINE N,BioTech,Insulin human isophane - 100IU/ml,100IU/ml,Injectable suspension,401809,https://www.moph.gov.lb/en/Drugs/view/387
362,A10AB01,JUSLINE R,BioTech,Insulin (human) - 100IU/ml,100IU/ml,Injectable solution,401809,https://www.moph.gov.lb/en/Drugs/view/362
3661,L01FD03,KADCYLA,BioTech,Trastuzumab emtansine - 100mg,100mg,Injectable powder for concentrate for solution,135545977,https://www.moph.gov.lb/en/Drugs/view/3661
3662,L01FD03,KADCYLA,BioTech,Trastuzumab emtansine - 160mg,160mg,Injectable powder for concentrate for solution,216872714,https://www.moph.gov.lb/en/Drugs/view/3662
5791,L01FD03,KADCYLA,BioTech,Trastuzumab emtansine - 100mg,100mg,Injectable powder for concentrate for solution,,https://www.moph.gov.lb/en/Drugs/view/5791
5792,L01FD03,KADCYLA,BioTech,Trastuzumab emtansine - 160mg,160mg,Injectable powder for concentrate for solution,,https://www.moph.gov.lb/en/Drugs/view/5792
3213,J05AR10,KALUVIA,G,"Lopinavir - 200mg, Ritonavir - 50mg",,"Tablet, film coated",7632790,https://www.moph.gov.lb/en/Drugs/view/3213
3657,L01FD01,KANJINTI,BioTech,Trastuzumab - 420mg,420mg,Injectable powder for concentrate for solution,79305881,https://www.moph.gov.lb/en/Drugs/view/3657
3716,L01XA02,KARBOTEEN,G,Carboplatin - 150mg/15ml,150mg/15ml,Injectable solution,2080268,https://www.moph.gov.lb/en/Drugs/view/3716
5886,L01XA02,KARBOTEEN,G,Carboplatin - 150mg/15ml,150mg/15ml,Injectable solution,,https://www.moph.gov.lb/en/Drugs/view/5886
2736,J01DB01,KEFLEX,B,Cefalexin (monohydrate) - 250mg/5ml,250mg/5ml,Granules for suspension,477384,https://www.moph.gov.lb/en/Drugs/view/2736
2737,J01DB01,KEFLEX,B,Cefalexin (monohydrate) - 500mg,500mg,Capsule,659123,https://www.moph.gov.lb/en/Drugs/view/2737
4687,N03AX14,KEPAM MS,G,Levetiracetam - 500mg/5ml,500mg/5ml,Injectable solution,9170015,https://www.moph.gov.lb/en/Drugs/view/4687
4667,N03AX14,KEPCITAM,G,Levetiracetam - 500mg,500mg,"Tablet, film coated",2933608,https://www.moph.gov.lb/en/Drugs/view/4667
4676,N03AX14,KEPCITAM,G,Levetiracetam - 1000mg,1000mg,"Tablet, film coated",3119058,https://www.moph.gov.lb/en/Drugs/view/4676
4660,N03AX14,KEPPRA,B,Levetiracetam - 250mg,250mg,"Tablet, film coated",3240855,https://www.moph.gov.lb/en/Drugs/view/4660
4666,N03AX14,KEPPRA,B,Levetiracetam - 500mg,500mg,"Tablet, film coated",6245576,https://www.moph.gov.lb/en/Drugs/view/4666
4675,N03AX14,KEPPRA,B,Levetiracetam - 1000mg,"1,000mg","Tablet, film coated",11749079,https://www.moph.gov.lb/en/Drugs/view/4675
1416,C03DA05,KERENDIA,G,Finerenone - 10mg,10mg,"Tablet, film coated",6353687,https://www.moph.gov.lb/en/Drugs/view/1416
1417,C03DA05,KERENDIA,G,Finerenone - 20mg,20mg,"Tablet, film coated",6353687,https://www.moph.gov.lb/en/Drugs/view/1417
1479,C07AB05,KERLONE,B,Betaxolol HCl - 20mg,20mg,"Tablet, film coated, scored",575165,https://www.moph.gov.lb/en/Drugs/view/1479
3913,L04AA52,KESIMPTA,BioTech,Ofatumumab - 20mg/0.4ml,20mg/0.4ml,Injectable solution,94290414,https://www.moph.gov.lb/en/Drugs/view/3913
5856,L04AA52,KESIMPTA,BioTech,Ofatumumab - 20mg/0.4ml,20mg/0.4ml,Injectable solution,,https://www.moph.gov.lb/en/Drugs/view/5856
4352,N01AX03,KETAMINE PANPHARMA,G,Ketamine HCl - 250mg/5ml,250mg/5ml,Injectable solution,1534668,https://www.moph.gov.lb/en/Drugs/view/4352
4169,M01AE17,KETESSE,B,Dexketoprofen (trometamol) - 25mg,25mg,"Tablet, film coated",399121,https://www.moph.gov.lb/en/Drugs/view/4169
4173,M01AE17,KETESSE,B,Dexketoprofen (trometamol) - 50mg/2ml,50mg/2ml,Injectable solution,435405,https://www.moph.gov.lb/en/Drugs/view/4173
4100,M01AB15,KETO-AVI,G,Ketorolac tromethamine - 30mg/ml,30mg/ml,Injectable solution,106164,https://www.moph.gov.lb/en/Drugs/view/4100
2029,D01AC08,KETOCONAZOLE KORHISPANA,G,Ketoconazole - 2%,2%,Gel,599354,https://www.moph.gov.lb/en/Drugs/view/2029
4098,M01AB15,KETOLAC,G,Ketorolac trometamine - 10mg,10mg,Tablet,268769,https://www.moph.gov.lb/en/Drugs/view/4098
4101,M01AB15,KETOLAC,G,Ketorolac trometamine - 30mg/2ml,30mg/2ml,Injectable solution,268769,https://www.moph.gov.lb/en/Drugs/view/4101
4164,M01AE03,KETOPROFENE MACOPHARMA,G,Ketoprofen - 100mg/100ml,100mg/100ml,Injectable solution,329241,https://www.moph.gov.lb/en/Drugs/view/4164
5704,V06DD,KETOSTERIL,B,"Calcium - 0.05g, Total nitrogen  - 36mg, L-Tyrosine - 30mg, L-Histidine - 38mg, L-Tryptophan - 23mg, L-Threonine - 53mg, L-Lysine Monoacetate - 105mg, Alpha Hydroxyanalogue-DL-Methionine, Calcium Salt - 59mg, Alpha Ketoanalogue-Valine,Calcium Salt - 86mg, Alpha Ketoanalogue-Phenylalanine,Calcium Salt - 68mg, Alpha-Ketoanalogue- Leucine,Calcium Salt - 101mg, Alpha-Ketoanalogue-DL-isoleucine,Calcium Salt - 67mg",,"Tablet, film coated",3950897,https://www.moph.gov.lb/en/Drugs/view/5704
2192,D10AD01,KETREL,G,Tretinoin - 0.05%,0.05%,Cream,397777,https://www.moph.gov.lb/en/Drugs/view/2192
3669,L01FF02,KEYTRUDA,BioTech,Pembrolizumab - 100mg/4ml,100mg/4ml,Injectable solution,241744802,https://www.moph.gov.lb/en/Drugs/view/3669
5796,L01FF02,KEYTRUDA,BioTech,Pembrolizumab - 100mg/4ml,100mg/4ml,Injectable solution,,https://www.moph.gov.lb/en/Drugs/view/5796
4492,N02BE01,KIDOL-OR,G,Paracetamol - 240mg/5ml,240mg/5ml,Elixir,314843,https://www.moph.gov.lb/en/Drugs/view/4492
3054,J01MA17,KINODROX,B,Prulifloxacin - 600mg,600mg,"Tablet, film coated",1407835,https://www.moph.gov.lb/en/Drugs/view/3054
3233,J06BA02,KIOVIG,BioHuman,Human normal immunoglobulin G - 5g/50ml,5g/50ml,Injectable solution,35639835,https://www.moph.gov.lb/en/Drugs/view/3233
3239,J06BA02,KIOVIG,BioHuman,Human normal immunoglobulin G - 10g/100ml,10g/100ml,Injectable solution,56495332,https://www.moph.gov.lb/en/Drugs/view/3239
5782,J06BA02,KIOVIG,BioHuman,Human normal immunoglobulin G - 5g/50ml,5g/50ml,Injectable solution,,https://www.moph.gov.lb/en/Drugs/view/5782
3569,L01EF02,KISQALI,B,Ribociclib - 200mg,200mg,"Tablet, film coated",200752977,https://www.moph.gov.lb/en/Drugs/view/3569
5844,L01EF02,KISQALI,B,Ribociclib - 200mg,200mg,"Tablet, film coated",,https://www.moph.gov.lb/en/Drugs/view/5844
2930,J01FA09,KLACID,B,Clarithromycin - 500mg,500mg,"Tablet, film coated",1329060,https://www.moph.gov.lb/en/Drugs/view/2930
2935,J01FA09,KLACID,B,Clarithromycin - 500mg,500mg,Injectable powder for solution,1428505,https://www.moph.gov.lb/en/Drugs/view/2935
2936,J01FA09,KLACID,B,Clarithromycin - 125mg/5ml,125mg/5ml,Granules for suspension,575165,https://www.moph.gov.lb/en/Drugs/view/2936
2937,J01FA09,KLACID,B,Clarithromycin - 250mg/5ml,250mg/5ml,Granules for suspension,1698617,https://www.moph.gov.lb/en/Drugs/view/2937
2938,J01FA09,KLACID RM,B,Clarithromycin - 500mg,500mg,"Tablet, modified release",1173175,https://www.moph.gov.lb/en/Drugs/view/2938
2688,J01CR02,KLAVOX,G,"Amoxicillin (trihydrate) - 400mg/5ml, Clavulanic Acid (potassium) - 57mg/5ml",457mg/5ml,Powder for suspension,278175,https://www.moph.gov.lb/en/Drugs/view/2688
2713,J01CR02,KLAVOX,G,"Amoxicillin (trihydrate) - 875mg, Clavulanic Acid (potassium) - 125mg",1g,"Tablet, film coated",338648,https://www.moph.gov.lb/en/Drugs/view/2713
2933,J01FA09,KLERIMED,G,Clarithromycin - 500mg,500mg,Tablet,686704,https://www.moph.gov.lb/en/Drugs/view/2933
785,B01AC24,KLOTEGO,G,Ticagrelor - 90mg,90mg,"Tablet, film coated",2598096,https://www.moph.gov.lb/en/Drugs/view/785
786,B01AC24,KLOTEGO,G,Ticagrelor - 90mg,90mg,"Tablet, film coated",2598096,https://www.moph.gov.lb/en/Drugs/view/786
788,B01AC24,KLOTEGO,G,Ticagrelor - 60mg,60mg,"Tablet, film coated",2598096,https://www.moph.gov.lb/en/Drugs/view/788
789,B01AC24,KLOTEGO,G,Ticagrelor - 60mg,60mg,"Tablet, film coated",2598096,https://www.moph.gov.lb/en/Drugs/view/789
847,B02BA01,KONAKION MM PEDIATRIC,B,Phytomenadione - 2mg/0.2ml,2mg/0.2ml,Solution,442124,https://www.moph.gov.lb/en/Drugs/view/847
2148,D07AC13,KONEX,G,Mometasone furoate - 0.1%,0.1%,Solution,385683,https://www.moph.gov.lb/en/Drugs/view/2148
4884,N05BA01,KRATIUM,G,Diazepam - 10mg/2ml,10mg/2ml,Injectable solution,537537,https://www.moph.gov.lb/en/Drugs/view/4884
5406,R05DB13,KREVAL FORTE,G,Butamirate citrate - 15mg/5ml,15mg/5ml,Syrup,385683,https://www.moph.gov.lb/en/Drugs/view/5406
3746,L01XG02,KYPROLIS,B,Carfilzomib - 60mg,60mg,Injectable powder for solution,96642005,https://www.moph.gov.lb/en/Drugs/view/3746
5801,L01XG02,KYPROLIS,B,Carfilzomib - 60mg,60mg,Injectable powder for solution,,https://www.moph.gov.lb/en/Drugs/view/5801
2275,D11AX18,LABDIC RELIEF,G,"Diclofenac sodium - 1%w/w, Methyl salicylate - 8%w/w, Menthol - 2%w/w",,Gel,263393,https://www.moph.gov.lb/en/Drugs/view/2275
1516,C07AG01,LABETALOL HYDROCHLORIDE INJECTION,G,Labetalol HCl - 100mg/20ml,100mg/20ml,Injectable solution,2862385,https://www.moph.gov.lb/en/Drugs/view/1516
790,B01AC24,LABILOR 60,G,Ticagrelor - 60mg,60mg,"Tablet, film coated",2598096,https://www.moph.gov.lb/en/Drugs/view/790
787,B01AC24,LABILOR 90,G,Ticagrelor - 90mg,90mg,"Tablet, film coated",2598096,https://www.moph.gov.lb/en/Drugs/view/787
5520,R06AX29,LABIXTEN,B,Bilastine - 20mg,20mg,Tablet,584571,https://www.moph.gov.lb/en/Drugs/view/5520
5521,R06AX29,LABIXTEN,B,Bilastine - 2.5mg/ml,2.5mg/ml,Solution,463626,https://www.moph.gov.lb/en/Drugs/view/5521
5522,R06AX29,LABIXTEN,B,Bilastine - 6mg/ml,6mg/ml,Drops solution,1647551,https://www.moph.gov.lb/en/Drugs/view/5522
1646,C09CA01,LACINE 50,G,Losartan potassium - 50mg,50mg,"Tablet, film coated",671921,https://www.moph.gov.lb/en/Drugs/view/1646
4692,N03AX18,LACOSAMIDE ARROW,G,Lacosamide - 50mg,50mg,"Tablet, film coated, scored",1679803,https://www.moph.gov.lb/en/Drugs/view/4692
4696,N03AX18,LACOSAMIDE ARROW,G,Lacosamide - 100mg,100mg,"Tablet, film coated, scored",3360950,https://www.moph.gov.lb/en/Drugs/view/4696
4700,N03AX18,LACOSAMIDE ARROW,G,Lacosamide - 150mg,150mg,"Tablet, film coated, scored",5039409,https://www.moph.gov.lb/en/Drugs/view/4700
4703,N03AX18,LACOSAMIDE ARROW,G,Lacosamide - 200mg,200mg,"Tablet, film coated, scored",6719213,https://www.moph.gov.lb/en/Drugs/view/4703
4693,N03AX18,LACOSAMIDE/GENEPHARM,G,Lacosamide - 50mg,50mg,Tablet,614136,https://www.moph.gov.lb/en/Drugs/view/4693
4697,N03AX18,LACOSAMIDE/GENEPHARM,G,Lacosamide - 100mg,100mg,Tablet,4856647,https://www.moph.gov.lb/en/Drugs/view/4697
4704,N03AX18,LACOSAMIDE/GENEPHARM,G,Lacosamide - 200mg,200mg,Tablet,8284105,https://www.moph.gov.lb/en/Drugs/view/4704
984,B05BB01,LACTATED RINGER'S,G,"Sodium lactate - 0.31g/100ml, Calcium chloride, 2H2O - 0.02g/100ml, Potassium chloride - 0.03g/100ml, Sodium chloride - 0.598g/100ml",,Injectable solution,147095,https://www.moph.gov.lb/en/Drugs/view/984
985,B05BB01,LACTATED RINGER'S,G,"Sodium lactate - 0.31g/100ml, Calcium chloride, 2H2O - 0.02g/100ml, Potassium chloride - 0.03g/100ml, Sodium chloride - 0.598g/100ml",,Injectable solution,218681,https://www.moph.gov.lb/en/Drugs/view/985
986,B05BB01,LACTATED RINGER'S,G,"Sodium lactate - 0.31g/100ml, Calcium chloride, 2H2O - 0.02g/100ml, Potassium chloride - 0.03g/100ml, Sodium chloride - 0.598g/100ml",,Injectable solution,234862,https://www.moph.gov.lb/en/Drugs/view/986
987,B05BB01,LACTATED RINGER'S,G,"Sodium lactate - 0.31g/100ml, Calcium chloride, 2H2O - 0.02g/100ml, Potassium chloride - 0.03g/100ml, Sodium chloride - 0.598g/100ml",,Injectable solution,268908,https://www.moph.gov.lb/en/Drugs/view/987
988,B05BB01,LACTATED RINGER'S,G,"Sodium lactate - 0.31g/100ml, Calcium chloride, 2H2O - 0.02g/100ml, Potassium chloride - 0.02g/100ml, Sodium chloride - 0.598g/100ml",,Injectable solution,239275,https://www.moph.gov.lb/en/Drugs/view/988
989,B05BB01,LACTATED RINGER'S INJECTION USP,G,"Sodium lactate - 0.31g/100ml, Calcium chloride, 2H2O - 0.02g/100ml, Potassium chloride - 0.03g/100ml, Sodium chloride - 0.6g/100ml",,Injectable solution,224090,https://www.moph.gov.lb/en/Drugs/view/989
990,B05BB01,LACTATED RINGER'S INJECTION USP,G,"Sodium lactate - 0.31g/100ml, Calcium chloride, 2H2O - 0.02g/100ml, Potassium chloride - 0.03g/100ml, Sodium chloride - 0.6g/100ml",,Injectable solution,237880,https://www.moph.gov.lb/en/Drugs/view/990
991,B05BB01,"LACTATED RINGER'S INJECTION, USP",G,"Sodium lactate - 3.1g/l, Calcium chloride, 2H2O - 0.2g/l, Potassium chloride - 0.3g/l, Sodium chloride - 6g/l",,Injectable solution,232134,https://www.moph.gov.lb/en/Drugs/view/991
992,B05BB01,"LACTATED RINGER'S INJECTION, USP",G,"Sodium lactate - 3.1g/l, Calcium chloride, 2H2O - 0.2g/l, Potassium chloride - 0.3g/l, Sodium chloride - 6g/l",,Injectable solution,216046,https://www.moph.gov.lb/en/Drugs/view/992
993,B05BB01,"LACTATED RINGER'S INJECTION, USP",G,"Sodium lactate - 3.1g/l, Calcium chloride, 2H2O - 0.2g/l, Potassium chloride - 0.3g/l, Sodium chloride - 6g/l",,Injectable solution,158587,https://www.moph.gov.lb/en/Drugs/view/993
2994,J01MA02,LADININ,G,Ciprofloxacine (HCl) - 500mg,500mg,"Tablet, film coated",595060,https://www.moph.gov.lb/en/Drugs/view/2994
3002,J01MA02,LADININ,G,Ciprofloxacine (lactate) - 200mg/100ml,200mg/100ml,Injectable solution,892591,https://www.moph.gov.lb/en/Drugs/view/3002
4619,N03AX09,LAMICTAL,B,Lamotrigine - 100mg,100mg,Tablet,2741209,https://www.moph.gov.lb/en/Drugs/view/4619
4621,N03AX09,LAMICTAL,B,Lamotrigine - 25mg,25mg,Tablet,1088270,https://www.moph.gov.lb/en/Drugs/view/4621
4629,N03AX09,LAMICTAL,B,Lamotrigine - 50mg,50mg,Tablet,1753895,https://www.moph.gov.lb/en/Drugs/view/4629
4625,N03AX09,LAMICTAL LIQUI-TABS,B,Lamotrigine - 5mg,5mg,Tablet,361046,https://www.moph.gov.lb/en/Drugs/view/4625
2036,D01AE15,LAMIFEN,G,Terbinafine HCl - 1%,1%,Cream,350743,https://www.moph.gov.lb/en/Drugs/view/2036
2049,D01BA02,LAMIFEN,G,Terbinafine HCl - 250mg,250mg,Tablet,245923,https://www.moph.gov.lb/en/Drugs/view/2049
2037,D01AE15,LAMINOX,G,Terbinafine HCl - 10mg/g,10mg/g,Cream,453067,https://www.moph.gov.lb/en/Drugs/view/2037
2050,D01BA02,LAMINOX,G,Terbinafine HCl - 250mg,250mg,Tablet,725675,https://www.moph.gov.lb/en/Drugs/view/2050
2035,D01AE15,LAMISIL,B,Terbinafine HCl - 10mg/g,1%,Cream,616824,https://www.moph.gov.lb/en/Drugs/view/2035
2040,D01AE15,LAMISIL,B,Terbinafine HCl - 10mg/ml,1%,Solution,962191,https://www.moph.gov.lb/en/Drugs/view/2040
3178,J05AF05,LAMIVUDINE ARROW,G,Lamivudine - 150mg,150mg,"Tablet, coated, scored",7850907,https://www.moph.gov.lb/en/Drugs/view/3178
3180,J05AF05,LAMIVUDINE ARROW,G,Lamivudine - 300mg,300mg,"Tablet, coated",7850907,https://www.moph.gov.lb/en/Drugs/view/3180
3209,J05AR01,LAMIVUDINE/ ZIDOVUDINE ARROW,G,"Lamivudine - 150mg, Zidovudine - 300mg",,"Tablet, coated, scored",15643319,https://www.moph.gov.lb/en/Drugs/view/3209
4616,N03AX09,LAMOTRIGINE ARROW LAB,G,Lamotrigine - 100mg,100mg,"Tablet, dispersible/ chewable",1050885,https://www.moph.gov.lb/en/Drugs/view/4616
4622,N03AX09,LAMOTRIGINE ARROW LAB,G,Lamotrigine - 25mg,25mg,"Tablet, dispersible/ chewable",556351,https://www.moph.gov.lb/en/Drugs/view/4622
4626,N03AX09,LAMOTRIGINE ARROW LAB,G,Lamotrigine - 50mg,50mg,"Tablet, dispersible/ chewable",1052229,https://www.moph.gov.lb/en/Drugs/view/4626
4617,N03AX09,LAMOTRIGINE BIOGARAN,G,Lamotrigine - 100mg,100mg,"Tablet, dispersible",1233647,https://www.moph.gov.lb/en/Drugs/view/4617
4623,N03AX09,LAMOTRIGINE BIOGARAN,G,Lamotrigine - 25mg,25mg,"Tablet, dispersible",595322,https://www.moph.gov.lb/en/Drugs/view/4623
4627,N03AX09,LAMOTRIGINE BIOGARAN,G,Lamotrigine - 50mg,50mg,"Tablet, dispersible",985037,https://www.moph.gov.lb/en/Drugs/view/4627
4618,N03AX09,LAMOTRIGINE NORMON,G,Lamotrigine - 100mg,100mg,"Tablet, dispersible/ chewable",2284532,https://www.moph.gov.lb/en/Drugs/view/4618
4628,N03AX09,LAMOTRIGINE NORMON,G,Lamotrigine - 50mg,50mg,"Tablet, dispersible/ chewable",1643519,https://www.moph.gov.lb/en/Drugs/view/4628
4764,N05AH02,LANOLEPT,G,Clozapine - 100mg,100mg,Tablet,1482258,https://www.moph.gov.lb/en/Drugs/view/4764
1292,C01AA05,LANOXIN,B,Digoxin - 0.25mg,0.25mg,Tablet,215015,https://www.moph.gov.lb/en/Drugs/view/1292
1291,C01AA05,LANOXIN PG,B,Digoxin - 0.05mg/ml,0.05mg/ml,Elixir,307740,https://www.moph.gov.lb/en/Drugs/view/1291
3303,J07CA,LANTIGEN B,B,"Streptococcus pneumoniae type 3 (antigenic extracts) - 63.2A.U./ml, Streptococcus pyogenes group A (antigenic extracts) - 126.2A.U./ml, Branhamella catarrhalis (antigenic extracts) - 39.9A.U./ml, Staphylococcus aureus (antigenic extracts) - 79.6A.U./ml, Haemophilus influenzae type b (antigenic extracts) - 50.2A.U./ml, Klebsiella pneumoniae (antigenic extracts) - 39.8A.U./ml",,Drops suspension,916501,https://www.moph.gov.lb/en/Drugs/view/3303
391,A10AE04,LANTUS,BioTech,Insulin glargine - 100IU/ml,100IU/ml,Injectable solution,3327354,https://www.moph.gov.lb/en/Drugs/view/391
390,A10AE04,LANTUS SOLOSTAR,BioTech,Insulin glargine - 100IU/ml,100IU/ml,Injectable solution,4992375,https://www.moph.gov.lb/en/Drugs/view/390
4754,N05AE05,LAROZA,G,Lurasidone - 40mg,40mg,"Tablet, film coated",5548726,https://www.moph.gov.lb/en/Drugs/view/4754
4756,N05AE05,LAROZA,G,Lurasidone - 80mg,80mg,"Tablet, film coated",5548726,https://www.moph.gov.lb/en/Drugs/view/4756
4758,N05AE05,LAROZA,G,Lurasidone - 120mg,120mg,"Tablet, film coated",5548726,https://www.moph.gov.lb/en/Drugs/view/4758
1393,C03CA01,LASIMIDE,G,Furosemide - 20mg/2ml,20mg/2ml,Injectable solution,1300328,https://www.moph.gov.lb/en/Drugs/view/1393
1383,C03CA01,LASIX,B,Furosemide - 40mg,40mg,Tablet,120946,https://www.moph.gov.lb/en/Drugs/view/1383
1398,C03CA01,LASIX,B,Furosemide - 500mg,500mg,Tablet,1454038,https://www.moph.gov.lb/en/Drugs/view/1398
2780,J01DD04,LEBACEF,G,"Ceftriaxone (sodium) - 0.5g, Lidocaine (ampoule) -",0.5g,Injectable powder for solution+diluent,511940,https://www.moph.gov.lb/en/Drugs/view/2780
2781,J01DD04,LEBACEF,G,Ceftriaxone (sodium) - 0.5g,0.5g,Injectable powder for solution+diluent,511940,https://www.moph.gov.lb/en/Drugs/view/2781
2782,J01DD04,LEBACEF,G,Ceftriaxone (sodium) - 0.5g,0.5g,Injectable powder for solution,3455595,https://www.moph.gov.lb/en/Drugs/view/2782
2783,J01DD04,LEBACEF,G,Ceftriaxone (sodium) - 0.5g,0.5g,Injectable powder for solution+diluent,433869,https://www.moph.gov.lb/en/Drugs/view/2783
2784,J01DD04,LEBACEF,G,"Ceftriaxone (sodium) - 0.5g, Lidocaine (ampoule) -",0.5g,Injectable powder for solution+diluent,403153,https://www.moph.gov.lb/en/Drugs/view/2784
2785,J01DD04,LEBACEF,G,"Ceftriaxone (sodium) - 0.5g, Lidocaine (ampoule) -",0.5g,Injectable powder for solution+diluent,403153,https://www.moph.gov.lb/en/Drugs/view/2785
2786,J01DD04,LEBACEF,G,Ceftriaxone (sodium) - 0.5g,0.5g,Injectable powder for solution,3455595,https://www.moph.gov.lb/en/Drugs/view/2786
2787,J01DD04,LEBACEF,G,Ceftriaxone (sodium) - 0.5g,0.5g,Injectable powder for solution+diluent,511940,https://www.moph.gov.lb/en/Drugs/view/2787
2788,J01DD04,LEBACEF,G,Ceftriaxone (sodium) - 0.5g,0.5g,Injectable powder for solution+diluent,511940,https://www.moph.gov.lb/en/Drugs/view/2788
2802,J01DD04,LEBACEF,G,Ceftriaxone (sodium) - 1g,1g,Injectable powder for solution+diluent,643765,https://www.moph.gov.lb/en/Drugs/view/2802
2803,J01DD04,LEBACEF,G,"Ceftriaxone (sodium) - 1g, Lidocaine (ampoule) -",1g,Injectable powder for solution+diluent,568253,https://www.moph.gov.lb/en/Drugs/view/2803
2804,J01DD04,LEBACEF,G,Ceftriaxone (sodium) - 1g,1g,Injectable powder for solution,5793881,https://www.moph.gov.lb/en/Drugs/view/2804
2805,J01DD04,LEBACEF,G,Ceftriaxone (sodium) - 1g,1g,Injectable powder for solution+diluent,508100,https://www.moph.gov.lb/en/Drugs/view/2805
2806,J01DD04,LEBACEF,G,Ceftriaxone - 1g,1g,Injectable sterile powder for solution + lidocaine solvent,508100,https://www.moph.gov.lb/en/Drugs/view/2806
2807,J01DD04,LEBACEF,G,Ceftriaxone - 1g,1g,Injectable sterile powder for solution + lidocaine solvent,508100,https://www.moph.gov.lb/en/Drugs/view/2807
2808,J01DD04,LEBACEF,G,Ceftriaxone (sodium) - 1g,1g,Injectable powder for solution+diluent,508100,https://www.moph.gov.lb/en/Drugs/view/2808
2809,J01DD04,LEBACEF,G,Ceftriaxone (sodium) - 1g,1g,Injectable powder for solution,5793881,https://www.moph.gov.lb/en/Drugs/view/2809
2810,J01DD04,LEBACEF,G,Ceftriaxone (sodium) - 1g,1g,Injectable powder for solution+diluent,643765,https://www.moph.gov.lb/en/Drugs/view/2810
2811,J01DD04,LEBACEF,G,"Ceftriaxone (sodium) - 1g, Lidocaine (ampoule) -",1g,Injectable powder for solution+diluent,568253,https://www.moph.gov.lb/en/Drugs/view/2811
2812,J01DD04,LEBACEF,G,Ceftriaxone (sodium) - 1g,1g,Injectable powder for solution,5793881,https://www.moph.gov.lb/en/Drugs/view/2812
4936,N06AB04,LECITAL 20,G,Citalopram - 20mg,20mg,Caplet,1247086,https://www.moph.gov.lb/en/Drugs/view/4936
4937,N06AB04,LECITAL 40,G,Citalopram - 40mg,40mg,Caplet,1761778,https://www.moph.gov.lb/en/Drugs/view/4937
4015,L04AX04,LEDOBOOK 10,G,Lenalidomide - 10mg,10mg,Capsule,62230245,https://www.moph.gov.lb/en/Drugs/view/4015
4025,L04AX04,LEDOBOOK 15,G,Lenalidomide - 15mg,15mg,Capsule,62230245,https://www.moph.gov.lb/en/Drugs/view/4025
4034,L04AX04,LEDOBOOK 25,G,Lenalidomide - 25mg,25mg,Capsule,67887540,https://www.moph.gov.lb/en/Drugs/view/4034
5951,L04AX04,LEDOBOOK 25,G,Lenalidomide - 25mg,25mg,Capsule,,https://www.moph.gov.lb/en/Drugs/view/5951
3815,L02BG04,LEFFTARA,G,Letrozole - 2.5mg,2.5mg,"Tablet, film coated",2060111,https://www.moph.gov.lb/en/Drugs/view/3815
3027,J01MA12,LEFLUMAX,G,Levofloxacin (hemihydrate) - 500mg,500mg,"Tablet, film coated",752552,https://www.moph.gov.lb/en/Drugs/view/3027
3040,J01MA12,LEFLUMAX,G,Levofloxacin (hemihydrate) - 750mg,750mg,"Tablet, film coated",1006538,https://www.moph.gov.lb/en/Drugs/view/3040
2488,G04BX14,LEJAM,G,Dapoxetine (hydrochloride) - 30mg,30mg,"Tablet, film coated",1269931,https://www.moph.gov.lb/en/Drugs/view/2488
4006,L04AX04,LENALIDOMIDE ARROW,G,Lenalidomide - 5mg,5mg,Capsule,26651802,https://www.moph.gov.lb/en/Drugs/view/4006
4016,L04AX04,LENALIDOMIDE ARROW,G,Lenalidomide - 10mg,10mg,Capsule,26651802,https://www.moph.gov.lb/en/Drugs/view/4016
4026,L04AX04,LENALIDOMIDE ARROW,G,Lenalidomide - 15mg,15mg,Capsule,26651802,https://www.moph.gov.lb/en/Drugs/view/4026
4035,L04AX04,LENALIDOMIDE ARROW,G,Lenalidomide - 25mg,25mg,Capsule,26651802,https://www.moph.gov.lb/en/Drugs/view/4035
4007,L04AX04,LENALIDOMIDE NEAPOLIS,G,Lenalidomide - 5mg,5mg,Capsule,68908116,https://www.moph.gov.lb/en/Drugs/view/4007
4017,L04AX04,LENALIDOMIDE NEAPOLIS,G,Lenalidomide - 10mg,10mg,Capsule,72248183,https://www.moph.gov.lb/en/Drugs/view/4017
4027,L04AX04,LENALIDOMIDE NEAPOLIS,G,Lenalidomide - 15mg,15mg,Capsule,76209421,https://www.moph.gov.lb/en/Drugs/view/4027
4036,L04AX04,LENALIDOMIDE NEAPOLIS,G,Lenalidomide - 25mg,25mg,Capsule,76719234,https://www.moph.gov.lb/en/Drugs/view/4036
5937,L04AX04,LENALIDOMIDE NEAPOLIS,G,Lenalidomide - 10mg,10mg,Capsule,,https://www.moph.gov.lb/en/Drugs/view/5937
5938,L04AX04,LENALIDOMIDE NEAPOLIS,G,Lenalidomide - 15mg,15mg,Capsule,,https://www.moph.gov.lb/en/Drugs/view/5938
4008,L04AX04,LENALIDOMIDE SPC,G,Lenalidomide - 5mg,5mg,"Capsule, hard",71647217,https://www.moph.gov.lb/en/Drugs/view/4008
4018,L04AX04,LENALIDOMIDE SPC,G,Lenalidomide - 10mg,10mg,"Capsule, hard",75120146,https://www.moph.gov.lb/en/Drugs/view/4018
4037,L04AX04,LENALIDOMIDE SPC,G,Lenalidomide - 25mg,25mg,"Capsule, hard",87161381,https://www.moph.gov.lb/en/Drugs/view/4037
4009,L04AX04,LENALIDOMIDE STRAGEN,G,Lenalidomide - 5mg,5mg,Capsule,33314752,https://www.moph.gov.lb/en/Drugs/view/4009
4019,L04AX04,LENALIDOMIDE STRAGEN,G,Lenalidomide - 10mg,10mg,Capsule,33314752,https://www.moph.gov.lb/en/Drugs/view/4019
4028,L04AX04,LENALIDOMIDE STRAGEN,G,Lenalidomide - 15mg,15mg,Capsule,33314752,https://www.moph.gov.lb/en/Drugs/view/4028
4038,L04AX04,LENALIDOMIDE STRAGEN,G,Lenalidomide - 25mg,25mg,Capsule,33314752,https://www.moph.gov.lb/en/Drugs/view/4038
4426,N02AJ14,LENIZAK,B,"Tramadol HCl - 75mg, Dexketoprofen - 25mg",,"Tablet, film coated",494534,https://www.moph.gov.lb/en/Drugs/view/4426
4010,L04AX04,LENOMA,G,Lenalidomide - 5mg,5mg,"Capsule, hard",68908116,https://www.moph.gov.lb/en/Drugs/view/4010
4020,L04AX04,LENOMA,G,Lenalidomide - 10mg,10mg,"Capsule, hard",14449637,https://www.moph.gov.lb/en/Drugs/view/4020
4029,L04AX04,LENOMA,G,Lenalidomide - 15mg,15mg,"Capsule, hard",15241884,https://www.moph.gov.lb/en/Drugs/view/4029
4039,L04AX04,LENOMA,G,Lenalidomide - 25mg,25mg,"Capsule, hard",15343847,https://www.moph.gov.lb/en/Drugs/view/4039
5729,L04AX04,LENOMA,G,Lenalidomide - 10mg,10mg,"Capsule, hard",,https://www.moph.gov.lb/en/Drugs/view/5729
5730,L04AX04,LENOMA,G,Lenalidomide - 25mg,25mg,"Capsule, hard",,https://www.moph.gov.lb/en/Drugs/view/5730
5731,L04AX04,LENOMA,G,Lenalidomide - 15mg,15mg,"Capsule, hard",,https://www.moph.gov.lb/en/Drugs/view/5731
3614,L01EX08,LENVIMA,B,Lenvatinib - 4mg,4mg,"Capsule, hard",124450304,https://www.moph.gov.lb/en/Drugs/view/3614
3615,L01EX08,LENVIMA,B,Lenvatinib - 10mg,10mg,"Capsule, hard",124450304,https://www.moph.gov.lb/en/Drugs/view/3615
5826,L01EX08,LENVIMA,B,Lenvatinib - 10mg,10mg,"Capsule, hard",,https://www.moph.gov.lb/en/Drugs/view/5826
5827,L01EX08,LENVIMA,B,Lenvatinib - 4mg,4mg,"Capsule, hard",,https://www.moph.gov.lb/en/Drugs/view/5827
4620,N03AX09,LEPIGINE,G,Lamotrigine - 100mg,100mg,"Tablet, scored",1163384,https://www.moph.gov.lb/en/Drugs/view/4620
4661,N03AX14,LEPITAM,G,Levetiracetam - 250mg,250mg,Tablet,700078,https://www.moph.gov.lb/en/Drugs/view/4661
4668,N03AX14,LEPITAM,G,Levetiracetam - 500mg,500mg,Tablet,1100671,https://www.moph.gov.lb/en/Drugs/view/4668
4683,N03AX14,LEPITAM,G,Levetiracetam - 100mg/ml,100mg/ml,Solution,1336163,https://www.moph.gov.lb/en/Drugs/view/4683
4762,N05AH02,LEPONEX,B,Clozapine - 100mg,100mg,Tablet,1975448,https://www.moph.gov.lb/en/Drugs/view/4762
1998,C10AX16,LEQVIO,B,Inclisiran - 284mg/1.5ml,284mg/1.5ml,Injectable solution,218123272,https://www.moph.gov.lb/en/Drugs/view/1998
1576,C08CA13,LERCADIP,B,Lercanidipine HCl - 10mg,10mg,"Tablet, film-scored",1021320,https://www.moph.gov.lb/en/Drugs/view/1576
1577,C08CA13,LERCADIP,B,Lercanidipine HCl - 20mg,20mg,"Tablet, film-scored",1679803,https://www.moph.gov.lb/en/Drugs/view/1577
350,A08AB01,LESSFAT,G,Orlistat - 120mg,120mg,Capsule,391634,https://www.moph.gov.lb/en/Drugs/view/350
356,A08AB01,LESSFAT,G,Orlistat - 60mg,60mg,Capsule,1039238,https://www.moph.gov.lb/en/Drugs/view/356
3816,L02BG04,LETROZOLE ARROW LAB,G,Letrozole - 2.5mg,2.5mg,"Tablet, coated",1812844,https://www.moph.gov.lb/en/Drugs/view/3816
3817,L02BG04,LETROZOLE BIOGARAN,G,Letrozole - 2.5mg,2.5mg,"Tablet, coated",2402790,https://www.moph.gov.lb/en/Drugs/view/3817
3818,L02BG04,LETROZOLE NEAPOLIS,G,Letrozole - 2.5mg,2.5mg,"Tablet, film coated",2060111,https://www.moph.gov.lb/en/Drugs/view/3818
5333,R03DC03,LEUKOTRIS,G,Montelukast - 10mg,10mg,Tablet,981645,https://www.moph.gov.lb/en/Drugs/view/5333
5349,R03DC03,LEUKOTRIS,G,Montelukast - 5mg,5mg,Tablet,979085,https://www.moph.gov.lb/en/Drugs/view/5349
5350,R03DC03,LEUKOTRIS,G,Montelukast - 4mg,4mg,Tablet,783268,https://www.moph.gov.lb/en/Drugs/view/5350
3412,L01BC07,LEUZADA,G,Azacitidine - 100mg,100mg,Injectable suspension,10969285,https://www.moph.gov.lb/en/Drugs/view/3412
4684,N03AX14,LEVETIRACETAM ARROW,G,Levetiracetam - 100mg/ml,100mg/ml,Solution,1639488,https://www.moph.gov.lb/en/Drugs/view/4684
4662,N03AX14,LEVETIRACETAM ARROW LAB,G,Levetiracetam - 250mg,250mg,"Tablet, film coated, breakable",1243054,https://www.moph.gov.lb/en/Drugs/view/4662
4663,N03AX14,LEVETIRACETAM ARROW LAB,G,Levetiracetam - 250mg,250mg,"Tablet, film coated, breakable",1243054,https://www.moph.gov.lb/en/Drugs/view/4663
4669,N03AX14,LEVETIRACETAM ARROW LAB,G,Levetiracetam - 500mg,500mg,"Tablet, film coated, breakable",2441762,https://www.moph.gov.lb/en/Drugs/view/4669
4670,N03AX14,LEVETIRACETAM ARROW LAB,G,Levetiracetam - 500mg,500mg,"Tablet, film coated, breakable",2441762,https://www.moph.gov.lb/en/Drugs/view/4670
4677,N03AX14,LEVETIRACETAM ARROW LAB,G,Levetiracetam - 1000mg,1000mg,"Tablet, film coated, breakable",2932264,https://www.moph.gov.lb/en/Drugs/view/4677
4678,N03AX14,LEVETIRACETAM ARROW LAB,G,Levetiracetam - 1000mg,1000mg,"Tablet, film coated, breakable",2932264,https://www.moph.gov.lb/en/Drugs/view/4678
4688,N03AX14,LEVETIRACETAM ARROW LAB,G,Levetiracetam - 500mg/5ml,100mg/ml,Injectable solution,8099378,https://www.moph.gov.lb/en/Drugs/view/4688
4664,N03AX14,LEVETIRACETAM BIOGARAN,G,Levetiracetam - 250mg,250mg,"Tablet, coated, scored",1315622,https://www.moph.gov.lb/en/Drugs/view/4664
4671,N03AX14,LEVETIRACETAM BIOGARAN,G,Levetiracetam - 500mg,500mg,"Tablet, coated, scored",1988887,https://www.moph.gov.lb/en/Drugs/view/4671
4679,N03AX14,LEVETIRACETAM BIOGARAN,G,Levetiracetam - 1000mg,1000mg,"Tablet, coated, scored",3090838,https://www.moph.gov.lb/en/Drugs/view/4679
4685,N03AX14,LEVETRIMED,G,Levetiracetam - 100mg/ml,100mg/ml,Solution,1336163,https://www.moph.gov.lb/en/Drugs/view/4685
2480,G04BE09,LEVIDOR,G,Vardenafil (HCl) - 20mg,20mg,Tablet,774053,https://www.moph.gov.lb/en/Drugs/view/2480
2483,G04BE09,LEVIDOR,G,Vardenafil (HCl) - 5mg,5mg,Tablet,876185,https://www.moph.gov.lb/en/Drugs/view/2483
5571,S01CA01,LEVIOSA,G,"Levofloxacin - 5mg/ml, Dexamethasone - 1mg/ml",,Drops solution,1427161,https://www.moph.gov.lb/en/Drugs/view/5571
4672,N03AX14,LEVIPHAR,G,Levetiracetam - 500mg,500mg,"Tablet, film coated",1451350,https://www.moph.gov.lb/en/Drugs/view/4672
4680,N03AX14,LEVIPHAR,G,Levetiracetam - 1000mg,1000mg,"Tablet, film coated",2212861,https://www.moph.gov.lb/en/Drugs/view/4680
4686,N03AX14,LEVIPRAM,G,Levetiracetam - 100mg/ml,100mg/ml,Solution,1285609,https://www.moph.gov.lb/en/Drugs/view/4686
4681,N03AX14,LEVIPRAM 1000,G,Levetiracetam - 1000mg,1000mg,"Tablet, film coated",1663805,https://www.moph.gov.lb/en/Drugs/view/4681
4665,N03AX14,LEVIPRAM 250,G,Levetiracetam - 250mg,250mg,"Tablet, film coated",1087873,https://www.moph.gov.lb/en/Drugs/view/4665
4673,N03AX14,LEVIPRAM 500,G,Levetiracetam - 500mg,500mg,"Tablet, film coated",1663805,https://www.moph.gov.lb/en/Drugs/view/4673
4689,N03AX14,LEVIPRAM IV,G,Levetiracetam - 500mg/100ml,500mg/100ml,Injectable solution,1869733,https://www.moph.gov.lb/en/Drugs/view/4689
4690,N03AX14,LEVIPRAM IV,G,Levetiracetam - 1000mg/100ml,1000mg/100ml,Injectable solution,2911659,https://www.moph.gov.lb/en/Drugs/view/4690
2479,G04BE09,LEVITRA,B,Vardenafil (HCl) - 20mg,20mg,"Tablet, film coated",2660808,https://www.moph.gov.lb/en/Drugs/view/2479
3028,J01MA12,LEVOFLOX,G,Levofloxacin - 500mg,500mg,"Tablet, coated, scored",602041,https://www.moph.gov.lb/en/Drugs/view/3028
3014,J01MA12,LEVOFLOX-MEDIS 500,G,Levofloxacin - 500mg/100ml,500mg/100ml,Injectable solution,1834345,https://www.moph.gov.lb/en/Drugs/view/3014
3011,J01MA12,LEVOFLOXACIN COOPER,G,Levofloxacin (hemihydrate) - 500mg/100ml,500mg/100ml,Injectable solution,959504,https://www.moph.gov.lb/en/Drugs/view/3011
3012,J01MA12,LEVOFLOXACIN NORMON,G,Levofloxacin - 500mg/100ml,5mg/ml,Injectable solution,27147388,https://www.moph.gov.lb/en/Drugs/view/3012
3013,J01MA12,LEVOFLOXACINA BASI,G,Levofloxacin - 5mg/ml,5mg/ml,Injectable solution,56572950,https://www.moph.gov.lb/en/Drugs/view/3013
3029,J01MA12,LEVOKEY 500,G,Levofloxacin (hemihydrate) - 500mg,500mg,"Tablet, film coated",141103,https://www.moph.gov.lb/en/Drugs/view/3029
3030,J01MA12,LEVOMED,G,Levofloxacin (hemihydrate) - 500mg,500mg,Tablet,849820,https://www.moph.gov.lb/en/Drugs/view/3030
5622,S01GX02,LEVOPHTA,B,Levocabastine HCl - 0.5mg/ml,0.05%,Suspension,682672,https://www.moph.gov.lb/en/Drugs/view/5622
5465,R06AE09,LEVOTREX,G,Levocetirizine dihydrochloride - 5mg,5mg,"Tablet, film coated",447948,https://www.moph.gov.lb/en/Drugs/view/5465
3015,J01MA12,LEVOXIPOLIN,G,Levofloxacin (hemihydrate) - 500mg/100ml,500mg/100ml,Injectable solution,1014601,https://www.moph.gov.lb/en/Drugs/view/3015
4888,N05BA08,LEXOTANIL,B,Bromazepam - 3mg,3mg,"Tablet, scored",413903,https://www.moph.gov.lb/en/Drugs/view/4888
4890,N05BA08,LEXOTANIL,B,Bromazepam - 1.5mg,1.5mg,"Tablet, scored",299677,https://www.moph.gov.lb/en/Drugs/view/4890
5361,R05CA12,LIBLAB COUGH SUPPOSITORIES,G,Dried Ivy leaf extract - 80mg,80mg,Suppository,142447,https://www.moph.gov.lb/en/Drugs/view/5361
5370,R05CA12,LIBLAB COUGH SYRUP,G,Dried Ivy leaf extract - 35mg/5ml,35mg/5ml,Syrup,237860,https://www.moph.gov.lb/en/Drugs/view/5370
176,A03CA02,LIBRAX DRAGEES,B,"Clidinium bromide - 2.5mg, Chlordiazepoxide - 5mg",,"Tablet, sugar coated",435405,https://www.moph.gov.lb/en/Drugs/view/176
178,A03CA02,LIBROCOL,G,"Chlordiazepoxide - 5mg, Clidinium bromide - 2.5mg",,Tablet,338648,https://www.moph.gov.lb/en/Drugs/view/178
4370,N01BB02,LIDO-CARE,G,Lidocaine - 2%,2%,Injectable solution,100788,https://www.moph.gov.lb/en/Drugs/view/4370
4372,N01BB02,LIDOCAINE AGUETTANT PRESERVATIVE FREE,G,Lidocaine HCl - 10mg/ml,10mg/ml,Injectable solution,1284713,https://www.moph.gov.lb/en/Drugs/view/4372
4361,N01BB02,LIDOCAINE ARWAN,G,Lidocaine (HCl) - 0.5%,0.5%,Injectable solution,1995158,https://www.moph.gov.lb/en/Drugs/view/4361
4362,N01BB02,LIDOCAINE ARWAN,G,Lidocaine (HCl) - 1%,1%,Injectable solution,1995158,https://www.moph.gov.lb/en/Drugs/view/4362
4363,N01BB02,LIDOCAINE ARWAN,G,Lidocaine (HCl) - 1%,1%,Injectable solution,1995158,https://www.moph.gov.lb/en/Drugs/view/4363
4366,N01BB02,LIDOCAINE HYDROCHLORIDE 1%,G,Lidocaine HCl - 1%,10mg/ml,Injectable solution,5912907,https://www.moph.gov.lb/en/Drugs/view/4366
4369,N01BB02,LIDOCAINE PANPHARMA 2%,G,Lidocaine (HCl) - 20mg/ml,2%,Injectable solution,3398578,https://www.moph.gov.lb/en/Drugs/view/4369
4367,N01BB02,LIDOCAINE- ORBUCELL,G,Lidocaine HCl - 1%,1%,Injectable solution,1787950,https://www.moph.gov.lb/en/Drugs/view/4367
4368,N01BB02,LIDOCAINE- ORBUCELL,G,Lidocaine HCl - 2%,2%,Injectable solution,1787950,https://www.moph.gov.lb/en/Drugs/view/4368
2079,D04AB01,LIDONOSTRUM,G,Lidocaine - 50mg/g,50mg/g,Ointment,1069699,https://www.moph.gov.lb/en/Drugs/view/2079
2074,D04AB01,LIDONOSTRUM BOMBA-SPRAY,G,Lidocaine - 10%,100mg/ml,"Spray, solution",747176,https://www.moph.gov.lb/en/Drugs/view/2074
2076,D04AB01,LIDONOSTRUM GELE,G,Lidocaine HCl - 2%,2%,Gel,804962,https://www.moph.gov.lb/en/Drugs/view/2076
2484,G04BE30,LIF-DOL,B,"Yohimbin HCl - 3.3mg, Thiamine - 5.5mg, Cyanocobalamine - 0.015mg, Ferrous fumarate - 50mg, Sildenafil citrate - 10mg",,"Tablet, coated",231653,https://www.moph.gov.lb/en/Drugs/view/2484
2976,J01GB06,LIKACIN,G,Amikacin (sulfate) - 500mg/2ml,500mg/2ml,Injectable concentrated solution,13751774,https://www.moph.gov.lb/en/Drugs/view/2976
3089,J01XX08,LINEDOR,G,Linezolide - 600mg/300ml,600mg/300ml,Injectable solution,2045328,https://www.moph.gov.lb/en/Drugs/view/3089
3095,J01XX08,LINESPAN 600,G,Linezolide - 600mg,600mg,"Tablet, film coated",3308540,https://www.moph.gov.lb/en/Drugs/view/3095
3090,J01XX08,LINEZOLID ANFARM,G,Linezolide - 600mg/300ml,2mg/ml,Injectable solution,21394724,https://www.moph.gov.lb/en/Drugs/view/3090
3091,J01XX08,LINEZOLID ARROW,G,Linezolide - 600mg/300ml,2mg/ml,Injectable solution,13282147,https://www.moph.gov.lb/en/Drugs/view/3091
3096,J01XX08,LINEZOLIDE STRAGEN,G,Linezolide - 600mg,600mg,"Tablet, coated",5848403,https://www.moph.gov.lb/en/Drugs/view/3096
510,A10BD11,LINGLOMET 2.5/1000,G,"Metformin - 1000mg, Linagliptin - 2.5mg",,"Tablet, film coated",1657406,https://www.moph.gov.lb/en/Drugs/view/510
513,A10BD11,LINGLOMET 2.5/850,G,"Metformin - 850mg, Linagliptin - 2.5mg",,"Tablet, film coated",1657406,https://www.moph.gov.lb/en/Drugs/view/513
564,A10BH05,LINGLOR 5,G,Linagliptin - 5mg,5mg,"Tablet, film coated",1209458,https://www.moph.gov.lb/en/Drugs/view/564
2452,G04BE08,LINK,G,Tadalafil - 20mg,20mg,"Tablet, film coated",1374751,https://www.moph.gov.lb/en/Drugs/view/2452
2453,G04BE08,LINK,G,Tadalafil - 20mg,20mg,"Tablet, film coated",369557,https://www.moph.gov.lb/en/Drugs/view/2453
2466,G04BE08,LINK,G,Tadalafil - 5mg,5mg,"Tablet, film coated",3926708,https://www.moph.gov.lb/en/Drugs/view/2466
1984,C10AB05,LIPAFIB,G,Fenofibrate - 160mg,160mg,Tablet,627127,https://www.moph.gov.lb/en/Drugs/view/1984
1985,C10AB05,LIPANCURE,G,Fenofibrate - 160mg,160mg,Tablet,627127,https://www.moph.gov.lb/en/Drugs/view/1985
1978,C10AB05,LIPANTHYL,B,Fenofibrate - 160mg,160mg,"Tablet, film coated, modified release",1154238,https://www.moph.gov.lb/en/Drugs/view/1978
1987,C10AB05,LIPANTHYL 200 M,B,Fenofibrate - 200mg,200mg,Capsule,1115364,https://www.moph.gov.lb/en/Drugs/view/1987
974,B05BA02,LIPIDEM,G,"Triglycerides, Medium Chain - 100g/500ml, Soya bean oil - 80g/500ml, Omega-3 acid triglicerides - 20g/500ml",,Injectable emulsion,2486109,https://www.moph.gov.lb/en/Drugs/view/974
2014,C10BA06,LIPOCOMB,B,"Rosuvastatin (calcium) - 10mg, Ezetimibe - 10mg",,"Capsule, hard",1811500,https://www.moph.gov.lb/en/Drugs/view/2014
2016,C10BA06,LIPOCOMB,B,"Rosuvastatin (calcium) - 20mg, Ezetimibe - 10mg",,"Capsule, hard",1811500,https://www.moph.gov.lb/en/Drugs/view/2016
1875,C10AA05,LIPONORM,G,Atorvastatin (calcium) - 10mg,10mg,"Tablet, film coated",967567,https://www.moph.gov.lb/en/Drugs/view/1875
1897,C10AA05,LIPONORM,G,Atorvastatin (calcium) - 20mg,20mg,"Tablet, film coated",1249774,https://www.moph.gov.lb/en/Drugs/view/1897
1917,C10AA05,LIPONORM,G,Atorvastatin (calcium) - 40mg,40mg,"Tablet, film coated",1491665,https://www.moph.gov.lb/en/Drugs/view/1917
2004,C10BA05,LIPONORM PLUS 10/10,G,"Atorvastatin - 10mg, Ezetimibe - 10mg",,Tablet,974286,https://www.moph.gov.lb/en/Drugs/view/2004
2009,C10BA05,LIPONORM PLUS 20/10,G,"Atorvastatin - 20mg, Ezetimibe - 10mg",,Tablet,1226928,https://www.moph.gov.lb/en/Drugs/view/2009
2572,H02AB04,LISAMETHYLE,G,Methylprednisolone sodium succinate - 40mg/2ml,40mg/2ml,Injectable powder for solution+diluent,7905545,https://www.moph.gov.lb/en/Drugs/view/2572
3366,L01BB04,LITAK 10,B,Cladribine - 2mg/ml,2mg/ml,Injectable solution,312775353,https://www.moph.gov.lb/en/Drugs/view/3366
3367,L01BB04,LITAK 10,B,Cladribine - 10mg/5ml,10mg/5ml,Injectable solution,70638937,https://www.moph.gov.lb/en/Drugs/view/3367
1970,C10AA08,LIVAZO,B,Pitavastatin - 2mg,2mg,"Tablet, film coated",1558857,https://www.moph.gov.lb/en/Drugs/view/1970
1972,C10AA08,LIVAZO,B,Pitavastatin - 4mg,4mg,"Tablet, film coated",1835305,https://www.moph.gov.lb/en/Drugs/view/1972
2346,G03CX01,LIVIAL,B,Tibolone - 2.5mg,2.5mg,Tablet,1135547,https://www.moph.gov.lb/en/Drugs/view/2346
5466,R06AE09,LIVIDA,G,Levocetirizine dihydrochloride - 5mg,5mg,"Tablet, film coated",447948,https://www.moph.gov.lb/en/Drugs/view/5466
3092,J01XX08,LIZENOR,G,Linezolide - 600mg/300ml,600mg/300ml,Injectable solution,12689600,https://www.moph.gov.lb/en/Drugs/view/3092
3097,J01XX08,LIZENOR,G,Linezolide - 600mg,600mg,"Tablet, film coated",5416096,https://www.moph.gov.lb/en/Drugs/view/3097
1062,B05BB02,LO-SODIUM INJECTION,G,"Sodium lactate - 0.223g/100ml, Sodium dihydrogenophosphate - 0.137g/100ml, Potassium chloride - 0.149g/100ml, Sodium chloride - 0.0585g/100ml, Dextrose, H2O - 5.0g/100ml",,Injectable solution,179456,https://www.moph.gov.lb/en/Drugs/view/1062
1063,B05BB02,LO-SODIUM WITH POTASSIUM INJECTION,G,"Potassium chloride - 0.149g/100ml, Sodium dihydrogenophosphate - 0.137g/100ml, Sodium lactate - 0.223g/100ml, Sodium chloride - 0.0585g/100ml, Dextrose monohydrate - 5g/100ml",,Injectable solution,165727,https://www.moph.gov.lb/en/Drugs/view/1063
1058,B05BB02,LO-SODIUM WITHOUT POTASSIUM INJECTION,G,"Sodium dihydrogenophosphate - 0.137g/100ml, Sodium lactate (anhydre) - 0.223g/100ml, Sodium chloride - 0.0585g/100ml, Dextrose monohydrate - 5g/100ml",,Injectable solution,166708,https://www.moph.gov.lb/en/Drugs/view/1058
4233,M02AA15,LOCAGEL,G,Diclofenac sodium (diethylamine) - 10mg/g,10mg/g,Gel,223078,https://www.moph.gov.lb/en/Drugs/view/4233
2042,D01AE16,LOCERYL,B,Amorolfine - 125mg/2.5ml,5%,Nail lacquer,1076418,https://www.moph.gov.lb/en/Drugs/view/2042
2127,D07AB02,LOCOID,B,Hydrocortisone butyrate - 1mg/g,0.1%,Cream,215015,https://www.moph.gov.lb/en/Drugs/view/2127
2128,D07AB02,LOCOID,B,Hydrocortisone butyrate - 1mg/g,0.1%,Cream,215015,https://www.moph.gov.lb/en/Drugs/view/2128
2129,D07AB02,LOCOID,B,Hydrocortisone butyrate - 0.1%,0.1%,Lipocream,221734,https://www.moph.gov.lb/en/Drugs/view/2129
2130,D07AB02,LOCOID,B,Hydrocortisone butyrate - 0.1%,0.1%,Lipocream,221734,https://www.moph.gov.lb/en/Drugs/view/2130
2133,D07AB02,LOCOID,B,Hydrocortisone butyrate - 0.1%,0.1%,Lotion,201576,https://www.moph.gov.lb/en/Drugs/view/2133
2134,D07AB02,LOCOID,B,Hydrocortisone butyrate - 0.1%,0.1%,Lotion,201576,https://www.moph.gov.lb/en/Drugs/view/2134
2131,D07AB02,LOCOID CRELO 0.1%,B,Hydrocortisone butyrate - 1mg/g,0.1%,Emulsion,177387,https://www.moph.gov.lb/en/Drugs/view/2131
2132,D07AB02,LOCOID CRELO 0.1%,B,Hydrocortisone butyrate - 1mg/g,0.1%,Emulsion,177387,https://www.moph.gov.lb/en/Drugs/view/2132
4105,M01AB16,LOFLAM,G,Aceclofenac - 100mg,100mg,Tablet,767334,https://www.moph.gov.lb/en/Drugs/view/4105
345,A08AA01,LOMAIRA,B,Phentermine Hydrochloride - 8mg,8mg,Tablet,6138673,https://www.moph.gov.lb/en/Drugs/view/345
2030,D01AC12,LOMEXIN,B,Fenticonazole nitrate - 2g/100g,2%,Cream,758029,https://www.moph.gov.lb/en/Drugs/view/2030
2298,G01AF12,LOMEXIN,B,Fenticonazole nitrate - 200mg,200mg,Ovule,810359,https://www.moph.gov.lb/en/Drugs/view/2298
2299,G01AF12,LOMEXIN,B,Fenticonazole nitrate - 600mg,600mg,Ovule,850727,https://www.moph.gov.lb/en/Drugs/view/2299
2300,G01AF12,"LOMEXIN ""T""",B,"Fenticonazole nitrate - 1,000mg","1,000mg",Ovule,909037,https://www.moph.gov.lb/en/Drugs/view/2300
3415,L01BC59,LONSURF,B,"Trifluridine - 20mg, Tipiracil - 8.19mg",,"Tablet, film coated",75019126,https://www.moph.gov.lb/en/Drugs/view/3415
3416,L01BC59,LONSURF,B,"Trifluridine - 15mg, Tipiracil - 6.14mg",,"Tablet, film coated",58102683,https://www.moph.gov.lb/en/Drugs/view/3416
307,A07DA03,LOPERAMIDE ARROW LAB,G,Loperamide HCl - 2mg,2mg,Capsule,442124,https://www.moph.gov.lb/en/Drugs/view/307
1974,C10AB04,LOPID,B,Gemfibrozil - 600mg,600mg,"Tablet, film coated",498566,https://www.moph.gov.lb/en/Drugs/view/1974
5601,S01ED51,LOPROSTAN,G,"Timolol - 5mg/ml, Latanoprost - 50?g/ml",,Drops,768678,https://www.moph.gov.lb/en/Drugs/view/5601
5487,R06AX13,LORATIN,G,Loratadine (micronised) - 10mg,10mg,Tablet,247267,https://www.moph.gov.lb/en/Drugs/view/5487
4886,N05BA06,LORAZEPAM,G,Lorazepam - 1mg,1mg,"Tablet, scored",325082,https://www.moph.gov.lb/en/Drugs/view/4886
4887,N05BA06,LORAZEPAM,G,Lorazepam - 2mg,2mg,"Tablet, scored",485063,https://www.moph.gov.lb/en/Drugs/view/4887
3550,L01ED05,LORBRENA,B,Lorlatinib - 25mg,25mg,Tablet,134559469,https://www.moph.gov.lb/en/Drugs/view/3550
3551,L01ED05,LORBRENA,B,Lorlatinib - 100mg,100mg,Tablet,403677371,https://www.moph.gov.lb/en/Drugs/view/3551
5867,L01ED05,LORBRENA,B,Lorlatinib - 100mg,100mg,Tablet,,https://www.moph.gov.lb/en/Drugs/view/5867
5488,R06AX13,LORINE,G,Loratadine (micronised) - 10mg,10mg,Tablet,247267,https://www.moph.gov.lb/en/Drugs/view/5488
5491,R06AX13,LORINE,G,Loratadine (micronised) - 5mg/5ml,5mg/5ml,Syrup,215015,https://www.moph.gov.lb/en/Drugs/view/5491
1876,C10AA05,LORVAST,G,Atorvastatin (calcium) - 10mg,10mg,"Tablet, film coated",1114045,https://www.moph.gov.lb/en/Drugs/view/1876
1898,C10AA05,LORVAST,G,Atorvastatin (calcium) - 20mg,20mg,"Tablet, film coated",1128828,https://www.moph.gov.lb/en/Drugs/view/1898
1918,C10AA05,LORVAST,G,Atorvastatin (calcium) - 40mg,40mg,"Tablet, film coated",1253805,https://www.moph.gov.lb/en/Drugs/view/1918
1647,C09CA01,LOSANET,G,Losartan potassium - 50mg,50mg,Tablet,395474,https://www.moph.gov.lb/en/Drugs/view/1647
1651,C09CA01,LOSANET,G,Losartan potassium - 100mg,100mg,Tablet,395474,https://www.moph.gov.lb/en/Drugs/view/1651
1806,C09DB06,LOSANET AM,G,"Losartan potassium - 100mg, Amlodipine - 10mg",,Tablet,1044358,https://www.moph.gov.lb/en/Drugs/view/1806
1807,C09DB06,LOSANET AM,G,"Losartan potassium - 100mg, Amlodipine - 5mg",,Tablet,1044358,https://www.moph.gov.lb/en/Drugs/view/1807
1815,C09DX,LOSANET AM PLUS,G,"Losartan potassium - 100mg, Amlodipine - 10mg, Hydrochlorothiazide - 12.5mg",,Tablet,1044358,https://www.moph.gov.lb/en/Drugs/view/1815
1816,C09DX,LOSANET AM PLUS,G,"Losartan potassium - 100mg, Amlodipine - 5mg, Hydrochlorothiazide - 12.5mg",,Tablet,1044358,https://www.moph.gov.lb/en/Drugs/view/1816
1720,C09DA01,LOSANET-H,G,"Losartan potassium - 50mg, Hydrochlorothiazide - 12.5mg",,Tablet,395474,https://www.moph.gov.lb/en/Drugs/view/1720
1725,C09DA01,LOSANET-H FORTE,G,"Losartan potassium - 100mg, Hydrochlorothiazide - 12.5mg",,Tablet,395474,https://www.moph.gov.lb/en/Drugs/view/1725
1648,C09CA01,LOSARTAN BIOGARAN,G,Losartan potassium - 50mg,50mg,"Tablet, coated, scored",439436,https://www.moph.gov.lb/en/Drugs/view/1648
1652,C09CA01,LOSARTAN BIOGARAN,G,Losartan potassium - 100mg,100mg,"Tablet, coated",439436,https://www.moph.gov.lb/en/Drugs/view/1652
1649,C09CA01,LOSARTAN-REMEDICA,G,Losartan potassium - 50mg,50mg,"Tablet, film coated",642357,https://www.moph.gov.lb/en/Drugs/view/1649
1721,C09DA01,LOSARTAN/HYDROCHLOROTHIAZIDE ARROW LAB,G,"Losartan potassium - 50mg, Hydrochlorothiazide - 12.5mg",,"Tablet, film coated",470345,https://www.moph.gov.lb/en/Drugs/view/1721
1726,C09DA01,LOSARTAN/HYDROCHLOROTHIAZIDE ARROW LAB,G,"Losartan potassium - 100mg, Hydrochlorothiazide - 12.5mg",,"Tablet, film coated",470345,https://www.moph.gov.lb/en/Drugs/view/1726
1722,C09DA01,LOSARTAN/HYDROCHLOROTHIAZIDE BGR,G,"Losartan potassium - 50mg, Hydrochlorothiazide - 12.5mg",,"Tablet, coated",439436,https://www.moph.gov.lb/en/Drugs/view/1722
1727,C09DA01,LOSARTAN/HYDROCHLOROTHIAZIDE BGR,G,"Losartan potassium - 100mg, Hydrochlorothiazide - 25mg",,"Tablet, coated",439436,https://www.moph.gov.lb/en/Drugs/view/1727
1723,C09DA01,LOSARTAN/HYDROCHLOROTHIAZIDE REMEDICA,G,"Losartan potassium - 50mg, Hydrochlorothiazide - 12.5mg",,"Tablet, film coated",635638,https://www.moph.gov.lb/en/Drugs/view/1723
5558,S01BA14,LOTEMAX,B,Loteprednol etabonate - 0.5%,0.5%,Drops suspension,1038790,https://www.moph.gov.lb/en/Drugs/view/5558
1553,C08CA01,LOTENSE,G,Amlodipine (besylate) - 5mg,5mg,Capsule,388370,https://www.moph.gov.lb/en/Drugs/view/1553
1783,C09DB01,LOTEVAN,G,"Amlodipine - 5mg, Valsartan - 160mg",,"Tablet, film coated",857372,https://www.moph.gov.lb/en/Drugs/view/1783
1790,C09DB01,LOTEVAN,G,"Amlodipine - 10mg, Valsartan - 160mg",,"Tablet, film coated",857372,https://www.moph.gov.lb/en/Drugs/view/1790
1820,C09DX01,LOTEVAN PLUS,G,"Valsartan - 160mg, Amlodipine - 10mg, Hydrochlorothiazide - 12.5mg",,"Tablet, film coated",911125,https://www.moph.gov.lb/en/Drugs/view/1820
1826,C09DX01,LOTEVAN PLUS,G,"Valsartan - 160mg, Amlodipine - 5mg, Hydrochlorothiazide - 12.5mg",,"Tablet, film coated",857372,https://www.moph.gov.lb/en/Drugs/view/1826
2176,D07XC01,LOTRIDERM,B,"Betamethasone (dipropionate) - 0.5mg/g, Clotrimazole - 10mg/g",,Cream,470345,https://www.moph.gov.lb/en/Drugs/view/2176
723,B01AB05,LOVENOX,BioTech,"Enoxaparin sodium - 4,000UI (40mg)/0.4ml","4,000UI (40mg)/0.4ml",Injectable solution,886936,https://www.moph.gov.lb/en/Drugs/view/723
730,B01AB05,LOVENOX,BioTech,Enoxaparin sodium - 8000UI (80mg)/0.8ml,8000UI (80mg)/0.8ml,Injectable solution,1206771,https://www.moph.gov.lb/en/Drugs/view/730
737,B01AB05,LOVENOX,BioTech,Enoxaparin sodium - 6000UI (60mg)/0.6ml,6000UI (60mg)/0.6ml,Injectable solution,1085825,https://www.moph.gov.lb/en/Drugs/view/737
743,B01AB05,LOVENOX,BioTech,"Enoxaparin sodium - 2,000UI (20mg)/0.2ml","2,000UI (20mg)/0.2ml",Injectable solution,467657,https://www.moph.gov.lb/en/Drugs/view/743
3159,J05AB01,LOVRAK-JULPHAR,G,Aciclovir - 250mg,250mg,Injectable lyophilised powder,278175,https://www.moph.gov.lb/en/Drugs/view/3159
1975,C10AB04,LOW-LIP,G,Gemfibrozil - 600mg,600mg,"Tablet, film coated",298333,https://www.moph.gov.lb/en/Drugs/view/1975
1554,C08CA01,LOWRAC 5,G,Amlodipine (besylate) - 5mg,5mg,Capsule,362837,https://www.moph.gov.lb/en/Drugs/view/1554
442,A10BB09,LOWZID XR,G,Gliclazide - 60mg,60mg,"Tablet, extended release",309724,https://www.moph.gov.lb/en/Drugs/view/442
3016,J01MA12,LOXAMOX,G,Levofloxacin - 500mg/100ml,500mg/100ml,Injectable solution,747176,https://www.moph.gov.lb/en/Drugs/view/3016
3049,J01MA14,LOXIMED,G,Moxifloxacin (HCl) - 400mg,400mg,Tablet,851100,https://www.moph.gov.lb/en/Drugs/view/3049
3050,J01MA14,LOXIPHAR,G,Moxifloxacin (HCl) - 400mg,400mg,Tablet,1063555,https://www.moph.gov.lb/en/Drugs/view/3050
3031,J01MA12,LOXOF,G,Levofloxacin (hemihydrate) - 500mg,500mg,"Tablet, film coated",141103,https://www.moph.gov.lb/en/Drugs/view/3031
5572,S01CA02,LOXTRA,G,"Prednisolone acetate - 2mg/ml, Tetrahydrozoline HCl - 0.4mg/ml, Ofloxacin - 3mg/ml",,Drops suspension,423310,https://www.moph.gov.lb/en/Drugs/view/5572
5011,N06AX21,LOXYT 30,G,Duloxetine HCl - 30mg,30mg,"Capsule, delayed release",716716,https://www.moph.gov.lb/en/Drugs/view/5011
5008,N06AX21,LOXYT 60,G,Duloxetine HCl - 60mg,60mg,"Capsule, delayed release",716716,https://www.moph.gov.lb/en/Drugs/view/5008
49,A02BC01,LOZICARE,G,Omeprazole - 40mg,40mg,Injectable powder for solution,12446972,https://www.moph.gov.lb/en/Drugs/view/49
78,A02BC03,LPZ-30,G,Lansoprazole - 30mg,30mg,"Capsule, delayed release",360150,https://www.moph.gov.lb/en/Drugs/view/78
994,B05BB01,LR,G,"Sodium lactate - 0.3g/100ml, Calcium chloride, 2H2O - 0.02g/100ml, Potassium chloride - 0.03g/100ml, Sodium chloride - 0.598g/100ml",,Injectable solution,234862,https://www.moph.gov.lb/en/Drugs/view/994
995,B05BB01,LR,G,"Sodium lactate - 0.31g/100ml, Calcium chloride, 2H2O - 0.02g/100ml, Potassium chloride - 0.03g/100ml, Sodium chloride - 0.598g/100ml",,Injectable solution,218681,https://www.moph.gov.lb/en/Drugs/view/995
5643,S01XA20,LUBRI-TEARS,G,Carmellose sodium - 2mg,,Drops solution,792867,https://www.moph.gov.lb/en/Drugs/view/5643
5634,S01LA04,LUCENTIS,BioTech,Ranibizumab - 10mg/ml,10mg/ml,Injectable solution,51255093,https://www.moph.gov.lb/en/Drugs/view/5634
5870,S01LA04,LUCENTIS,BioTech,Ranibizumab - 10mg/ml,10mg/ml,Injectable solution,,https://www.moph.gov.lb/en/Drugs/view/5870
4921,N06AA21,LUDIOMIL,B,Maprotiline - 10mg,10mg,"Tablet, sugar coated",867738,https://www.moph.gov.lb/en/Drugs/view/4921
72,A02BC02,LUGANOR,G,Pantoprazole - 40mg,40mg,Injectable lyophilised powder for solution,463050,https://www.moph.gov.lb/en/Drugs/view/72
73,A02BC02,LUGANOR,G,Pantoprazole - 40mg,40mg,Injectable lyophilised powder for solution,4146714,https://www.moph.gov.lb/en/Drugs/view/73
5325,R03DC03,LUKAST,G,Montelukast (sodium) - 5mg,5mg,"Tablet, chewable",783460,https://www.moph.gov.lb/en/Drugs/view/5325
5334,R03DC03,LUKAST,G,Montelukast (sodium) - 10mg,10mg,"Tablet, film coated",802274,https://www.moph.gov.lb/en/Drugs/view/5334
5342,R03DC03,LUKAST,G,Montelukast (sodium) - 4mg,4mg,"Tablet, chewable",783460,https://www.moph.gov.lb/en/Drugs/view/5342
5580,S01EA05,LUMIFY,B,Brimonidine tartrate - 0.025%,,Drops solution,1888099,https://www.moph.gov.lb/en/Drugs/view/5580
5607,S01EE03,LUMIGAN,B,Bimatoprost - 0.1mg/ml,0.1mg/ml,Drops solution,740457,https://www.moph.gov.lb/en/Drugs/view/5607
5608,S01EE03,LUMIGAN,B,Bimatoprost - 0.1mg/ml,0.1mg/ml,Drops solution,740457,https://www.moph.gov.lb/en/Drugs/view/5608
4261,M03BA03,LUMIRELAX,B,Methocarbamol - 500mg,500mg,Tablet,667890,https://www.moph.gov.lb/en/Drugs/view/4261
4753,N05AE05,LURABIL,G,Lurasidone - 20mg,20mg,"Tablet, film coated",2535831,https://www.moph.gov.lb/en/Drugs/view/4753
4755,N05AE05,LURABIL,G,Lurasidone - 40mg,40mg,"Tablet, film coated",2535831,https://www.moph.gov.lb/en/Drugs/view/4755
4757,N05AE05,LURABIL,G,Lurasidone - 80mg,80mg,"Tablet, film coated",2535831,https://www.moph.gov.lb/en/Drugs/view/4757
1575,C08CA08,LUSOPRESS,B,Nitrendipine - 20mg,20mg,"Tablet, scored",757927,https://www.moph.gov.lb/en/Drugs/view/1575
1555,C08CA01,LUSTRA,G,Amlodipine - 5mg,5mg,Tablet,485127,https://www.moph.gov.lb/en/Drugs/view/1555
3752,L01XK01,LYNPARZA,B,Olaparib - 100mg,100mg,"Tablet, film coated",230789350,https://www.moph.gov.lb/en/Drugs/view/3752
3753,L01XK01,LYNPARZA,B,Olaparib - 150mg,150mg,"Tablet, film coated",230789350,https://www.moph.gov.lb/en/Drugs/view/3753
5833,L01XK01,LYNPARZA,B,Olaparib - 150mg,150mg,"Tablet, film coated",,https://www.moph.gov.lb/en/Drugs/view/5833
4546,N02BF02,LYRICA,B,Pregabalin - 150mg,150mg,Capsule,3041116,https://www.moph.gov.lb/en/Drugs/view/4546
4547,N02BF02,LYRICA,B,Pregabalin - 150mg,150mg,Capsule,3041116,https://www.moph.gov.lb/en/Drugs/view/4547
4554,N02BF02,LYRICA,B,Pregabalin - 75mg,75mg,Capsule,598010,https://www.moph.gov.lb/en/Drugs/view/4554
4555,N02BF02,LYRICA,B,Pregabalin - 75mg,75mg,Capsule,2131334,https://www.moph.gov.lb/en/Drugs/view/4555
4556,N02BF02,LYRICA,B,Pregabalin - 75mg,75mg,Capsule,598010,https://www.moph.gov.lb/en/Drugs/view/4556
5016,N06AX26,LYTIOX,G,Vortioxetine - 5mg,5mg,"Tablet, film coated",1270379,https://www.moph.gov.lb/en/Drugs/view/5016
5018,N06AX26,LYTIOX,G,Vortioxetine - 10mg,10mg,"Tablet, film coated",2064142,https://www.moph.gov.lb/en/Drugs/view/5018
5020,N06AX26,LYTIOX,G,Vortioxetine - 20mg,20mg,"Tablet, film coated",3290622,https://www.moph.gov.lb/en/Drugs/view/5020
3880,L04AA27,LYXIA,G,Fingolimod Hydrochloride - 0.5mg,0.5mg,"Capsule, hard",32406715,https://www.moph.gov.lb/en/Drugs/view/3880
3884,L04AA27,LYXIA,G,Fingolimod Hydrochloride - 0.25mg,0.5mg,"Capsule, hard",32406715,https://www.moph.gov.lb/en/Drugs/view/3884
3289,J07BD52,"M-M-R II (MEASLES, MUMPS AND RUBELLA VIRUS VACCINE LIVE)",B,"Rubella virus live attenuated - , Mumps virus live attenuated - , Measles virus live attenuated -",,Injectable solution+diluent,12924401,https://www.moph.gov.lb/en/Drugs/view/3289
8,A02AF02,MAALOX PLUS,B,"Dimethicone - 25mg, Aluminium hydroxide - 200mg, Magnesium hydroxide - 200mg",,"Tablet, chewable",166636,https://www.moph.gov.lb/en/Drugs/view/8
10,A02AF02,MAALOX PLUS,B,"Simethicone - 25mg/5ml, Aluminium hydroxide - 175mg/5ml, Magnesium hydroxide - 200mg/5ml",,Suspension,438093,https://www.moph.gov.lb/en/Drugs/view/10
3625,L01FA01,MABIXEN 100,BioTech,Rituximab - 100mg/10ml,100mg/10ml,Injectable concentrate for solution,22183393,https://www.moph.gov.lb/en/Drugs/view/3625
3626,L01FA01,MABIXEN 100,BioTech,Rituximab - 100mg/10ml,100mg/10ml,Injectable concentrate for solution,11091696,https://www.moph.gov.lb/en/Drugs/view/3626
3633,L01FA01,MABIXEN 500,BioTech,Rituximab - 500mg/50ml,500mg/50ml,Injectable concentrate for solution,136761210,https://www.moph.gov.lb/en/Drugs/view/3633
3634,L01FA01,MABIXEN 500,BioTech,Rituximab - 500mg/50ml,500mg/50ml,Injectable concentrate for solution,74718320,https://www.moph.gov.lb/en/Drugs/view/3634
4429,N02AX02,MABRON,G,Tramadol HCl - 100mg/2ml,100mg/2ml,Injectable solution,146479,https://www.moph.gov.lb/en/Drugs/view/4429
3627,L01FA01,MABTHERA,BioTech,Rituximab - 100mg/10ml,100mg/10ml,Injectable concentrated solution,35722424,https://www.moph.gov.lb/en/Drugs/view/3627
3635,L01FA01,MABTHERA,BioTech,Rituximab - 500mg/50ml,500mg/50ml,Injectable concentrated solution,80211932,https://www.moph.gov.lb/en/Drugs/view/3635
3650,L01FD01,MABTIN 440,BioTech,Trastuzumab (r-DNA origin) - 440mg,440mg,Injectable powder for solution,70042700,https://www.moph.gov.lb/en/Drugs/view/3650
5961,L01FD01,MABTIN 440,BioTech,Trastuzumab (r-DNA origin) - 440mg,440mg,Injectable powder for solution,,https://www.moph.gov.lb/en/Drugs/view/5961
1372,C02KX04,MACIVIA,G,Macitentan - 10mg,10mg,"Tablet, film coated",107186714,https://www.moph.gov.lb/en/Drugs/view/1372
4316,M05BA07,MADRONATE,G,Risedronate sodium - 35mg,35mg,"Tablet, film coated",724907,https://www.moph.gov.lb/en/Drugs/view/4316
2829,J01DD08,MAGNACEF,G,Cefixime (trihydrate) - 100mg/5ml,100mg/5ml,Powder for suspension,349399,https://www.moph.gov.lb/en/Drugs/view/2829
2835,J01DD08,MAGNACEF,G,Cefixime (trihydrate) - 100mg/5ml,100mg/5ml,Powder for suspension,700142,https://www.moph.gov.lb/en/Drugs/view/2835
2851,J01DD08,MAGNACEF 400,G,Cefixime - 400mg,400mg,Capsule,1232304,https://www.moph.gov.lb/en/Drugs/view/2851
701,A12CC,MAGNE B6,B,"Pyridoxine HCl - 5mg, Magnesium lactate dihydrate - 470mg",,"Tablet, coated",365525,https://www.moph.gov.lb/en/Drugs/view/701
702,A12CC,MAGNE B6,B,"Pyridoxine HCl - 5mg, Magnesium lactate dihydrate - 470mg",,"Tablet, coated",365525,https://www.moph.gov.lb/en/Drugs/view/702
1266,B05XA05,MAGNESIUM SULFATE,G,"Magnesium sulfate, 7H2O - 15g/100ml",15g/100ml,Injectable solution,756160,https://www.moph.gov.lb/en/Drugs/view/1266
1269,B05XA05,MAGNESIUM SULFATE,G,"Magnesium sulfate, 7H2O - 50g/100ml",50g/100ml,Injectable solution,897510,https://www.moph.gov.lb/en/Drugs/view/1269
1270,B05XA05,MAGNESIUM SULFATE,G,"Magnesium sulfate, 7H2O - 10g/100ml",10g/100ml,Injectable solution,5040303,https://www.moph.gov.lb/en/Drugs/view/1270
4497,N02BE01,MAKOACHE,G,Paracetamol - 1000mg/100ml,10mg/ml,Injectable solution,1403867,https://www.moph.gov.lb/en/Drugs/view/4497
914,B03AD04,MALTOFER,B,Iron trivalent (hydroxide polymaltose) - 10mg/ml,50mg/5ml,Syrup,589947,https://www.moph.gov.lb/en/Drugs/view/914
915,B03AD04,MALTOFER,B,Iron trivalent (hydroxide polymaltose) - 10mg/ml,50mg/5ml,Syrup,589947,https://www.moph.gov.lb/en/Drugs/view/915
916,B03AD04,MALTOFER,B,Iron trivalent (hydroxide polymaltose) - 50mg/ml,50mg/ml,Drops solution,649076,https://www.moph.gov.lb/en/Drugs/view/916
917,B03AD04,MALTOFER,B,Iron trivalent (hydroxide polymaltose) - 50mg/ml,50mg/ml,Drops solution,649076,https://www.moph.gov.lb/en/Drugs/view/917
908,B03AD,MALTOFER FOL,B,"Folic acid - 0.35mg, Iron trivalent (hydroxide polymaltose) - 100mg",,"Tablet, chewable",854684,https://www.moph.gov.lb/en/Drugs/view/908
4820,N05AN01,MANICARB SR-400,G,Lithium carbonate - 400mg,400mg,"Tablet, prolonged release",1431192,https://www.moph.gov.lb/en/Drugs/view/4820
1071,B05BC01,MANNITOL,G,Mannitol - 20g/100ml,20g/100ml,Injectable solution,406810,https://www.moph.gov.lb/en/Drugs/view/1071
1072,B05BC01,MANNITOL,G,Mannitol - 20g/100ml,20g/100ml,Injectable solution,579064,https://www.moph.gov.lb/en/Drugs/view/1072
1073,B05BC01,MANNITOL,G,Mannitol - 20g/100ml,20g/100ml,Injectable solution,613662,https://www.moph.gov.lb/en/Drugs/view/1073
1082,B05BC01,MANNITOL,G,Mannitol - 10g/100ml,10g/100ml,Injectable solution,329815,https://www.moph.gov.lb/en/Drugs/view/1082
1083,B05BC01,MANNITOL,G,Mannitol - 10g/100ml,10g/100ml,Injectable solution,494147,https://www.moph.gov.lb/en/Drugs/view/1083
1084,B05BC01,MANNITOL 10% USP INJECTION,G,Mannitol - 10%,10%,Injectable solution,430943,https://www.moph.gov.lb/en/Drugs/view/1084
1085,B05BC01,MANNITOL 10% USP INJECTION,G,Mannitol - 10%,10%,Injectable solution,326367,https://www.moph.gov.lb/en/Drugs/view/1085
1074,B05BC01,MANNITOL 20% INJECTION USP,G,Mannitol - 20%,20%,Injectable solution,374633,https://www.moph.gov.lb/en/Drugs/view/1074
1075,B05BC01,MANNITOL 20% INJECTION USP,G,Mannitol - 20%,20%,Injectable solution,613662,https://www.moph.gov.lb/en/Drugs/view/1075
1076,B05BC01,MANNITOL 20% INJECTION USP,G,Mannitol - 20%,20%,Injectable solution,401064,https://www.moph.gov.lb/en/Drugs/view/1076
1077,B05BC01,"MANNITOL 20% INJECTION, USP",G,Mannitol - 20g/100ml,20g/100ml,Injectable solution,402213,https://www.moph.gov.lb/en/Drugs/view/1077
1078,B05BC01,"MANNITOL 20% INJECTION, USP",G,Mannitol - 20g/100ml,20g/100ml,Injectable solution,402213,https://www.moph.gov.lb/en/Drugs/view/1078
4050,L04AX07,MAROVAREX,G,Dimethyl Fumarate - 120mg,120mg,"Capsule, hard, gastro-resistant",9838676,https://www.moph.gov.lb/en/Drugs/view/4050
4052,L04AX07,MAROVAREX,G,Dimethyl Fumarate - 240mg,,"Capsule, hard, gastro-resistant",60848734,https://www.moph.gov.lb/en/Drugs/view/4052
2326,G03AA09,MARVELON,B,"Ethinylestradiol - 0.03mg, Desogestrel - 0.15mg",,Tablet,319835,https://www.moph.gov.lb/en/Drugs/view/2326
4306,M05BA04,MARVIL 70,G,Alendronate (monosodium trihydrate) - 70mg,70mg,"Tablet, coated",1173175,https://www.moph.gov.lb/en/Drugs/view/4306
3032,J01MA12,MATADOR,G,Levofloxacin - 500mg,500mg,"Tablet, film coated",787492,https://www.moph.gov.lb/en/Drugs/view/3032
3041,J01MA12,MATADOR,G,Levofloxacin - 750mg,750mg,"Tablet, film coated",1126140,https://www.moph.gov.lb/en/Drugs/view/3041
3410,L01BC07,MATURUS,G,Azacitidine - 100mg,100mg,Injectable lyophilised powder,9401575,https://www.moph.gov.lb/en/Drugs/view/3410
3368,L01BB04,MAVENCLAD,B,Cladribine - 10mg,10mg,Tablet,200244812,https://www.moph.gov.lb/en/Drugs/view/3368
5846,L01BB04,MAVENCLAD,B,Cladribine - 10mg,10mg,Tablet,,https://www.moph.gov.lb/en/Drugs/view/5846
703,A12CC,MAVIT,G,"Magnesium - 100mg, Pyridoxine HCl - 10mg",,Tablet,654003,https://www.moph.gov.lb/en/Drugs/view/703
4584,N02CC04,MAXALT,B,Rizatriptan (benzoate) - 10mg,,Tablet,439436,https://www.moph.gov.lb/en/Drugs/view/4584
630,A11CC05,MAXI-D 10.000,G,"Vitamin D3 - 10,000IU","10,000IU",Capsule,895895,https://www.moph.gov.lb/en/Drugs/view/630
4527,N02BE51,MAXIFEN,G,"Paracetamol - 325mg, Ibuprofen - 400mg",,"Tablet, scored",225254,https://www.moph.gov.lb/en/Drugs/view/4527
2757,J01DC02,MAXIL 750,G,Cefuroxime - 750mg,750mg,Injectable dry powder,159917,https://www.moph.gov.lb/en/Drugs/view/2757
5225,R02A,MAXILASE MAUX DE GORGE,B,Alpha-Amylase - 200U.CEIP/ml,200U.CEIP/ml,Syrup,342680,https://www.moph.gov.lb/en/Drugs/view/5225
3909,L04AA42,MAYZENT,B,Siponimod - 0.25mg,0.25mg,"Tablet, film coated",13899020,https://www.moph.gov.lb/en/Drugs/view/3909
3910,L04AA42,MAYZENT,B,Siponimod - 0.25mg,0.25mg,"Tablet, film coated",108114165,https://www.moph.gov.lb/en/Drugs/view/3910
3911,L04AA42,MAYZENT,B,Siponimod - 2mg,2mg,"Tablet, film coated",111617218,https://www.moph.gov.lb/en/Drugs/view/3911
3290,J07BD52,"MEASLES, MUMPS AND RUBELLA VACCINE LIVE ATTENUATED (FREEZE-DRIED) MMR",G,"Rubella virus live attenuated - ?1000CCID50 /0.5ml, Mumps virus live attenuated - ?5000CCID50 /0.5ml, Measles virus live attenuated - ?1000CCID50 /0.5ml",,Injectable freeze dried powder + diluent,739113,https://www.moph.gov.lb/en/Drugs/view/3290
2063,D03AX,MEBO,B,?-sitosterol - 0.25%,0.25%,Ointment,760615,https://www.moph.gov.lb/en/Drugs/view/2063
2217,D10AF02,MED-ERYTHROMYCIN 4%,G,Erythromycin - 40mg/ml,4%,Solution,235492,https://www.moph.gov.lb/en/Drugs/view/2217
927,B03BB01,MED-FOLIC ACID,G,Folic acid - 5mg,5mg,"Tablet, scored",355798,https://www.moph.gov.lb/en/Drugs/view/927
667,A11DB,MED-PRINCO-B FORT,G,"Vitamin B12 - 200mcg, Vitamin  B6 - 200mg, Vitamin B1 - 100mg",,"Tablet, coated",386515,https://www.moph.gov.lb/en/Drugs/view/667
2213,D10AF01,MEDACIN T,G,Clindamycin (phosphate) - 10mg/ml,10mg/ml,Solution,314459,https://www.moph.gov.lb/en/Drugs/view/2213
2789,J01DD04,MEDAXONUM,G,"Ceftriaxone (disodium) (Vial) - 500mg, Lidocaine (ampoule) -",500mg,Injectable powder for solution+diluent,307740,https://www.moph.gov.lb/en/Drugs/view/2789
2813,J01DD04,MEDAXONUM,G,Ceftriaxone (disodium) - 1g,1g,Injectable powder for solution+diluent,438093,https://www.moph.gov.lb/en/Drugs/view/2813
2814,J01DD04,MEDAXONUM,G,Ceftriaxone (disodium) - 1g,1g,Injectable powder for solution,15482229,https://www.moph.gov.lb/en/Drugs/view/2814
2206,D10AD51,MEDCLINIDERM-T,G,"Tretinoin - 0.025%, Clindamycin (phosphate) - 1%",,Gel,801186,https://www.moph.gov.lb/en/Drugs/view/2206
2208,D10AD51,MEDCLINIDERM-T,G,"Tretinoin - 0.05%, Clindamycin (phosphate) - 1%",,Gel,890776,https://www.moph.gov.lb/en/Drugs/view/2208
4379,N01BB53,MEDICAINE 2% WITH ADRENALINE,G,"Mepivacaine HCl - 36mg/1.8ml, Epinephrine (tartrate) - 0.032mg/1.8ml",,Injectable solution,1652926,https://www.moph.gov.lb/en/Drugs/view/4379
4374,N01BB03,MEDICAINE 3% SANS VASOCONSTRICTEUR,G,Mepivacaine HCl - 3%,3%,Injectable solution,954128,https://www.moph.gov.lb/en/Drugs/view/4374
2714,J01CR02,MEDIMOX-CV,G,"Amoxicillin - 875mg, Clavulanic Acid - 125mg",,Tablet,430030,https://www.moph.gov.lb/en/Drugs/view/2714
4968,N06AB10,MEDIPREX,G,Escitalopram - 10mg,10mg,"Tablet, film coated",456906,https://www.moph.gov.lb/en/Drugs/view/4968
292,A07AA02,MEDISTAN,G,"Nystatin - 500,000IU","500,000IU",Capsule,417231,https://www.moph.gov.lb/en/Drugs/view/292
293,A07AA02,MEDISTAN,G,"Nystatin - 500,000IU/5ml","500,000IU/5ml",Suspension,415951,https://www.moph.gov.lb/en/Drugs/view/293
294,A07AA02,MEDISTAN,G,Nystatin - 200.000IU,200.000IU,Lozenge,418511,https://www.moph.gov.lb/en/Drugs/view/294
32,A02BC01,MEDIZOLE GP,G,Omeprazole - 20mg,20mg,"Capsule, hard, gastro-resistant",503941,https://www.moph.gov.lb/en/Drugs/view/32
3057,J01RA,MEDSPIRAGYL,G,"Metronidazole - 125mg, Spiramycin - 750,000IU",,"Tablet, scored",474824,https://www.moph.gov.lb/en/Drugs/view/3057
4922,N06AA21,MEFIDIOMIL,B,Maprotiline - 25mg,25mg,"Tablet, sugar coated",909973,https://www.moph.gov.lb/en/Drugs/view/4922
4923,N06AA21,MEFIDIOMIL,B,Maprotiline - 75mg,75mg,"Tablet, sugar coated",958608,https://www.moph.gov.lb/en/Drugs/view/4923
2689,J01CR02,MEGAMOX-JPI,G,"Amoxicillin (trihydrate) - 400mg/5ml, Clavulanic Acid (potassium) - 57mg/5ml",457mg/5ml,Suspension,435405,https://www.moph.gov.lb/en/Drugs/view/2689
2703,J01CR02,MEGAMOX-JPI,G,"Amoxicillin (trihydrate) - 500mg, Clavulanic Acid (potassium) - 125mg",625mg,Tablet,245923,https://www.moph.gov.lb/en/Drugs/view/2703
2715,J01CR02,MEGAMOX-JPI,G,"Amoxicillin (trihydrate) - 875mg, Clavulanic Acid (potassium) - 125mg",1g,Tablet,456906,https://www.moph.gov.lb/en/Drugs/view/2715
2697,J01CR02,MEGAMOX-JPI ES,G,"Amoxicillin (trihydrate) - 600mg/5ml, Clavulanic Acid (potassium) - 42.9mg/5ml",600mg,Powder for suspension,507972,https://www.moph.gov.lb/en/Drugs/view/2697
656,A11CC05,MEGAVIT-D 25,G,Vitamin D3 - 25000IU,25000IU,Capsule,1130108,https://www.moph.gov.lb/en/Drugs/view/656
657,A11CC05,MEGAVIT-D 25,G,Vitamin D3 - 25000IU,25000IU,Capsule,2147588,https://www.moph.gov.lb/en/Drugs/view/657
643,A11CC05,MEGAVIT-D 50,G,Vitamin D3 - 50000IU,50000IU,Capsule,1940253,https://www.moph.gov.lb/en/Drugs/view/643
644,A11CC05,MEGAVIT-D 50,G,Vitamin D3 - 50000IU,50000IU,Capsule,3687248,https://www.moph.gov.lb/en/Drugs/view/644
2790,J01DD04,MEGION-A,G,"Ceftriaxone - 0.5g/2ml, Lidocaine (ampoule) -",0.5g/2ml,Injectable powder + solvent,355840,https://www.moph.gov.lb/en/Drugs/view/2790
2815,J01DD04,MEGION-A,G,"Ceftriaxone - 1g/3.5ml, Lidocaine (ampoule) -",1g/3.5ml,Injectable powder + solvent,623468,https://www.moph.gov.lb/en/Drugs/view/2815
3153,J02AX05,MEGMENTO,G,Micafungin (sodium) - 50mg,50mg,Injectable powder for solution,9530364,https://www.moph.gov.lb/en/Drugs/view/3153
3154,J02AX05,MEGMENTO,G,Micafungin (sodium) - 100mg,100mg,Injectable powder for solution,17158569,https://www.moph.gov.lb/en/Drugs/view/3154
3552,L01EE03,MEKTOVI,BioTech,Binimetinib - 15mg,15mg,"Tablet, film coated",257694409,https://www.moph.gov.lb/en/Drugs/view/3552
5966,L01EE03,MEKTOVI,BioTech,Binimetinib - 15mg,15mg,"Tablet, film coated",,https://www.moph.gov.lb/en/Drugs/view/5966
4908,N05CH01,MELATONINE ARROW LP,G,Melatonin - 2mg,2mg,"Tablet, prolonged release",1716087,https://www.moph.gov.lb/en/Drugs/view/4908
5048,N06CA02,MELIXITE,G,"Flupentixol (dihydrochloride) - 0.5mg, Melitracen (HCl) - 10mg",,"Tablet, film coated",600250,https://www.moph.gov.lb/en/Drugs/view/5048
5083,N06DX01,MEMANTINE ARROW LAB,G,Memantine HCl - 10mg,10mg,"Tablet, film coated, scored",1404315,https://www.moph.gov.lb/en/Drugs/view/5083
5087,N06DX01,MEMANTINE ARROW LAB,G,Memantine HCl - 20mg,20mg,"Tablet, film coated",1342499,https://www.moph.gov.lb/en/Drugs/view/5087
5084,N06DX01,MEMANTINE BIOGARAN,G,Memantine HCl - 10mg,10mg,"Tablet, coated, scored",2410853,https://www.moph.gov.lb/en/Drugs/view/5084
5088,N06DX01,MEMANTINE BIOGARAN,G,Memantine HCl - 20mg,20mg,"Tablet, coated",2410853,https://www.moph.gov.lb/en/Drugs/view/5088
5085,N06DX01,MEMORA,G,Memantine HCl - 10mg,10mg,"Tablet, film coated",849820,https://www.moph.gov.lb/en/Drugs/view/5085
5089,N06DX01,MEMORA,G,Memantine HCl - 20mg,20mg,"Tablet, film coated",1593413,https://www.moph.gov.lb/en/Drugs/view/5089
3258,J07AH08,MENACTRA MENINGOCOCCAL POLYSACCHARIDE DIPHTERIA TOXOID CONJUGATE VACCINE,B,"Meningococcal Polysaccharides (serogroups A, C, Y and W-135) - 4mcg/0.5ml each, Diphteria Toxoid Protein - 48mcg/0.5ml",,Injectable solution,6144048,https://www.moph.gov.lb/en/Drugs/view/3258
3257,J07AH,MENFIVE,G,"Meningococcal (serogroups A, C, Y, W, X) Polysaccharide conjugate vaccine -",,Injectable freeze dried powder + diluent,3527587,https://www.moph.gov.lb/en/Drugs/view/3257
2376,G03GA02,MENO-CLAIR HP-HMG,BioHuman,"Human Menopausal Gonadotrophin, Highly purified - 75IU",75IU,Injectable powder for solution + solution,1045509,https://www.moph.gov.lb/en/Drugs/view/2376
2382,G03GA02,MENO-CLAIR HP-HMG,BioHuman,"Human Menopausal Gonadotrophin, Highly purified - 150IU",150IU,Injectable powder for solution + solution,2005013,https://www.moph.gov.lb/en/Drugs/view/2382
2377,G03GA02,MENOPUR,BioHuman,Menotropin - 75IU,75IU,Injectable concentrated powder for solution+diluent,16864077,https://www.moph.gov.lb/en/Drugs/view/2377
2380,G03GA02,MENOPUR,BioHuman,"Menotropin - 1,200IU","1,200IU",Injectable powder for solution+diluent,27815659,https://www.moph.gov.lb/en/Drugs/view/2380
2381,G03GA02,MENOPUR,BioHuman,Menotropin - 600IU,600IU,Injectable powder for solution+diluent,13907829,https://www.moph.gov.lb/en/Drugs/view/2381
3260,J07AH08,MENQUADFI,G,"Meningococcal (serogroups A, C, W and Y) conjugate vaccine -",,Injectable solution,4859334,https://www.moph.gov.lb/en/Drugs/view/3260
5435,R06AA52,MENTEX,G,"Diphenhydramine HCl - 12.5mg/5ml, Dextrometorphan HBr - 15mg/5ml, Pseudoephedrine HCl - 30mg/5ml",,Syrup,323866,https://www.moph.gov.lb/en/Drugs/view/5435
2089,D06AA04,MEPHICYCLINE DERMIQUE,G,Tetracycline HCl - 3%,3%,Ointment,145903,https://www.moph.gov.lb/en/Drugs/view/2089
184,A03E,MEPHIGASTRYL,G,"Belladone powder - 0.005g, Magnesium hydroxide - 0.1g, Meprobamate - 0.1g, Prochlorperazine maleate - 0.01g",,Capsule,296925,https://www.moph.gov.lb/en/Drugs/view/184
4436,N02AX05,MEPTID,G,Meptazinol - 100mg/ml,100mg/ml,Injectable solution,3495334,https://www.moph.gov.lb/en/Drugs/view/4436
2378,G03GA02,MERIONAL HG,BioHuman,Menotropin - 75IU,75IU,Injectable powder + solvent,18248441,https://www.moph.gov.lb/en/Drugs/view/2378
2379,G03GA02,MERIONAL HG,BioHuman,Menotropin - 75IU,75IU,Injectable powder + solvent,1946184,https://www.moph.gov.lb/en/Drugs/view/2379
2383,G03GA02,MERIONAL HG,BioHuman,Menotropin - 150IU,150IU,Injectable powder + solvent,36496883,https://www.moph.gov.lb/en/Drugs/view/2383
2384,G03GA02,MERIONAL HG,BioHuman,Menotropin - 900IU,900IU,Injectable powder + solvent,25830983,https://www.moph.gov.lb/en/Drugs/view/2384
2895,J01DH02,MERO CARE,G,Meropenem - 1g,1g,Injectable powder for solution,643701,https://www.moph.gov.lb/en/Drugs/view/2895
2897,J01DH02,MERO-ORBUCELL,G,Meropenem (trihydrate) - 1g,1g,Injectable powder for solution,7755818,https://www.moph.gov.lb/en/Drugs/view/2897
2896,J01DH02,MEROLIN,G,Meropenem (trihydrate) - 1g,1g,Injectable powder for solution,2402668,https://www.moph.gov.lb/en/Drugs/view/2896
2883,J01DH02,MERONEM,B,Meropenem (trihydrate) - 500mg,500mg,Injectable powder for solution,10398061,https://www.moph.gov.lb/en/Drugs/view/2883
2889,J01DH02,MERONEM,B,Meropenem (trihydrate) - 1g,1g,Injectable powder for solution,10398061,https://www.moph.gov.lb/en/Drugs/view/2889
2898,J01DH02,MEROPENEM LABATEC,G,Meropenem (trihydrate) - 1g,1g,Injectable powder for solution,7278513,https://www.moph.gov.lb/en/Drugs/view/2898
2899,J01DH02,MEROPENEM MEDIS,G,Meropenem (trihydrate) - 1g,1g,Injectable powder for solution,6443725,https://www.moph.gov.lb/en/Drugs/view/2899
2900,J01DH02,MEROPENEM PANPHARMA,G,Meropenem (trihydrate) - 1g,1g,Injectable powder for solution,7278513,https://www.moph.gov.lb/en/Drugs/view/2900
2901,J01DH02,MEROPENEM/ ANFARM,G,Meropenem (trihydrate) - 1g,1g,Injectable powder for solution,6443725,https://www.moph.gov.lb/en/Drugs/view/2901
2902,J01DH02,MEROZAN,G,Meropenem - 1g,1g,Injectable powder for solution,6443725,https://www.moph.gov.lb/en/Drugs/view/2902
2816,J01DD04,MESPORIN-1000 IM,G,Ceftriaxone (sodium) - 1g,"1,000mg",Injectable powder for solution+diluent,417935,https://www.moph.gov.lb/en/Drugs/view/2816
2817,J01DD04,MESPORIN-1000 IV,G,Ceftriaxone (sodium) - 1g,"1,000mg",Injectable powder for solution+diluent,417935,https://www.moph.gov.lb/en/Drugs/view/2817
5092,N07AA02,MESTINON,B,Pyridostigmine bromide - 60mg,60mg,"Tablet, sugar coated",3090838,https://www.moph.gov.lb/en/Drugs/view/5092
416,A10BA02,MET-FORTE,G,Metformin HCl - 850mg,850mg,Tablet,355798,https://www.moph.gov.lb/en/Drugs/view/416
801,B01AD11,METALYSE,BioTech,"Tenecteplase - 10,000IU","10,000IU",Injectable powder for solution+diluent,77816093,https://www.moph.gov.lb/en/Drugs/view/801
112,A02BC05,METAPRO,G,Esomeprazole - 40mg,40mg,"Tablet, gastroresistant",639669,https://www.moph.gov.lb/en/Drugs/view/112
2144,D07AC13,METASONE,G,Mometasone furoate - 0.1%,0.1%,Cream,335321,https://www.moph.gov.lb/en/Drugs/view/2144
2149,D07AC13,METASONE,G,Mometasone furoate - 0.1%,0.1%,Lotion,239332,https://www.moph.gov.lb/en/Drugs/view/2149
5206,R01AD09,METASONE,G,Mometasone furoate - 50mcg/actuation,50mcg/actuation,Spray,419791,https://www.moph.gov.lb/en/Drugs/view/5206
5220,R01AX,METASONE-D,G,"Mometasone furoate - 50mcg/actuation, Oxymetazoline HCl - 25mcg/actuation",,Spray,534977,https://www.moph.gov.lb/en/Drugs/view/5220
5207,R01AD09,METASPRAY,G,Mometasone furoate (monohydrate) - 50mcg/dose,50mcg/dose,"Spray, suspension",349399,https://www.moph.gov.lb/en/Drugs/view/5207
158,A03AX58,METEOSPASMYL,B,"Alverine citrate - 60mg, Simethicone - 300mg",,Capsule,474376,https://www.moph.gov.lb/en/Drugs/view/158
433,A10BA02,METFORKEY,G,Metformin HCl - 1.000mg,1.000mg,"Tablet, extended release",374932,https://www.moph.gov.lb/en/Drugs/view/433
437,A10BA02,METFORKEY,G,Metformin HCl - 850mg,850mg,"Tablet, extended release",357462,https://www.moph.gov.lb/en/Drugs/view/437
399,A10BA02,METFORMINE ARROW LAB,G,Metformin - 500mg,500mg,"Tablet, film coated",193513,https://www.moph.gov.lb/en/Drugs/view/399
400,A10BA02,METFORMINE ARROW LAB,G,Metformin - 500mg,500mg,"Tablet, film coated",560382,https://www.moph.gov.lb/en/Drugs/view/400
401,A10BA02,METFORMINE ARROW LAB,G,Metformin - 500mg,500mg,"Tablet, film coated",193513,https://www.moph.gov.lb/en/Drugs/view/401
413,A10BA02,METFORMINE ARROW LAB,G,Metformin - 850mg,850mg,"Tablet, film coated",237860,https://www.moph.gov.lb/en/Drugs/view/413
414,A10BA02,METFORMINE ARROW LAB,G,Metformin - 850mg,850mg,"Tablet, film coated",689391,https://www.moph.gov.lb/en/Drugs/view/414
415,A10BA02,METFORMINE ARROW LAB,G,Metformin - 850mg,850mg,"Tablet, film coated",237860,https://www.moph.gov.lb/en/Drugs/view/415
422,A10BA02,METFORMINE ARROW LAB,G,Metformin - 1000mg,1000mg,"Tablet, film coated, scored",237860,https://www.moph.gov.lb/en/Drugs/view/422
423,A10BA02,METFORMINE ARROW LAB,G,Metformin - 1000mg,1000mg,"Tablet, film coated, scored",689391,https://www.moph.gov.lb/en/Drugs/view/423
424,A10BA02,METFORMINE ARROW LAB,G,Metformin - 1000mg,1000mg,"Tablet, film coated, scored",237860,https://www.moph.gov.lb/en/Drugs/view/424
4265,M03BA53,METHOFEN PLATINUM,G,"Ibuprofen - 200mg, Methocarbamol - 500mg",,Tablet,668082,https://www.moph.gov.lb/en/Drugs/view/4265
3346,L01BA01,METHOTREXAT EBEWE,G,Methotrexate - 500mg,500mg,Injectable solution,1842408,https://www.moph.gov.lb/en/Drugs/view/3346
2579,H02AB04,METHYL PREDNISOLONE VIATRIS 120MG,G,Methylprednisolone (hemisuccinate) - 120mg,120mg,Injectable dry powder for solution,602536,https://www.moph.gov.lb/en/Drugs/view/2579
2583,H02AB04,METHYL PREDNISOLONE VIATRIS 1G,G,Methylprednisolone (hemisuccinate) - 1g,1g,Injectable dry powder for solution,1348604,https://www.moph.gov.lb/en/Drugs/view/2583
2573,H02AB04,METHYL PREDNISOLONE VIATRIS 40MG,G,Methylprednisolone (hemisuccinate) - 40mg,40mg,Injectable dry powder for solution,258657,https://www.moph.gov.lb/en/Drugs/view/2573
2056,D02AF,METHYL SALICYLATE COMPOUND UNGUENTUM,G,"Methylsalicylate - 4.5g/30g, Menthol - 1.8g/30g",,Ointment,165101,https://www.moph.gov.lb/en/Drugs/view/2056
5090,N07AA01,METHYL SULFATE DE NEOSTIGMINE RENAUDIN,G,Neostigmine methyl sulfate - 0.5mg/ml,0.5mg/ml,Injectable solution,467657,https://www.moph.gov.lb/en/Drugs/view/5090
2574,H02AB04,METHYLPREDNISOLONE ORBUCELL INJ.,G,Methylprednisolone sodium succinate - 40mg,40mg,Injectable powder for solution,2143749,https://www.moph.gov.lb/en/Drugs/view/2574
2577,H02AB04,METHYLPREDNISOLONE ORBUCELL INJ.,G,Methylprednisolone sodium succinate - 125mg,125mg,Injectable powder for solution,5784922,https://www.moph.gov.lb/en/Drugs/view/2577
185,A03FA01,METOCLOPRAMIDE,G,Metoclopramide HCl - 10mg,10mg,Tablet,172012,https://www.moph.gov.lb/en/Drugs/view/185
188,A03FA01,METOCLOPRAMIDE S.A.L.F.,G,Metoclopramide HCl - 10mg/2ml,10mg/2ml,Injectable solution,255330,https://www.moph.gov.lb/en/Drugs/view/188
4262,M03BA03,METOFLEX,G,Methocarbamol - 750mg,750mg,Tablet,2941671,https://www.moph.gov.lb/en/Drugs/view/4262
3998,L04AX03,METOJECT,G,Methotrexate disodium - 10mg/0.2ml,10mg/0.2ml,Injectable solution,1553482,https://www.moph.gov.lb/en/Drugs/view/3998
4000,L04AX03,METOJECT,G,Methotrexate disodium - 15mg/0.3ml,15mg/0.3ml,Injectable solution,1968729,https://www.moph.gov.lb/en/Drugs/view/4000
4001,L04AX03,METOJECT,G,Methotrexate disodium - 20mg/0.4ml,20mg/0.4ml,Injectable solution,2134022,https://www.moph.gov.lb/en/Drugs/view/4001
4002,L04AX03,METOJECT,G,Methotrexate disodium - 25mg/0.5ml,25mg/0.5ml,Injectable solution,2582865,https://www.moph.gov.lb/en/Drugs/view/4002
189,A03FA01,METORAM,G,Metoclopramide HCl - 10mg/2ml,10mg/2ml,Injectable solution,421071,https://www.moph.gov.lb/en/Drugs/view/189
190,A03FA01,METORAM,G,Metoclopramide HCl - 10mg/2ml,10mg/2ml,Injectable solution,3026845,https://www.moph.gov.lb/en/Drugs/view/190
5134,P01AB01,METRIS,G,Metronidazole - 500mg/100ml,0.5%,Injectable solution,142447,https://www.moph.gov.lb/en/Drugs/view/5134
5140,P01AB01,METRO-SOLUTIONS,G,Metronidazole - 500mg/100ml,500mg/100ml,Injectable solution,166381,https://www.moph.gov.lb/en/Drugs/view/5140
5145,P01AB01,METRODAZ-UBSA,G,Metronidazole - 500mg,500mg,Tablet,325082,https://www.moph.gov.lb/en/Drugs/view/5145
5133,P01AB01,METROGYL,G,Metronidazole benzoate - 200mg/5ml,200mg/5ml,Powder for suspension,500867,https://www.moph.gov.lb/en/Drugs/view/5133
5128,P01AB01,METROLAG,G,Metronidazole benzoate - 125mg/5ml,125mg/5ml,Syrup,391634,https://www.moph.gov.lb/en/Drugs/view/5128
5146,P01AB01,METROLAG,G,Metronidazole - 500mg,500mg,Tablet,389714,https://www.moph.gov.lb/en/Drugs/view/5146
5150,P01AB01,METROLAG,G,Metronidazole - 250mg,250mg,Tablet,130353,https://www.moph.gov.lb/en/Drugs/view/5150
5129,P01AB01,METROLE,G,Metronidazole benzoate - 125mg/5ml,125mg/5ml,Syrup,391634,https://www.moph.gov.lb/en/Drugs/view/5129
5130,P01AB01,METRONIDAL,G,Metronidazole benzoate - 125mg/5ml,125mg/5ml,Syrup,391634,https://www.moph.gov.lb/en/Drugs/view/5130
5135,P01AB01,METRONIDAZOLE,G,Metronidazole - 500mg/100ml,500mg/100ml,Injectable solution,162605,https://www.moph.gov.lb/en/Drugs/view/5135
5151,P01AB01,METRONIDAZOLE,G,Metronidazole - 250mg,250mg,Tablet,6540034,https://www.moph.gov.lb/en/Drugs/view/5151
5152,P01AB01,METRONIDAZOLE 250,G,Metronidazole - 250mg,250mg,Tablet,131825,https://www.moph.gov.lb/en/Drugs/view/5152
5136,P01AB01,METRONIDAZOLE B. BRAUN,G,Metronidazole - 500mg/100ml,500mg/100ml,Injectable solution,102132,https://www.moph.gov.lb/en/Drugs/view/5136
5147,P01AB01,METRONIDAZOLE BIOGARAN,G,Metronidazole - 500mg,500mg,"Tablet, coated",216359,https://www.moph.gov.lb/en/Drugs/view/5147
5153,P01AB01,METRONIDAZOLE BIOGARAN,G,Metronidazole - 250mg,250mg,"Tablet, coated",143791,https://www.moph.gov.lb/en/Drugs/view/5153
5137,P01AB01,METRONIDAZOLE FRESENIUS,G,Metronidazole - 500mg/100ml,500mg/100ml,Injectable solution,1866597,https://www.moph.gov.lb/en/Drugs/view/5137
5138,P01AB01,METRONIDAZOLE PANPHARMA,G,Metronidazole - 500mg/100ml,500mg/100ml,Injectable solution,1624706,https://www.moph.gov.lb/en/Drugs/view/5138
5139,P01AB01,METRONOR,G,Metronidazole - 500mg/100ml,500mg/100ml,Injectable solution,5359244,https://www.moph.gov.lb/en/Drugs/view/5139
5080,N06DA52,MEXAZIL XR 14/10,G,"Memantine HCl - 14mg, Donepezil HCl - 10mg",,Capsule,3432174,https://www.moph.gov.lb/en/Drugs/view/5080
5078,N06DA52,MEXAZIL XR 28/10,G,"Memantine HCl - 28mg, Donepezil HCl - 10mg",,Capsule,4333444,https://www.moph.gov.lb/en/Drugs/view/5078
2621,H05BA01,MIACALCIC,B,Calcitonin (salmon synthetic) - 100IU/ml,100IU/ml,Injectable solution,1720118,https://www.moph.gov.lb/en/Drugs/view/2621
2622,H05BA01,MIACALCIC 200 UI/ACTUATION,B,Calcitonin (salmon synthetic) - 200IU/actuation,200IU/actuation,Solution,5399559,https://www.moph.gov.lb/en/Drugs/view/2622
2977,J01GB06,MIACIN,G,Amikacin (sulfate) - 500mg/2ml,500mg/2ml,Injectable solution,2015764,https://www.moph.gov.lb/en/Drugs/view/2977
1697,C09CA07,MICARDIS,B,Telmisartan - 40mg,40mg,Tablet,760615,https://www.moph.gov.lb/en/Drugs/view/1697
1701,C09CA07,MICARDIS,B,Telmisartan - 80mg,80mg,Tablet,998475,https://www.moph.gov.lb/en/Drugs/view/1701
1763,C09DA07,MICARDIS PLUS,B,"Telmisartan - 80mg, Hydrochlorothiazide - 12.5mg",,Tablet,1101951,https://www.moph.gov.lb/en/Drugs/view/1763
2301,G01AF20,MICOGYL,G,"Metronidazole - 500mg, Miconazole nitrate - 100mg",,Suppository,362198,https://www.moph.gov.lb/en/Drugs/view/2301
2,A01AB09,MICONAZ,G,Miconazole nitrate - 20mg/g,20mg/g,Gel,229093,https://www.moph.gov.lb/en/Drugs/view/2
2027,D01AC02,MICONAZ,G,Miconazole nitrate - 20mg/g,20mg/g,Gel,427470,https://www.moph.gov.lb/en/Drugs/view/2027
2289,G01AF02,MICOTER GYNO OVULE,G,Clotrimazole - 500mg,500mg,Pessary,447948,https://www.moph.gov.lb/en/Drugs/view/2289
3,A01AB09,MICOZOLE,G,Miconazole - 20mg/g,20mg/g,Gel,104820,https://www.moph.gov.lb/en/Drugs/view/3
2330,G03AB03,MICROGYNON  '30',B,"Ethinylestradiol - 0.03mg, Levonorgestrel - 0.15mg",,"Tablet, sugar coated",161261,https://www.moph.gov.lb/en/Drugs/view/2330
2407,G04BD06,MICTONORM,B,Propiverine HCl - 15mg,15mg,"Tablet, coated",1245742,https://www.moph.gov.lb/en/Drugs/view/2407
2410,G04BD06,MICTONORM,B,Propiverine HCl - 5mg,5mg,"Tablet, coated",1917663,https://www.moph.gov.lb/en/Drugs/view/2410
2408,G04BD06,MICTONORM XL,B,Propiverine HCl - 30mg,30mg,"Capsule, modified release",1648895,https://www.moph.gov.lb/en/Drugs/view/2408
2409,G04BD06,MICTONORM XL,B,Propiverine HCl - 45mg,45mg,"Capsule, modified release",1877348,https://www.moph.gov.lb/en/Drugs/view/2409
4901,N05CD08,MIDAZOLAM PANPHARMA,G,Midazolam - 5mg/5ml,5mg/5ml,Injectable solution,697454,https://www.moph.gov.lb/en/Drugs/view/4901
4904,N05CD08,MIDAZOLAM PANPHARMA,G,Midazolam - 5mg/ml,5mg/ml,Injectable solution,826463,https://www.moph.gov.lb/en/Drugs/view/4904
1322,C01CE02,MILRINONE,G,Milrinone - 1mg/ml,1mg/ml,Injectable concentrate for solution,28486446,https://www.moph.gov.lb/en/Drugs/view/1322
2502,G04CA02,MINGO,G,Tamsulosin - 0.4mg,0.4mg,Capsule,673201,https://www.moph.gov.lb/en/Drugs/view/2502
284,A06AG11,MINILAX,G,"Sodium citrate (dihydrate) - 900mg/10ml, Sodium lauryl sulfate - 150mg/10ml, Glycerol - 1200mg/10ml, Sorbic acid - 10mg/10ml, Sorbitol - 9.96mg/10ml",,Solution,474824,https://www.moph.gov.lb/en/Drugs/view/284
2538,H01BA02,MINIRIN MELT,B,Desmopressin - 120mcg,120mcg,"Tablet, Oral lyophilisate",4970873,https://www.moph.gov.lb/en/Drugs/view/2538
2539,H01BA02,MINIRIN MELT,B,Desmopressin - 60mcg,60mcg,"Tablet, Oral lyophilisate",2484765,https://www.moph.gov.lb/en/Drugs/view/2539
2872,J01DD15,MINOCET,G,Cefdinir - 300mg,300mg,Capsule,1407003,https://www.moph.gov.lb/en/Drugs/view/2872
425,A10BA02,MINOR,G,Metformin HCl - 1g,1g,Tablet,266209,https://www.moph.gov.lb/en/Drugs/view/425
2261,D11AX01,MINOXIDIL BAILLEUL,G,Minoxidil - 2%,2%,Solution,2839539,https://www.moph.gov.lb/en/Drugs/view/2261
2266,D11AX01,MINOXIDIL BAILLEUL,G,Minoxidil - 5%,5%,Solution,3675409,https://www.moph.gov.lb/en/Drugs/view/2266
2262,D11AX01,MINOXIDIL BIOGARAN CONSEIL,G,Minoxidil - 2%,2%,Solution,2168962,https://www.moph.gov.lb/en/Drugs/view/2262
2267,D11AX01,MINOXIDIL BIOGARAN CONSEIL,G,Minoxidil - 5%,5%,Solution,3297789,https://www.moph.gov.lb/en/Drugs/view/2267
5582,S01EB02,MIOSTAT STERIL INTRAOCULAR,B,Carbachol - 0.01%,0.01%,Solution,7987501,https://www.moph.gov.lb/en/Drugs/view/5582
5583,S01EB09,MIOVISIN,G,Acetylcholine chloride - 20mg/2ml,20mg/2ml,Injectable powder for solution+solvent,6449100,https://www.moph.gov.lb/en/Drugs/view/5583
2903,J01DH02,MIRAN,G,Meropenem (trihydrate) - 1g,1g,Injectable powder for solution,819744,https://www.moph.gov.lb/en/Drugs/view/2903
3535,L01EB02,MIRATA,G,Erlotinib (HCl) - 100mg,100mg,"Tablet, film coated",77379009,https://www.moph.gov.lb/en/Drugs/view/3535
3538,L01EB02,MIRATA,G,Erlotinib (HCl) - 150mg,150mg,"Tablet, film coated",88599923,https://www.moph.gov.lb/en/Drugs/view/3538
2314,G02BA03,MIRENA 20mcg/24h Levonorgestrel,B,Levonorgestrel - 20mcg/24h,20mcg/24h,Implant,10530753,https://www.moph.gov.lb/en/Drugs/view/2314
4988,N06AX11,MIRTA TAD,G,Mirtazapine - 30mg,30mg,"Tablet, film coated",1138235,https://www.moph.gov.lb/en/Drugs/view/4988
17,A02BB01,MISOFAR,G,Misoprostol - 200mcg,200mcg,Tablet,1546763,https://www.moph.gov.lb/en/Drugs/view/17
18,A02BB01,MISOFAR,G,Misoprostol - 25mcg,25mcg,Tablet,1855846,https://www.moph.gov.lb/en/Drugs/view/18
3485,L01DC03,MITONCO,G,Mitomycin - 10mg,10mg,Injectable solution,2279157,https://www.moph.gov.lb/en/Drugs/view/3485
3482,L01DB07,MITOXANTRON EBEWE,G,Mitoxantrone - 20mg/10ml,20mg/10ml,Injectable concentrated solution,11064120,https://www.moph.gov.lb/en/Drugs/view/3482
376,A10AD01,MIXTARD 30,BioTech,Insulin (human) - 100IU/ml,100IU/ml,Injectable suspension,752552,https://www.moph.gov.lb/en/Drugs/view/376
377,A10AD01,MIXTARD 30,BioTech,Insulin (human) - 100IU/ml,100IU/ml,Injectable suspension,752552,https://www.moph.gov.lb/en/Drugs/view/377
1040,B05BB02,MIXTE SIMPLE (1),G,"Sodium chloride - 0.45g/100ml, Dextrose, H2O - 5g/100ml",,Injectable solution,182720,https://www.moph.gov.lb/en/Drugs/view/1040
1041,B05BB02,MIXTE SIMPLE (1),G,"Sodium chloride - 0.45g/100ml, Dextrose, H2O - 5g/100ml",,Injectable solution,205933,https://www.moph.gov.lb/en/Drugs/view/1041
1024,B05BB02,MIXTE SIMPLE (2),G,"Sodium chloride - 0.9g/100ml, Dextrose, H2O - 5g/100ml",,Injectable solution,182720,https://www.moph.gov.lb/en/Drugs/view/1024
1025,B05BB02,MIXTE SIMPLE (2),G,"Sodium chloride - 0.9g/100ml, Dextrose, H2O - 5g/100ml",,Injectable solution,207894,https://www.moph.gov.lb/en/Drugs/view/1025
3864,L04AA06,MMF,G,Mycophenolate mofetil - 500mg,500mg,"Tablet, coated",4087969,https://www.moph.gov.lb/en/Drugs/view/3864
4124,M01AC56,MOBITIL,G,"Meloxicam - 15mg, Beta-cyclodextrine - 75mg",,"Tablet, film coated",212327,https://www.moph.gov.lb/en/Drugs/view/4124
5032,N06BA07,MODAFINIL ARROW,G,Modafinil - 100mg,100mg,Tablet,5361932,https://www.moph.gov.lb/en/Drugs/view/5032
5033,N06BA07,MODAFINIL ARROW,G,Modafinil - 100mg,100mg,Tablet,5361932,https://www.moph.gov.lb/en/Drugs/view/5033
196,A03FA03,MODODOM,G,Domperidone - 10mg,10mg,"Tablet, film coated",147823,https://www.moph.gov.lb/en/Drugs/view/196
1532,C07DA06,MODUCREN,B,"Amiloride HCl - 2.5mg, Timolol (maleate) - 10mg, Hydrochlorothiazide - 25mg",,Tablet,915093,https://www.moph.gov.lb/en/Drugs/view/1532
1418,C03EA01,MODURETIC,B,"Hydrochlorothiazide - 50mg, Amiloride HCl - 5mg",,Tablet,798398,https://www.moph.gov.lb/en/Drugs/view/1418
3053,J01MA14,MOFLOXINE,G,Moxifloxacin (HCl) - 400mg/250ml,400mg/250ml,Injectable solution,1638144,https://www.moph.gov.lb/en/Drugs/view/3053
4424,N02AJ13,MOLCET,G,"Paracetamol - 325mg, Tramadol - 37.5mg",,Tablet,317403,https://www.moph.gov.lb/en/Drugs/view/4424
1331,C01DX12,MOLSIDOMINE BIOGARAN,G,Molsidomine - 2mg,2mg,"Tablet, scored",256674,https://www.moph.gov.lb/en/Drugs/view/1331
1332,C01DX12,MOLSIDOMINE BIOGARAN,G,Molsidomine - 2mg,2mg,"Tablet, scored",713580,https://www.moph.gov.lb/en/Drugs/view/1332
1334,C01DX12,MOLSIDOMINE BIOGARAN,G,Molsidomine - 4mg,4mg,Tablet,344024,https://www.moph.gov.lb/en/Drugs/view/1334
5208,R01AD09,MOMENEX RECORDATI,G,Mometasone furoate - 0.05%,0.05%,"Spray, suspension",369557,https://www.moph.gov.lb/en/Drugs/view/5208
5209,R01AD09,MOMETASONE BIOGARAN,G,Mometasone furoate (monohydrate) - 50mcg/dose,50mcg/dose,"Spray, suspension",501253,https://www.moph.gov.lb/en/Drugs/view/5209
5210,R01AD09,MOMETIX AQ,G,Mometasone furoate - 0.05%,0.05%,"Spray, suspension",369557,https://www.moph.gov.lb/en/Drugs/view/5210
2632,J01AA02,MONODOKS,G,Doxycycline (hyclate) - 100mg,100mg,Capsule,248611,https://www.moph.gov.lb/en/Drugs/view/2632
5606,S01EE01,MONOPROST,G,Latanoprost - 50mcg/ml,50mcg/ml,Drops solution,1187957,https://www.moph.gov.lb/en/Drugs/view/5606
2344,G03CA03,MONTADIOL,G,Estradiol - 0.01%,0.01%,Cream,1105982,https://www.moph.gov.lb/en/Drugs/view/2344
5326,R03DC03,MONTELUKAST ARROW LAB,G,Montelukast (sodium) - 5mg,5mg,"Tablet, chewable",851996,https://www.moph.gov.lb/en/Drugs/view/5326
5335,R03DC03,MONTELUKAST ARROW LAB,G,Montelukast (sodium) - 10mg,10mg,"Tablet, film coated",978317,https://www.moph.gov.lb/en/Drugs/view/5335
5343,R03DC03,MONTELUKAST ARROW LAB,G,Montelukast (sodium) - 4mg,4mg,"Tablet, chewable",851996,https://www.moph.gov.lb/en/Drugs/view/5343
5327,R03DC03,MONTELUKAST-SANDOZ,G,Montelukast (sodium) - 5mg,5mg,"Tablet, chewable",1184140,https://www.moph.gov.lb/en/Drugs/view/5327
5336,R03DC03,MONTELUKAST-SANDOZ,G,Montelukast (sodium) - 10mg,10mg,"Tablet, film coated",1136296,https://www.moph.gov.lb/en/Drugs/view/5336
5344,R03DC03,MONTELUKAST-SANDOZ,G,Montelukast (sodium) - 4mg,4mg,"Tablet, chewable",1184140,https://www.moph.gov.lb/en/Drugs/view/5344
3085,J01XX01,MONUROL,B,Fosfomycine (trométamol) - 3g,3g,Granules for solution,571133,https://www.moph.gov.lb/en/Drugs/view/3085
4396,N02AA01,MORPHILINE,G,Morphine sulfate - 10mg/5ml,10mg/5ml,Solution,189418,https://www.moph.gov.lb/en/Drugs/view/4396
4393,N02AA01,MORPHINE (CHLORHYDRATE) RENAUDIN,G,Morphine  HCl - 1mg/ml,1mg/ml,Injectable solution,626231,https://www.moph.gov.lb/en/Drugs/view/4393
4395,N02AA01,MORPHINE MEDIS,G,Morphine  HCl - 10mg/ml,10mg/ml,Injectable solution,1050885,https://www.moph.gov.lb/en/Drugs/view/4395
210,A03FA09,MOSAR,B,Mosapride citrate - 5mg,5mg,"Tablet, coated",798242,https://www.moph.gov.lb/en/Drugs/view/210
156,A03AX13,MOSAR PLUS,B,"Mosapride citrate - 5mg, Simethicone - 200mg",,"Tablet, coated",865435,https://www.moph.gov.lb/en/Drugs/view/156
204,A03FA03,MOTIDOL ODT,G,Domperidone - 10mg,10mg,"Tablet, orodispersible",327642,https://www.moph.gov.lb/en/Drugs/view/204
197,A03FA03,MOTILAT,G,Domperidone - 10mg,10mg,Tablet,221734,https://www.moph.gov.lb/en/Drugs/view/197
205,A03FA03,MOTILCURE,G,Domperidone - 10mg,10mg,"Tablet, orodispersible",259810,https://www.moph.gov.lb/en/Drugs/view/205
193,A03FA03,MOTILIUM,B,Domperidone - 10mg,10mg,Tablet,353431,https://www.moph.gov.lb/en/Drugs/view/193
5337,R03DC03,MOTRINEX,G,Montelukast - 10mg,10mg,"Tablet, film coated",802274,https://www.moph.gov.lb/en/Drugs/view/5337
600,A10BX16,MOUNJARO KWIKPEN,B,Tirzepatide - 2.5mg/dose,2.5mg/dose,Injectable solution,39601065,https://www.moph.gov.lb/en/Drugs/view/600
601,A10BX16,MOUNJARO KWIKPEN,B,Tirzepatide - 5mg/dose,5mg/dose,Injectable solution,39601065,https://www.moph.gov.lb/en/Drugs/view/601
602,A10BX16,MOUNJARO KWIKPEN,B,Tirzepatide - 7.5mg/dose,7.5mg/dose,Injectable solution,39601065,https://www.moph.gov.lb/en/Drugs/view/602
603,A10BX16,MOUNJARO KWIKPEN,B,Tirzepatide - 10mg/dose,10mg/dose,Injectable solution,39601065,https://www.moph.gov.lb/en/Drugs/view/603
604,A10BX16,MOUNJARO KWIKPEN,B,Tirzepatide - 12.5mg/dose,12.5mg/dose,Injectable solution,39601065,https://www.moph.gov.lb/en/Drugs/view/604
605,A10BX16,MOUNJARO KWIKPEN,B,Tirzepatide - 15mg/dose,15mg/dose,Injectable solution,39601065,https://www.moph.gov.lb/en/Drugs/view/605
282,A06AD65,MOVICOL,B,"Potassium chloride - 0.0466g, Sodium chloride - 0.3507g, Sodium bicarbonate - 0.1785g, Macrogol 3350 - 13.125g",,Powder for solution,853340,https://www.moph.gov.lb/en/Drugs/view/282
283,A06AD65,MOVICOL PEDIATRIC PLAIN,B,"Potassium chloride - 23.3mg, Sodium chloride - 175.4mg, Sodium bicarbonate - 89.3mg, Macrogol 3350 - 6.563g",,Powder for solution,624887,https://www.moph.gov.lb/en/Drugs/view/283
2675,J01CR02,MOXICLAV,G,"Amoxicillin - 1g, Clavulanic Acid - 200mg",1.2g,Injectable powder for solution,169324,https://www.moph.gov.lb/en/Drugs/view/2675
2716,J01CR02,MOXICLAV,G,"Amoxicillin (trihydrate) - 875mg, Clavulanic Acid (potassium) - 125mg",1g,Tablet,430030,https://www.moph.gov.lb/en/Drugs/view/2716
2681,J01CR02,MOXICLAV  FORTE,G,"Amoxicillin (trihydrate) - 250mg/5ml, Clavulanic Acid (potassium) - 62.5mg/5ml",312.5mg/5ml,Powder for suspension,298333,https://www.moph.gov.lb/en/Drugs/view/2681
2690,J01CR02,MOXICLAV BIS,G,"Amoxicillin (trihydrate) - 400mg/5ml, Clavulanic Acid (potassium) - 57mg/5ml",457mg/5ml,Powder for suspension,309084,https://www.moph.gov.lb/en/Drugs/view/2690
2659,J01CA04,MOXILEN,G,Amoxicillin (trihydrate) - 500mg,500mg,Capsule,3717068,https://www.moph.gov.lb/en/Drugs/view/2659
2670,J01CA04,MOXILEN,G,Amoxicillin (sodium) - 1g,1g,Injectable dry powder for solution,998475,https://www.moph.gov.lb/en/Drugs/view/2670
5549,S01AE07,MOXITEC,G,Moxifloxacin (HCl) - 5mg/ml,5mg/ml,Drops solution,464970,https://www.moph.gov.lb/en/Drugs/view/5549
3856,L03AX16,MOZOBIL,B,Plerixafor - 20mg/ml,20mg/ml,Injectable solution,413801327,https://www.moph.gov.lb/en/Drugs/view/3856
2575,H02AB04,MP 40,G,Methylprednisolone - 40mg,40mg,Injectable powder for solution,219046,https://www.moph.gov.lb/en/Drugs/view/2575
2581,H02AB04,MP 500,G,Methylprednisolone - 500mg,500mg,Injectable powder for solution,5316241,https://www.moph.gov.lb/en/Drugs/view/2581
4387,N02AA01,MST CONTINUS,B,Morphine sulfate - 10mg,10mg,"Tablet, film coated, prolonged release",972942,https://www.moph.gov.lb/en/Drugs/view/4387
4389,N02AA01,MST CONTINUS,B,Morphine sulfate - 30mg,30mg,"Tablet, film coated, prolonged release",2289908,https://www.moph.gov.lb/en/Drugs/view/4389
4391,N02AA01,MST CONTINUS,B,Morphine sulfate - 60mg,60mg,"Tablet, film coated, prolonged release",3839358,https://www.moph.gov.lb/en/Drugs/view/4391
5359,R05CA03,MUCINEX,G,Guaifenesin - 600mg,600mg,"Tablet, extended release",749864,https://www.moph.gov.lb/en/Drugs/view/5359
5392,R05CB06,MUCOCURE SR,G,Ambroxol - 75mg,75mg,Capsule,276448,https://www.moph.gov.lb/en/Drugs/view/5392
5386,R05CB06,MUCOSOLVAN,B,Ambroxol HCl - 30mg/5ml,30mg/5ml,Syrup,380307,https://www.moph.gov.lb/en/Drugs/view/5386
5391,R05CB06,MUCOSOLVAN LA,B,Ambroxol HCl - 75mg,75mg,Capsule,345368,https://www.moph.gov.lb/en/Drugs/view/5391
5381,R05CB03,MUCOTAL ADULTE,G,Carbocysteine - 250mg/5ml,250mg/5ml,Syrup,308444,https://www.moph.gov.lb/en/Drugs/view/5381
5380,R05CB03,MUCOTAL PEDIATRIQUE,G,Carbocysteine - 100mg/5ml,100mg/5ml,Syrup,298205,https://www.moph.gov.lb/en/Drugs/view/5380
5413,R05X,MUCOTAL PROMETHAZINE,G,"Promethazine HCl - 2.5mg/5ml, Carbocysteine - 100mg/5ml",,Syrup,243172,https://www.moph.gov.lb/en/Drugs/view/5413
5387,R05CB06,MUCOVIC FORTE,G,Ambroxol HCl - 30mg/5ml,30mg/5ml,"Solution, sugar free",293086,https://www.moph.gov.lb/en/Drugs/view/5387
5388,R05CB06,MUCOVIC FORTE,G,Ambroxol HCl - 30mg/5ml,30mg/5ml,"Solution, sugar free",440268,https://www.moph.gov.lb/en/Drugs/view/5388
5393,R05CB06,MUCOXELLIN LA,G,Ambroxol - 75mg,75mg,Capsule,276448,https://www.moph.gov.lb/en/Drugs/view/5393
5384,R05CB06,MUCUM,G,Ambroxol HCl - 15mg/5ml,15mg/5ml,"Syrup, sugar free, alcohol free",98101,https://www.moph.gov.lb/en/Drugs/view/5384
5412,R05FB02,MUCUS RELIEF DM,G,"Dextromethorphan HBr - 20mg, Guaifenesin - 400mg",,Tablet,413903,https://www.moph.gov.lb/en/Drugs/view/5412
5385,R05CB06,MUKORAL,G,Ambroxol HCl - 15mg/5ml,15mg/5ml,Syrup,194857,https://www.moph.gov.lb/en/Drugs/view/5385
5389,R05CB06,MUKORAL,G,Ambroxol HCl - 30mg/5ml,30mg/5ml,Syrup,341336,https://www.moph.gov.lb/en/Drugs/view/5389
5390,R05CB06,MUKORAL,G,Ambroxol - 30mg,30mg,Tablet,201576,https://www.moph.gov.lb/en/Drugs/view/5390
5373,R05CB01,MUKOZERO,G,Acetylcysteine - 600mg,600mg,"Tablet, effervescent",646388,https://www.moph.gov.lb/en/Drugs/view/5373
2836,J01DD08,MUREX,G,Cefixime (trihydrate) - 100mg/5ml,100mg/5ml,Powder for suspension,524099,https://www.moph.gov.lb/en/Drugs/view/2836
2837,J01DD08,MUREX,G,Cefixime (trihydrate) - 100mg/5ml,100mg/5ml,Powder for suspension,274144,https://www.moph.gov.lb/en/Drugs/view/2837
2852,J01DD08,MUREX,G,Cefixime - 400mg,400mg,Capsule,679984,https://www.moph.gov.lb/en/Drugs/view/2852
2842,J01DD08,MUREX 200,G,Cefixime - 200mg,200mg,Capsule,430030,https://www.moph.gov.lb/en/Drugs/view/2842
4270,M03BC51,MUSCEROL 2,G,"Paracetamol - 450mg, Orphenadrine (citrate) - 35mg",,"Tablet, scored",177899,https://www.moph.gov.lb/en/Drugs/view/4270
4272,M03BC51,MUSCEROL 3,G,"Paracetamol - 450mg, Orphenadrine citrate - 35mg, Ibuprofen - 200mg",,"Tablet, film coated",593850,https://www.moph.gov.lb/en/Drugs/view/4272
4271,M03BC51,MUSCEROL EXTRA,G,"Caffeine - 15mg, Paracetamol - 450mg, Orphenadrine citrate - 35mg",,"Tablet, scored",267489,https://www.moph.gov.lb/en/Drugs/view/4271
3152,J02AX05,MYCAMINE,B,Micafungin (sodium) - 50mg,50mg,Injectable lyophilised powder for solution,13170341,https://www.moph.gov.lb/en/Drugs/view/3152
5658,S03CA04,MYCICORT,G,"Hydrocortisone acetate - 5mg, Neomycin sulfate - 5mg",,Drops suspension,166381,https://www.moph.gov.lb/en/Drugs/view/5658
2164,D07CA01,MYCICORT,G,"Neomycin sulfate - 5mg/g, Hydrocortisone acetate - 10mg/g",,Ointment,485063,https://www.moph.gov.lb/en/Drugs/view/2164
2293,G01AF04,MYCODERM-V,G,Miconazole nitrate - 2%,2%,Cream,361494,https://www.moph.gov.lb/en/Drugs/view/2293
4,A01AB09,MYCOHEAL,G,Miconazole nitrate - 20mg/g,20mg/g,Gel,210983,https://www.moph.gov.lb/en/Drugs/view/4
3865,L04AA06,MYCOPHENOLATE MOFETIL ARROW,G,Mycophenolate mofetil - 500mg,500mg,"Tablet, coated",4257523,https://www.moph.gov.lb/en/Drugs/view/3865
2032,D01AE14,MYCOSTER,B,Ciclopirox - 8g/100g,8%,Film forming solution,756583,https://www.moph.gov.lb/en/Drugs/view/2032
2033,D01AE14,MYCOSTER,B,Ciclopirox - 8g/100g,8%,Film forming solution,756583,https://www.moph.gov.lb/en/Drugs/view/2033
2034,D01AE14,MYCOSTER,B,Ciclopirox - 1%,1%,Cream,325210,https://www.moph.gov.lb/en/Drugs/view/2034
4278,M03BX04,MYDOCALM,B,Tolperisone - 150mg,150mg,"Tablet, film coated",839902,https://www.moph.gov.lb/en/Drugs/view/4278
5615,S01FA06,MYDRIACYL,B,Tropicamide - 1%,1%,Drops solution,430030,https://www.moph.gov.lb/en/Drugs/view/5615
3860,L04AA06,MYFORTIC,B,Mycophenolic acid (sodium) - 360mg,360mg,"Tablet, gastroresistant",16698053,https://www.moph.gov.lb/en/Drugs/view/3860
5931,L04AA06,MYFORTIC,B,Mycophenolic acid (sodium) - 360mg,360mg,"Tablet, gastroresistant",,https://www.moph.gov.lb/en/Drugs/view/5931
5872,L04AA06,MYFORTIC,B,Mycophenolic acid (sodium) - 360mg,360mg,"Tablet, gastroresistant",,https://www.moph.gov.lb/en/Drugs/view/5872
3692,L01FX02,MYLOTARG,BioTech,Gemtuzumab Ozogamicin - 4.5mg,4.5mg,Injectable powder,748160090,https://www.moph.gov.lb/en/Drugs/view/3692
5866,L01FX02,MYLOTARG,BioTech,Gemtuzumab Ozogamicin - 4.5mg,4.5mg,Injectable powder,,https://www.moph.gov.lb/en/Drugs/view/5866
3866,L04AA06,MYORA,G,Mycophenolate mofetil - 500mg,500mg,"Tablet, film coated",3643157,https://www.moph.gov.lb/en/Drugs/view/3866
5797,A16AB07,MYOZYME,BioTech,"Alglucosidase alfa, recombinant human acid - 50mg",50mg,Injectable powder for concentrate for solution,,https://www.moph.gov.lb/en/Drugs/view/5797
712,A16AB07,MYOZYME,BioTech,"Alglucosidase alfa, recombinant human acid - 50mg",50mg,Injectable powder for concentrate for solution,56536307,https://www.moph.gov.lb/en/Drugs/view/712
3105,J02AC01,MYXEN,G,Fluconazole - 50mg/5ml,50mg/5ml,Granules for suspension,793507,https://www.moph.gov.lb/en/Drugs/view/3105
3110,J02AC01,MYXEN,G,Fluconazole - 50mg,50mg,Tablet,755112,https://www.moph.gov.lb/en/Drugs/view/3110
3125,J02AC01,MYXEN,G,Fluconazole - 150mg,150mg,Tablet,255970,https://www.moph.gov.lb/en/Drugs/view/3125
2220,D10AF05,NADIXA,G,Nadifloxacin - 1%,1%,Cream,850652,https://www.moph.gov.lb/en/Drugs/view/2220
2221,D10AF05,NADIXA CHAPHA,G,Nadifloxacin - 1%,1%,Cream,850727,https://www.moph.gov.lb/en/Drugs/view/2221
5543,S01AE02,NAFLOX,G,Norfloxacin - 3mg/ml,3mg/ml,Drops,370901,https://www.moph.gov.lb/en/Drugs/view/5543
1420,C04AX21,NAFTILUX,B,Naftidrofuryl oxalate acid - 200mg,200mg,Capsule,533505,https://www.moph.gov.lb/en/Drugs/view/1420
1421,C04AX21,NAFTIPRAX,B,Naftidrofuryl hydrogen oxalate - 200mg,200mg,"Tablet, film coated",614328,https://www.moph.gov.lb/en/Drugs/view/1421
2328,G03AA12,NAJAT,G,"Drospirenone - 3mg, Ethinylestradiol - 0.03mg",,"Tablet, coated",417935,https://www.moph.gov.lb/en/Drugs/view/2328
4415,N02AF02,NALBUPHINE RENAUDIN 1%,G,Nalbuphine HCl - 20mg/2ml,20mg/2ml,Injectable solution,1181238,https://www.moph.gov.lb/en/Drugs/view/4415
5297,R03BA03,NAMBROL ADULTS,G,Flunisolide - 1mg/ml,1mg/ml,Inhalation solution,2279157,https://www.moph.gov.lb/en/Drugs/view/5297
1977,C10AB05,NANOFIB,G,Fenofibrate - 145mg,145mg,"Tablet, film coated",1371615,https://www.moph.gov.lb/en/Drugs/view/1977
5620,S01GA51,NAPHCON A,B,"Naphazoline HCl - 0.025%, Pheniramine maleate - 0.3%",,Drops solution,369557,https://www.moph.gov.lb/en/Drugs/view/5620
4157,M01AE02,NAPROXENE SODIQUE ARROW,G,Naproxen (sodium) - 550mg,550mg,"Tablet, film coated, scored",255330,https://www.moph.gov.lb/en/Drugs/view/4157
5196,R01AB06,NARIX,G,"Xylometazoline HCl - 90mcg/actuation, Carbocisteine - 900mcg/actuation",,Spray,518339,https://www.moph.gov.lb/en/Drugs/view/5196
5213,R01AD11,NASACORT AQ,B,Triamcinolone acetonide - 55mcg/dose,55mcg/dose,"Spray, suspension",1003850,https://www.moph.gov.lb/en/Drugs/view/5213
5214,R01AD11,NASACORT AQ,B,Triamcinolone acetonide - 55mcg/dose,55mcg/dose,"Spray, suspension",1003850,https://www.moph.gov.lb/en/Drugs/view/5214
5203,R01AD09,NASONEX,B,Mometasone furoate (monohydrate) - 50mcg/dose,0.05%,"Spray, suspension",529474,https://www.moph.gov.lb/en/Drugs/view/5203
5204,R01AD09,NASONEX,B,Mometasone furoate (monohydrate) - 50mcg/dose,0.05%,"Spray, suspension",529474,https://www.moph.gov.lb/en/Drugs/view/5204
233,A04AA01,NAURASIA ODT,G,Ondansetron - 8mg,8mg,"Tablet, orodispersible",998283,https://www.moph.gov.lb/en/Drugs/view/233
213,A04AA01,NAUSETRON,G,Ondansetron (HCl dihydrate) - 8mg,8mg,"Tablet, scored",1023880,https://www.moph.gov.lb/en/Drugs/view/213
241,A04AA01,NAUSETRON,G,Ondansetron - 4mg/5ml,4mg/5ml,Solution,958608,https://www.moph.gov.lb/en/Drugs/view/241
242,A04AA01,NAUSETRON,G,Ondansetron - 4mg/5ml,4mg/5ml,Solution,802466,https://www.moph.gov.lb/en/Drugs/view/242
234,A04AA01,NAUZECURE ODT,G,Ondansetron - 8mg,8mg,"Tablet, orodispersible",998283,https://www.moph.gov.lb/en/Drugs/view/234
198,A03FA03,NAUZEX,G,Domperidone - 10mg,10mg,Tablet,258530,https://www.moph.gov.lb/en/Drugs/view/198
3419,L01CA04,NAVELBINE,B,Vinorelbine (ditartrate) - 20mg,20mg,"Capsule, soft gelatin",4048997,https://www.moph.gov.lb/en/Drugs/view/3419
3420,L01CA04,NAVELBINE,B,Vinorelbine (ditartrate) - 30mg,30mg,"Capsule, soft gelatin",6072824,https://www.moph.gov.lb/en/Drugs/view/3420
2222,D10AF05,NAXIDERM,G,Nadifloxacin - 1%,1%,Gel,826783,https://www.moph.gov.lb/en/Drugs/view/2222
4929,N06AB03,NEANXETIN,G,Fluoxetine (HCl) - 20mg,20mg,Capsule,422351,https://www.moph.gov.lb/en/Drugs/view/4929
1510,C07AB12,NEBILET,B,Nebivolol HCl - 5mg,5mg,"Tablet, scored",694767,https://www.moph.gov.lb/en/Drugs/view/1510
1529,C07BB12,NEBILET PLUS,B,"Nebivolol HCl - 5mg, Hydrochlorothiazide - 12.5mg",,"Tablet, film coated",716268,https://www.moph.gov.lb/en/Drugs/view/1529
1531,C07BB12,NEBILET PLUS,B,"Nebivolol HCl - 5mg, Hydrochlorothiazide - 25mg",,"Tablet, film coated",716268,https://www.moph.gov.lb/en/Drugs/view/1531
1512,C07AB12,NEBIVOLOL ARROW LAB,G,Nebivolol HCl - 5mg,5mg,"Tablet, quadrisected",1370719,https://www.moph.gov.lb/en/Drugs/view/1512
1513,C07AB12,NEBIVOLOL BIOGARAN,G,Nebivolol HCl - 5mg,5mg,"Tablet, scored",529474,https://www.moph.gov.lb/en/Drugs/view/1513
2779,J01DD02,NEGACEF,G,Ceftazidime (pentahydrate) - 1g,1g,Injectable dry powder for solution,4421242,https://www.moph.gov.lb/en/Drugs/view/2779
2112,D06BA05,NEO SULFA,G,Sulfanilamide - 12g,12g,Powder,151022,https://www.moph.gov.lb/en/Drugs/view/2112
5408,R05FA01,NEO-CODION,B,"Codeine Camphosulfonate - 25mg, Sulfogaiacol - 100mg, Grindelia soft extract - 20mg",,"Tablet, coated",258018,https://www.moph.gov.lb/en/Drugs/view/5408
4575,N02BG06,NEO-PAN,G,Nefopam HCl - 20mg/2ml,20mg/2ml,Injectable solution,483783,https://www.moph.gov.lb/en/Drugs/view/4575
3834,L03AA02,NEOGRASTIM 30,BioTech,Filgrastim - 300mcg/ml,300mcg/ml,Injectable solution,1970969,https://www.moph.gov.lb/en/Drugs/view/3834
33,A02BC01,NEOOPRAZOLE,G,Omeprazole - 20mg,20mg,"Capsule, hard, gastro-resistant",407184,https://www.moph.gov.lb/en/Drugs/view/33
253,A04AA02,NEOSET,G,Granisetron (HCl) - 3mg/3ml,3mg/3ml,Injectable solution,405840,https://www.moph.gov.lb/en/Drugs/view/253
5091,N07AA01,NEOSTIGMINE RENAUDIN,G,Neostigmine - 5mg/5ml,5mg/5ml,Injectable solution,2460576,https://www.moph.gov.lb/en/Drugs/view/5091
3920,L04AB01,NEPEXTO,BioTech,Etanercept - 50mg/ml,50mg/ml,Injectable solution,37663525,https://www.moph.gov.lb/en/Drugs/view/3920
3921,L04AB01,NEPEXTO,BioTech,Etanercept - 50mg/ml,50mg/ml,Injectable solution,37663525,https://www.moph.gov.lb/en/Drugs/view/3921
3926,L04AB01,NEPEXTO,BioTech,Etanercept - 25mg/0.5ml,25mg/0.5ml,Injectable solution,18662492,https://www.moph.gov.lb/en/Drugs/view/3926
2576,H02AB04,NEPHARED,G,Methylprednisolone sodium succinate - 40mg,40mg,Injectable powder for solution,188138,https://www.moph.gov.lb/en/Drugs/view/2576
2578,H02AB04,NEPHARED,G,Methylprednisolone sodium succinate - 125mg,125mg,Injectable powder for solution,469001,https://www.moph.gov.lb/en/Drugs/view/2578
3198,J05AG01,NEPINE,G,Nevirapine - 200mg,200mg,Tablet,5921678,https://www.moph.gov.lb/en/Drugs/view/3198
3582,L01EH02,NERLYX,B,Neratinib - 40mg,40mg,"Tablet, film coated",399248512,https://www.moph.gov.lb/en/Drugs/view/3582
4549,N02BF02,NERVAX,G,Pregabalin - 150mg,150mg,Capsule,1955291,https://www.moph.gov.lb/en/Drugs/view/4549
4559,N02BF02,NERVAX,G,Pregabalin - 75mg,75mg,Capsule,513348,https://www.moph.gov.lb/en/Drugs/view/4559
5570,S01CA01,NETILDEX,B,"Dexamethasone - 0.1%, Netilmicin - 0.3%",,Drops solution,752552,https://www.moph.gov.lb/en/Drugs/view/5570
5533,S01AA23,NETTACIN,B,Netilmicin - 0.3%,0.3%,Drops solution,681328,https://www.moph.gov.lb/en/Drugs/view/5533
5534,S01AA23,NETTACIN,B,Netilmicin - 0.3%,0.3%,Ointment,593978,https://www.moph.gov.lb/en/Drugs/view/5534
3841,L03AA13,NEULASTIM,BioTech,Pegfilgrastim - 6mg/0.6ml,6mg/0.6ml,Injectable solution,56925965,https://www.moph.gov.lb/en/Drugs/view/3841
5309,R03BB04,NEUMOTROPIO,G,Tiotropium bromide - 10mcg,10mcg,"Capsule, inhalation",3115844,https://www.moph.gov.lb/en/Drugs/view/5309
3836,L03AA02,NEUPOGEN,BioTech,Filgrastim - 300mcg/0.5ml,300mcg/0.5ml,Injectable solution,5250393,https://www.moph.gov.lb/en/Drugs/view/3836
4737,N04BC09,NEUPRO,B,Rotigotine - 2mg/24h,2mg/24h,Patch,4427961,https://www.moph.gov.lb/en/Drugs/view/4737
4738,N04BC09,NEUPRO,B,Rotigotine - 4mg/24h,4mg/24h,Patch,7292823,https://www.moph.gov.lb/en/Drugs/view/4738
4739,N04BC09,NEUPRO,B,Rotigotine - 6mg/24h,6mg/24h,Patch,9427593,https://www.moph.gov.lb/en/Drugs/view/4739
4740,N04BC09,NEUPRO,B,Rotigotine - 8mg/24h,8mg/24h,Patch,12394936,https://www.moph.gov.lb/en/Drugs/view/4740
4151,M01AE01,NEURALGINE EXTRA IBU-LYSINAT,B,Ibuprofen (DL Lysine) - 400mg (684mg),684mg,"Tablet, film coated",833182,https://www.moph.gov.lb/en/Drugs/view/4151
4550,N02BF02,NEUREXAL,G,Pregabalin - 150mg,150mg,Capsule,754856,https://www.moph.gov.lb/en/Drugs/view/4550
4560,N02BF02,NEUREXAL,G,Pregabalin - 75mg,75mg,Capsule,335577,https://www.moph.gov.lb/en/Drugs/view/4560
4561,N02BF02,NEUREXAL,G,Pregabalin - 75mg,75mg,Capsule,637365,https://www.moph.gov.lb/en/Drugs/view/4561
4571,N02BF02,NEUREXAL,G,Pregabalin - 25mg,25mg,Capsule,321754,https://www.moph.gov.lb/en/Drugs/view/4571
661,A11DB,NEUROBION,B,"Vitamin B12 - 1000mcg, Vitamin B6 - 100mg, Vitamin B1 - 100mg",,Injectable solution,545600,https://www.moph.gov.lb/en/Drugs/view/661
662,A11DB,NEUROBION,B,"Vitamin B12 - 1000mcg, Vitamin B6 - 100mg, Vitamin B1 - 100mg",,Injectable solution,287582,https://www.moph.gov.lb/en/Drugs/view/662
664,A11DB,NEUROBION,B,"Vitamin B12 - 200mcg, Vitamin B6 - 200mg, Vitamin B1 - 100mg",,"Tablet, coated",364181,https://www.moph.gov.lb/en/Drugs/view/664
665,A11DB,NEUROBION,B,"Vitamin B12 - 200mcg, Vitamin B6 - 200mg, Vitamin B1 - 100mg",,"Tablet, coated",550975,https://www.moph.gov.lb/en/Drugs/view/665
4551,N02BF02,NEUROLIEF,G,Pregabalin - 150mg,150mg,Capsule,752552,https://www.moph.gov.lb/en/Drugs/view/4551
4562,N02BF02,NEUROLIEF,G,Pregabalin - 75mg,75mg,Capsule,669362,https://www.moph.gov.lb/en/Drugs/view/4562
668,A11DB,NEUROMED,G,"Vitamin B12 - 200mcg, Vitamin  B6 - 200mg, Vitamin B1 - 100mg",,"Tablet, coated",257250,https://www.moph.gov.lb/en/Drugs/view/668
4254,M03AX01,NEURONOX,BioTech,Clostridium botulinum type A neurotoxin complex - 100units,100units,Injectable lyophilised powder for solution,13011437,https://www.moph.gov.lb/en/Drugs/view/4254
4258,M03AX01,NEURONOX,BioTech,Clostridium botulinum type A neurotoxin complex - 200units,200units,Injectable lyophilised powder for solution,25175058,https://www.moph.gov.lb/en/Drugs/view/4258
4259,M03AX01,NEURONOX,BioTech,Clostridium botulinum type A neurotoxin complex - 50units,50units,Injectable lyophilised powder for solution,8904323,https://www.moph.gov.lb/en/Drugs/view/4259
4648,N03AX12,NEUROPLEX,G,Gabapentin - 300mg,300mg,Capsule,1107326,https://www.moph.gov.lb/en/Drugs/view/4648
4656,N03AX12,NEUROPLEX,G,Gabapentin - 400mg,400mg,Capsule,1290089,https://www.moph.gov.lb/en/Drugs/view/4656
663,A11DB,NEURORUBINE,G,"Vitamin B12 - 1mg, Vitamin B6 - 100mg, Vitamin B1 - 100mg",,Injectable solution,279519,https://www.moph.gov.lb/en/Drugs/view/663
669,A11DB,NEURORUBINE-FORTE,G,"Vitamin B12 - 1mg, Vitamin B6 - 50mg, Vitamin B1 - 200mg",,"Tablet, film coated",229797,https://www.moph.gov.lb/en/Drugs/view/669
4600,N03AF01,NEUROTOP  RETARD,G,Carbamazepine - 300mg,300mg,"Tablet, prolonged release",931283,https://www.moph.gov.lb/en/Drugs/view/4600
4599,N03AF01,NEUROTOP RETARD,G,Carbamazepine - 600mg,600mg,"Tablet, prolonged release",1569608,https://www.moph.gov.lb/en/Drugs/view/4599
3835,L03AA02,NEUTROMAX,BioTech,Filgrastim - 300mcg/ml,300mcg/ml,Injectable solution,2553301,https://www.moph.gov.lb/en/Drugs/view/3835
5902,L03AA02,NEUTROMAX,BioTech,Filgrastim - 300mcg/ml,300mcg/ml,Injectable solution,,https://www.moph.gov.lb/en/Drugs/view/5902
1514,C07AB12,NEVILOC,G,Nebivolol HCl - 5mg,5mg,Tablet,476104,https://www.moph.gov.lb/en/Drugs/view/1514
145,A03AA05,NEWBUTIN SR,G,Trimebutine maleate - 300mg,300mg,"Tablet, film coated, sustained release",1654270,https://www.moph.gov.lb/en/Drugs/view/145
3605,L01EX02,NEXAVAR,B,Sorafenib - 200mg,200mg,"Tablet, film coated",86139060,https://www.moph.gov.lb/en/Drugs/view/3605
5775,L01EX02,NEXAVAR,B,Sorafenib - 200mg,200mg,"Tablet, film coated",,https://www.moph.gov.lb/en/Drugs/view/5775
113,A02BC05,NEXICURE,G,Esomeprazole - 40mg,40mg,Capsule,646324,https://www.moph.gov.lb/en/Drugs/view/113
91,A02BC05,NEXIUM,B,Esomeprazole (magnesium trihydrate) - 20mg,20mg,"Tablet, gastroresistant",1005194,https://www.moph.gov.lb/en/Drugs/view/91
92,A02BC05,NEXIUM,B,Esomeprazole (magnesium trihydrate) - 20mg,20mg,"Tablet, gastroresistant",1005194,https://www.moph.gov.lb/en/Drugs/view/92
102,A02BC05,NEXIUM,B,Esomeprazole (magnesium trihydrate) - 40mg,40mg,"Tablet, enteric coated",1138235,https://www.moph.gov.lb/en/Drugs/view/102
103,A02BC05,NEXIUM,B,Esomeprazole (magnesium trihydrate) - 40mg,40mg,"Tablet, enteric coated",1138235,https://www.moph.gov.lb/en/Drugs/view/103
118,A02BC05,NEXIUM,B,Esomeprazole sodium - 40mg,40mg,Injectable powder for solution,5254424,https://www.moph.gov.lb/en/Drugs/view/118
124,A02BC05,NEXIUM,B,Esomeprazole (magnesium trihydrate) - 10mg,10mg,"Granules, gastroresistant, for suspension",1721462,https://www.moph.gov.lb/en/Drugs/view/124
125,A02BC05,NEXIUM,B,Esomeprazole (magnesium trihydrate) - 10mg,10mg,"Granules, gastroresistant, for suspension",1721462,https://www.moph.gov.lb/en/Drugs/view/125
119,A02BC05,NEXIUM IV,B,Esomeprazole sodium - 40mg,40mg,Injectable powder for solution,5254424,https://www.moph.gov.lb/en/Drugs/view/119
114,A02BC05,NEXOREST,G,Esomeprazole - 40mg,40mg,Capsule,646324,https://www.moph.gov.lb/en/Drugs/view/114
99,A02BC05,NEXPRAZOL 20,G,Esomeprazole - 20mg,20mg,"Tablet, enteric coated",275168,https://www.moph.gov.lb/en/Drugs/view/99
2536,H01AC08,NGENLA,B,Somatrogon - 60mg/1.2ml,60mg/1.2ml,Injectable solution,46927262,https://www.moph.gov.lb/en/Drugs/view/2536
2537,H01AC08,NGENLA,B,Somatrogon - 24mg/1.2ml,24mg/1.2ml,Injectable solution,21959797,https://www.moph.gov.lb/en/Drugs/view/2537
1567,C08CA04,NICARDIPINE AGUETTANT,G,Nicardipine chlorhydrate - 10mg/10ml,10mg/10ml,Injectable solution,2801912,https://www.moph.gov.lb/en/Drugs/view/1567
1568,C08CA04,NICARDIPINE ARROW,G,Nicardipine chlorhydrate - 10mg/10ml,10mg/10ml,Injectable solution,2590928,https://www.moph.gov.lb/en/Drugs/view/1568
1569,C08CA04,NICARDIPINE MEDIS,G,Nicardipine chlorhydrate - 10mg/10ml,10mg/10ml,Injectable solution,1295464,https://www.moph.gov.lb/en/Drugs/view/1569
1335,C01DX16,NICORANDIL BIOGARAN,G,Nicorandil - 10mg,10mg,"Tablet, scored",431373,https://www.moph.gov.lb/en/Drugs/view/1335
1336,C01DX16,NICORANDIL BIOGARAN,G,Nicorandil - 10mg,10mg,"Tablet, scored",431373,https://www.moph.gov.lb/en/Drugs/view/1336
1337,C01DX16,NICORANDIL BIOGARAN,G,Nicorandil - 20mg,20mg,Tablet,822432,https://www.moph.gov.lb/en/Drugs/view/1337
1338,C01DX16,NICORANDIL BIOGARAN,G,Nicorandil - 20mg,20mg,Tablet,822432,https://www.moph.gov.lb/en/Drugs/view/1338
2540,H01BA02,NICTUR,G,Desmopressin acetate - 360mcg/ml,360mcg/ml,Solution,5270550,https://www.moph.gov.lb/en/Drugs/view/2540
1573,C08CA05,NIFE-PAR,G,Nifedipine - 5mg/ml,5mg/ml,Solution,37934959,https://www.moph.gov.lb/en/Drugs/view/1573
1571,C08CA05,NIFELAT 30 LA,G,Nifedipine - 30mg,30mg,"Tablet, prolonged release",1007882,https://www.moph.gov.lb/en/Drugs/view/1571
1572,C08CA05,NIFELAT 60 LA,G,Nifedipine - 60mg,60mg,"Tablet, prolonged release",1290089,https://www.moph.gov.lb/en/Drugs/view/1572
1570,C08CA05,NIFELAT R,G,Nifedipine - 20mg,20mg,"Tablet, sustained release",388370,https://www.moph.gov.lb/en/Drugs/view/1570
298,A07AX03,NIFUNAL,G,Nifuroxazide - 200mg,200mg,"Capsule, hard",217702,https://www.moph.gov.lb/en/Drugs/view/298
299,A07AX03,NIFUNAL,G,Nifuroxazide - 220mg/5ml,220mg/5ml,Suspension,227109,https://www.moph.gov.lb/en/Drugs/view/299
3523,L01EA03,NILORA,G,Nilotinib - 200mg,200mg,"Capsule, hard",94388785,https://www.moph.gov.lb/en/Drugs/view/3523
3521,L01EA03,NILOSTAD,B,Nilotinib - 200mg,200mg,"Capsule, hard",223665199,https://www.moph.gov.lb/en/Drugs/view/3521
3524,L01EA03,NILOSTAD,B,Nilotinib - 150mg,150mg,"Capsule, hard",167748899,https://www.moph.gov.lb/en/Drugs/view/3524
4248,M03AC11,NIMBEX,B,Cisatracurium (besylate) - 20mg/10ml,20mg/10ml,Injectable solution,2010388,https://www.moph.gov.lb/en/Drugs/view/4248
4249,M03AC11,NIMBEX,B,Cisatracurium (besylate) - 20mg/10ml,20mg/10ml,Injectable solution,2010388,https://www.moph.gov.lb/en/Drugs/view/4249
4250,M03AC11,NIMBEX,B,Cisatracurium (besylate) - 20mg/10ml,20mg/10ml,Injectable solution,2010388,https://www.moph.gov.lb/en/Drugs/view/4250
3259,J07AH08,NIMENRIX,B,"Polysaccharide of Neisseria meningitidis (serogroups A, C, Y and W-135)  conjugated - 5mcg/0.5ml, Tetanus toxoid carrier protein - 44mcg/0.5ml",,Injectable lyophilised powder for solution+diluent,4483059,https://www.moph.gov.lb/en/Drugs/view/3259
1574,C08CA06,NIMOTOP,B,Nimodipine - 30mg,30mg,"Tablet, film coated",573821,https://www.moph.gov.lb/en/Drugs/view/1574
3748,L01XG03,NINLARO,B,Ixazomib - 4mg,4mg,"Capsule, hard",388991058,https://www.moph.gov.lb/en/Drugs/view/3748
3749,L01XG03,NINLARO,B,Ixazomib - 3mg,3mg,"Capsule, hard",348420676,https://www.moph.gov.lb/en/Drugs/view/3749
3750,L01XG03,NINLARO,B,Ixazomib - 2.3mg,2.3mg,"Capsule, hard",272619919,https://www.moph.gov.lb/en/Drugs/view/3750
3618,L01EX09,NINTAVA,G,Nintedanib - 150mg,150mg,Capsule,138064938,https://www.moph.gov.lb/en/Drugs/view/3618
1556,C08CA01,NIPIDOL,G,Amlodipine - 5mg,5mg,Tablet,255330,https://www.moph.gov.lb/en/Drugs/view/1556
1565,C08CA01,NIPIDOL,G,Amlodipine - 10mg,10mg,Tablet,377620,https://www.moph.gov.lb/en/Drugs/view/1565
1323,C01DA02,NITRODERM TTS 5,B,Glyceryl trinitrate - 5mg/24h,5mg/24h,Patch,682450,https://www.moph.gov.lb/en/Drugs/view/1323
3083,J01XE01,NITROFURANTOIN,G,Nitrofurantoin - 100mg,100mg,Tablet,925907,https://www.moph.gov.lb/en/Drugs/view/3083
1324,C01DA02,NITROGLICERINA BIOINDUSTRIA L.I.M.,G,Nitroglycerine - 50mg/50ml,50mg/50ml,Injectable concentrate for solution,1057604,https://www.moph.gov.lb/en/Drugs/view/1324
1325,C01DA02,NITROJECT INJECTION,G,Nitroglycerine - 50mg/10ml,50mg/10ml,Injectable solution,6563327,https://www.moph.gov.lb/en/Drugs/view/1325
3837,L03AA02,NIVESTIM,BioTech,Filgrastim - 30MIU/0.5ml,30MIU/0.5ml,Injectable solution,17110745,https://www.moph.gov.lb/en/Drugs/view/3837
1515,C07AB12,NIVOL,G,Nebivolol HCl - 5mg,5mg,Tablet,590011,https://www.moph.gov.lb/en/Drugs/view/1515
1530,C07BB12,NIVOL PLUS,G,"Nebivolol HCl - 5mg, Hydrochlorothiazide - 12.5mg",5mg,Tablet,609209,https://www.moph.gov.lb/en/Drugs/view/1530
1698,C09CA07,NIZORTAN,G,Telmisartan - 40mg,40mg,Tablet,455563,https://www.moph.gov.lb/en/Drugs/view/1698
1703,C09CA07,NIZORTAN,G,Telmisartan - 80mg,80mg,Tablet,598010,https://www.moph.gov.lb/en/Drugs/view/1703
4453,N02BE01,NOMAL,G,Paracetamol - 500mg,500mg,Tablet,305884,https://www.moph.gov.lb/en/Drugs/view/4453
4155,M01AE02,NOPAIN DS,G,Naproxen (sodium) - 500mg,500mg,"Tablet, film coated",235172,https://www.moph.gov.lb/en/Drugs/view/4155
1308,C01CA03,NORADRENALINE HIKMA,G,Noradrenaline bitartrate - 4mg/4ml,4mg/4ml,Injectable solution,1279338,https://www.moph.gov.lb/en/Drugs/view/1308
1304,C01CA03,NORADRENALINE NOREPINEPHRINE (tartrate) Aguettant,G,Norepinephrine tartrate - 2mg/ml,2mg/ml,Injectable solution,1896162,https://www.moph.gov.lb/en/Drugs/view/1304
1305,C01CA03,NORADRENALINE NOREPINEPHRINE (tartrate) Aguettant,G,Norepinephrine tartrate - 2mg/ml,2mg/ml,Injectable solution,1896162,https://www.moph.gov.lb/en/Drugs/view/1305
1306,C01CA03,NORADRENALINE RENAUDIN,G,Norepinephrine tartrate - 8mg/4ml,0.2%,Injectable solution,2000981,https://www.moph.gov.lb/en/Drugs/view/1306
2533,H01AC01,NORDITROPIN FLEXPRO,BioTech,Somatropin recombinant - 10mg/1.5ml,10mg/1.5ml,Injectable solution,18877698,https://www.moph.gov.lb/en/Drugs/view/2533
2530,H01AC01,NORDITROPIN NORDIFLEX,BioTech,Somatropin recombinant - 5mg/1.5ml,5mg/1.5ml,Injectable solution,7582922,https://www.moph.gov.lb/en/Drugs/view/2530
4126,M01AE01,NORFEN 400,G,Ibuprofen - 400mg,400mg,"Tablet, film coated",173356,https://www.moph.gov.lb/en/Drugs/view/4126
4269,M03BC51,NORGESIC,B,"Paracetamol - 450mg, Orphenadrine (citrate) - 35mg",,Tablet,412560,https://www.moph.gov.lb/en/Drugs/view/4269
766,B01AC04,NORMIGORE,G,Clopidogrel (Bisulfate) - 75mg,75mg,"Tablet, film coated",1184117,https://www.moph.gov.lb/en/Drugs/view/766
295,A07AA11,NORMIX TAB,B,Rifaximin alpha - 200mg,200mg,"Tablet, film coated",827807,https://www.moph.gov.lb/en/Drugs/view/295
4190,M01AH01,NORMOCOXIB,G,Celecoxib - 200mg,200mg,"Capsule, hard",798242,https://www.moph.gov.lb/en/Drugs/view/4190
4172,M01AE17,NORMODEX,G,Dexketoprofen - 25mg,25mg,"Tablet, film coated",279519,https://www.moph.gov.lb/en/Drugs/view/4172
4175,M01AE17,NORMODEX,G,Dexketoprofen (trometamol) - 50mg/2ml,50mg/2ml,Injectable solution,329241,https://www.moph.gov.lb/en/Drugs/view/4175
1606,C09AA05,NORMOPRIL,G,Ramipril - 2.5mg,2.5mg,Tablet,229797,https://www.moph.gov.lb/en/Drugs/view/1606
1611,C09AA05,NORMOPRIL,G,Ramipril - 5mg,5mg,Tablet,474376,https://www.moph.gov.lb/en/Drugs/view/1611
1617,C09AA05,NORMOPRIL,G,Ramipril - 10mg,10mg,Tablet,599354,https://www.moph.gov.lb/en/Drugs/view/1617
3007,J01MA06,NOROXIN,B,Norfloxacin - 400mg,400mg,"Tablet, film-scored",574653,https://www.moph.gov.lb/en/Drugs/view/3007
148,A03AB06,NOSPAZM,G,Otilonium bromide - 40mg,40mg,"Tablet, film coated",282207,https://www.moph.gov.lb/en/Drugs/view/148
2318,G02CB03,NOSTIFIX,G,Cabergoline - 0.5mg,0.5mg,Tablet,976973,https://www.moph.gov.lb/en/Drugs/view/2318
2319,G02CB03,NOSTIFIX,G,Cabergoline - 0.5mg,0.5mg,Tablet,248611,https://www.moph.gov.lb/en/Drugs/view/2319
199,A03FA03,NOVADOM,G,Domperidone - 10mg,10mg,Tablet,274144,https://www.moph.gov.lb/en/Drugs/view/199
859,B02BD02,NOVOEIGHT,BioTech,Turoctocog Alfa - 500IU,500IU,Injectable powder for solution+diluent,29783973,https://www.moph.gov.lb/en/Drugs/view/859
380,A10AD05,NOVOMIX 30,BioTech,"Insulin aspart - 30%, Insulin aspart protamine - 70%",100IU/ml,Injectable suspension,4264012,https://www.moph.gov.lb/en/Drugs/view/380
381,A10AD05,NOVOMIX 30,BioTech,"Insulin aspart - 30%, Insulin aspart protamine - 70%",100IU/ml,Injectable suspension,4264012,https://www.moph.gov.lb/en/Drugs/view/381
382,A10AD05,NOVOMIX 30,BioTech,"Insulin aspart - 30%, Insulin aspart protamine - 70%",100IU/ml,Injectable suspension,4264012,https://www.moph.gov.lb/en/Drugs/view/382
594,A10BX02,NOVONORM,B,Repaglinide - 2mg,2mg,Tablet,666546,https://www.moph.gov.lb/en/Drugs/view/594
596,A10BX02,NOVONORM,B,Repaglinide - 0.5mg,0.5mg,Tablet,475720,https://www.moph.gov.lb/en/Drugs/view/596
598,A10BX02,NOVONORM,B,Repaglinide - 1mg,1mg,Tablet,571133,https://www.moph.gov.lb/en/Drugs/view/598
369,A10AB05,NOVORAPID FLEXPEN,BioTech,Insulin aspart - 100IU/ml,100IU/ml,Injectable solution,3123090,https://www.moph.gov.lb/en/Drugs/view/369
370,A10AB05,NOVORAPID FLEXPEN,BioTech,Insulin aspart - 100IU/ml,100IU/ml,Injectable solution,3123090,https://www.moph.gov.lb/en/Drugs/view/370
371,A10AB05,NOVORAPID FLEXPEN,BioTech,Insulin aspart - 100IU/ml,100IU/ml,Injectable solution,3123090,https://www.moph.gov.lb/en/Drugs/view/371
875,B02BD08,NOVOSEVEN RT,BioTech,Eptacog alfa (activated) recombinant - 2mg,2mg (100KIU),Injectable powder for solution+diluent,110192388,https://www.moph.gov.lb/en/Drugs/view/875
877,B02BD08,NOVOSEVEN RT,BioTech,Eptacog alfa (activated) recombinant - 1mg,1mg (50KIU),Injectable powder for solution+diluent,60203802,https://www.moph.gov.lb/en/Drugs/view/877
878,B02BD08,NOVOSEVEN RT,BioTech,Eptacog alfa (activated) recombinant - 5mg,5mg (250KIU),Injectable powder for solution+diluent,275483041,https://www.moph.gov.lb/en/Drugs/view/878
5777,B02BD08,NOVOSEVEN RT,BioTech,Eptacog alfa (activated) recombinant - 1mg,1mg (50KIU),Injectable powder for solution+diluent,,https://www.moph.gov.lb/en/Drugs/view/5777
3143,J02AC04,NOXAFIL,B,Posaconazole - 100mg,100mg,"Tablet, gastroresistant",62027714,https://www.moph.gov.lb/en/Drugs/view/3143
235,A04AA01,NOZAMET,G,Ondansetron - 8mg,8mg,"Film, orodispersible",6075448,https://www.moph.gov.lb/en/Drugs/view/235
247,A04AA01,NOZAMET,G,Ondansetron - 4mg,4mg,"Film, orodispersible",3234181,https://www.moph.gov.lb/en/Drugs/view/247
214,A04AA01,NOZENTRIX,G,Ondansetron - 8mg,8mg,"Tablet, film coated",1151865,https://www.moph.gov.lb/en/Drugs/view/214
882,B02BX04,NPLATE,BioTech,Romiplostim - 250mcg,250mcg,Injectable powder for solution,67369332,https://www.moph.gov.lb/en/Drugs/view/882
5787,B02BX04,NPLATE,BioTech,Romiplostim - 250mcg,250mcg,Injectable powder for solution,,https://www.moph.gov.lb/en/Drugs/view/5787
772,B01AC06,NU-SEALS,G,Acetylsalicylic acid - 75mg,75mg,"Tablet, enteric coated",403153,https://www.moph.gov.lb/en/Drugs/view/772
3803,L02BB06,NUBEQA,B,Darolutamide - 300mg,,"Tablet, film coated",239808442,https://www.moph.gov.lb/en/Drugs/view/3803
4336,M09AX,NUCLEO C.M.P. FORTE,G,"UTP+UDP+UMP - 3mg, CMP - 5mg",,Capsule,665202,https://www.moph.gov.lb/en/Drugs/view/4336
3205,J05AP08,NUCLEOBUVIR,G,Sofosbuvir - 400mg,400mg,"Tablet, film coated",50670440,https://www.moph.gov.lb/en/Drugs/view/3205
1272,B05XA31,NUTRYELT,G,"Zinc (gluconate) - 10000mcg/10ml, Copper (gluconate) - 300mcg/10ml, Manganese (gluconate) - 55mcg/10ml, Sodium fluoride - 950mcg/10ml, Iodine potassium iodide - 130mcg/10ml, Selenium (sodium salt) - 70mcg/10ml, Molybdenum (Sodium molybdate) - 20mcg/10ml, Chrome (chlorure) - 10mcg/10ml, Ferrous (gluconate) - 1000mcg/10ml",,Injectable concentrate for solution,3483240,https://www.moph.gov.lb/en/Drugs/view/1272
2313,G02BA,NUVARING,B,"Etonogestrel - 0.12mg/day, Ethinylestradiol - 0.015mg/day",,Ring,1052229,https://www.moph.gov.lb/en/Drugs/view/2313
860,B02BD02,NUWIQ,BioTech,"Coagulation Factor VIII recombinant, human (Simoctogog alfa) - 500IU",500IU,Injectable powder for solution+diluent,47418699,https://www.moph.gov.lb/en/Drugs/view/860
265,A05AA04,OCALIVA,B,Obeticholic acid - 10mg,10mg,"Tablet, film coated",224503943,https://www.moph.gov.lb/en/Drugs/view/265
266,A05AA04,OCALIVA,B,Obeticholic acid - 5mg,5mg,"Tablet, film coated",224503943,https://www.moph.gov.lb/en/Drugs/view/266
3905,L04AA36,OCREVUS,BioTech,Ocrelizumab - 300mg/10ml,300mg/10ml,Injectable concentrate for solution,547517314,https://www.moph.gov.lb/en/Drugs/view/3905
3906,L04AA36,OCREVUS,BioTech,Ocrelizumab - 920mg/23ml,920mg/23ml,Injectable solution,1095034629,https://www.moph.gov.lb/en/Drugs/view/3906
5839,L04AA36,OCREVUS,BioTech,Ocrelizumab - 300mg/10ml,300mg/10ml,Injectable concentrate for solution,,https://www.moph.gov.lb/en/Drugs/view/5839
3226,J06BA02,OCTAGAM,BioHuman,Human normal immunoglobulin G - 50mg/ml,2.5g/50ml,Injectable solution,19540934,https://www.moph.gov.lb/en/Drugs/view/3226
3234,J06BA02,OCTAGAM,BioHuman,Human normal immunoglobulin G - 50mg/ml,5g/100ml,Injectable solution,37672334,https://www.moph.gov.lb/en/Drugs/view/3234
3240,J06BA02,OCTAGAM,BioHuman,Human normal immunoglobulin G - 50mg/ml,10g/200ml,Injectable solution,74515099,https://www.moph.gov.lb/en/Drugs/view/3240
3235,J06BA02,OCTAGAM 10%,BioHuman,Human normal immunoglobulin G - 10%,5g/50ml,Injectable solution,37672334,https://www.moph.gov.lb/en/Drugs/view/3235
855,B02BD02,OCTANATE,BioHuman,Coagulation Factor VIII - 250IU,250IU,Injectable lyophilised powder for solution+diluent,13247110,https://www.moph.gov.lb/en/Drugs/view/855
857,B02BD02,OCTANATE,BioHuman,Coagulation Factor VIII - 500IU,500IU,Injectable lyophilised powder for solution+diluent,26495478,https://www.moph.gov.lb/en/Drugs/view/857
858,B02BD02,OCTANATE,BioHuman,"Coagulation Factor VIII - 1,000IU","1,000IU",Injectable lyophilised powder for solution+diluent,46817511,https://www.moph.gov.lb/en/Drugs/view/858
868,B02BD04,OCTANINE F,BioHuman,"Plasma coagulation factor IX, human - 500IU",500IU,Injectable freeze dried powder + diluent,31425075,https://www.moph.gov.lb/en/Drugs/view/868
853,B02BD01,OCTAPLEX,BioHuman,"Prothrombin complex, human (PPSB) - 500IU",500IU,Injectable powder for solution+diluent,49501331,https://www.moph.gov.lb/en/Drugs/view/853
219,A04AA01,ODNATRON,G,Ondansetron (HCl dihydrate) - 4mg/2ml,4mg/2ml,Injectable solution,880217,https://www.moph.gov.lb/en/Drugs/view/219
226,A04AA01,ODNATRON,G,Ondansetron (HCl dihydrate) - 8mg/4ml,8mg/4ml,Injectable solution,952784,https://www.moph.gov.lb/en/Drugs/view/226
2341,G03CA03,OESTRACLIN,G,Estradiol - 0.6mg/g,0.6mg/g,Gel,448843,https://www.moph.gov.lb/en/Drugs/view/2341
2340,G03CA03,OESTRODOSE,B,Estradiol (17 bêta estradiol anhydre) - 0.06%,0.06%,Gel,642357,https://www.moph.gov.lb/en/Drugs/view/2340
3616,L01EX09,OFEV,B,Nintedanib - 100mg,100mg,"Capsule, soft",104970427,https://www.moph.gov.lb/en/Drugs/view/3616
3617,L01EX09,OFEV,B,Nintedanib - 150mg,150mg,"Capsule, soft",209943960,https://www.moph.gov.lb/en/Drugs/view/3617
5802,L01EX09,OFEV,B,Nintedanib - 150mg,150mg,"Capsule, soft",,https://www.moph.gov.lb/en/Drugs/view/5802
2979,J01MA01,OFLACIN,G,Ofloxacin - 200mg,200mg,"Tablet, film-scored",602041,https://www.moph.gov.lb/en/Drugs/view/2979
2980,J01MA01,OFLOMED,G,Ofloxacin - 200mg,200mg,"Tablet, film-scored",601530,https://www.moph.gov.lb/en/Drugs/view/2980
5646,S02AA16,OFLOMED,G,Ofloxacin - 3mg/ml,3mg/ml,Drops solution,317403,https://www.moph.gov.lb/en/Drugs/view/5646
5538,S01AE01,OFLOX,B,Ofloxacin - 3mg/ml,0.3%,Drops solution,366869,https://www.moph.gov.lb/en/Drugs/view/5538
5539,S01AE01,OFLOX,B,Ofloxacin - 0.3%,0.3%,Drops solution,366869,https://www.moph.gov.lb/en/Drugs/view/5539
3651,L01FD01,OGIVRI,BioTech,Trastuzumab - 440mg,440mg,Injectable lyophilised powder,80027615,https://www.moph.gov.lb/en/Drugs/view/3651
4767,N05AH03,OLANZAMED,G,Olanzapine - 5mg,5mg,Tablet,665522,https://www.moph.gov.lb/en/Drugs/view/4767
4779,N05AH03,OLANZAMED,G,Olanzapine - 20mg,20mg,Tablet,3941938,https://www.moph.gov.lb/en/Drugs/view/4779
4790,N05AH03,OLANZAMED,G,Olanzapine - 10mg,10mg,Tablet,902294,https://www.moph.gov.lb/en/Drugs/view/4790
4768,N05AH03,OLANZAPINE ARROW,G,Olanzapine - 5mg,5mg,Tablet,670577,https://www.moph.gov.lb/en/Drugs/view/4768
4773,N05AH03,OLANZAPINE ARROW,G,Olanzapine - 5mg,5mg,"Tablet, orodispersible",1385502,https://www.moph.gov.lb/en/Drugs/view/4773
4791,N05AH03,OLANZAPINE ARROW,G,Olanzapine - 10mg,10mg,Tablet,822432,https://www.moph.gov.lb/en/Drugs/view/4791
4792,N05AH03,OLANZAPINE ARROW,G,Olanzapine - 10mg,10mg,"Tablet, orodispersible",1385502,https://www.moph.gov.lb/en/Drugs/view/4792
4794,N05AH03,OLANZAPINE ARROW,G,Olanzapine - 7.5mg,7.5mg,Tablet,822432,https://www.moph.gov.lb/en/Drugs/view/4794
4783,N05AH03,OLANZAX 10,G,Olanzapine - 10mg,10mg,"Tablet, mouth dissolving",2329327,https://www.moph.gov.lb/en/Drugs/view/4783
4774,N05AH03,OLANZAX 5,G,Olanzapine - 5mg,5mg,"Tablet, mouth dissolving",1316966,https://www.moph.gov.lb/en/Drugs/view/4774
4234,M02AA15,OLFEN,G,Diclofenac sodium (diethylamine) - 1%,1%,Gel,247267,https://www.moph.gov.lb/en/Drugs/view/4234
4083,M01AB05,OLFEN 75MG,G,Diclofenac sodium - 75mg,75mg,Injectable solution,307740,https://www.moph.gov.lb/en/Drugs/view/4083
4072,M01AB05,OLFEN-100 SR,G,Diclofenac sodium - 100mg,100mg,"Capsule, prolonged release",356118,https://www.moph.gov.lb/en/Drugs/view/4072
4062,M01AB05,OLFEN-50,G,Diclofenac sodium - 50mg,50mg,"Tablet, gastroresistant",223078,https://www.moph.gov.lb/en/Drugs/view/4062
4086,M01AB05,OLFEN-75 SR,G,Diclofenac sodium - 75mg,75mg,"Tablet, prolonged release",326554,https://www.moph.gov.lb/en/Drugs/view/4086
978,B05BA10,OLIMEL N7E,B,"Glucose solution - 35%, Amino acids solution - 11.1%, Lipid emulsion - 20%, Sodium - 35mmol/l, Potassium - 30mmol/l, Magnesium - 4mmol/l, Calcium - 3.5mmol/l, Phosphate - 15mmol/l, Acetate - 45mmol/l, Chloride - 45mmol/l, Azote - 7g/l",,Injectable emulsion,3534306,https://www.moph.gov.lb/en/Drugs/view/978
979,B05BA10,OLIMEL N7E,B,"Glucose solution - 35%, Amino acids solution - 11.1%, Lipid emulsion - 20%, Sodium - 70mmol/2l, Potassium - 60mmol/2l, Magnesium - 8mmol/2l, Calcium - 7mmol/2l, Phosphate - 30mmol/2l, Acetate - 89mmol/2l, Chloride - 90mmol/2l, Azote - 14g/2l",,Injectable emulsion,4711512,https://www.moph.gov.lb/en/Drugs/view/979
976,B05BA10,OLIMEL N9,B,"Glucose solution - 27.5%, Amino acids solution - 14.2%, Lipid emulsion - 20%, Azote - 9g/l",,Injectable emulsion,5630028,https://www.moph.gov.lb/en/Drugs/view/976
975,B05BA10,OLIMEL N9E,B,"Glucose solution - 27.5%, Amino acids solution - 14.2%, Lipid emulsion - 20%, Sodium - 70mmol/2l, Potassium - 60mmol/2l, Magnesium - 8mmol/2l, Calcium - 7mmol/2l, Phosphate - 30mmol/2l, Acetate - 107mmol/2l, Chloride - 90mmol/2l, Azote - 18g/2l",,Injectable emulsion,4711512,https://www.moph.gov.lb/en/Drugs/view/975
977,B05BA10,OLIMEL N9E,B,"Glucose solution - 27.5%, Amino acids solution - 14.2%, Lipid emulsion - 20%, Sodium - 35mmol/l, Potassium - 30mmol/l, Magnesium - 4mmol/l, Calcium - 3.5mmol/l, Phosphate - 15mmol/l, Acetate - 54mmol/l, Chloride - 45mmol/l, Azote - 9g/l",,Injectable emulsion,3550432,https://www.moph.gov.lb/en/Drugs/view/977
1709,C09CA08,OLMENOR,G,Olmesartan medoxomil - 10mg,10mg,"Tablet, film coated",526786,https://www.moph.gov.lb/en/Drugs/view/1709
1713,C09CA08,OLMENOR,G,Olmesartan medoxomil - 20mg,20mg,"Tablet, film coated",667890,https://www.moph.gov.lb/en/Drugs/view/1713
1717,C09CA08,OLMENOR,G,Olmesartan medoxomil - 40mg,40mg,"Tablet, film coated",721643,https://www.moph.gov.lb/en/Drugs/view/1717
1796,C09DB02,OLMENOR COMBI,G,"Olmesartan medoxomil - 20mg, Amlodipine - 5mg",,"Tablet, film coated",679984,https://www.moph.gov.lb/en/Drugs/view/1796
1799,C09DB02,OLMENOR COMBI,G,"Olmesartan medoxomil - 40mg, Amlodipine - 5mg",,"Tablet, film coated",772709,https://www.moph.gov.lb/en/Drugs/view/1799
1767,C09DA08,OLMENOR PLUS,G,"Olmesartan medoxomil - 40mg, Hydrochlorothiazide - 25mg",,"Tablet, film coated",653107,https://www.moph.gov.lb/en/Drugs/view/1767
1770,C09DA08,OLMENOR PLUS,G,"Olmesartan medoxomil - 40mg, Hydrochlorothiazide - 12.5mg",,"Tablet, film coated",653107,https://www.moph.gov.lb/en/Drugs/view/1770
1773,C09DA08,OLMENOR PLUS,G,"Olmesartan medoxomil - 20mg, Hydrochlorothiazide - 25mg",,"Tablet, film coated",628918,https://www.moph.gov.lb/en/Drugs/view/1773
1776,C09DA08,OLMENOR PLUS,G,"Olmesartan medoxomil - 20mg, Hydrochlorothiazide - 12.5mg",,"Tablet, film coated",628918,https://www.moph.gov.lb/en/Drugs/view/1776
1831,C09DX03,OLMENOR TRIPLE,G,"Olmesartan medoxomil - 40mg, Amlodipine (besylate) - 10mg, Hydrochlorothiazide - 25mg",,"Tablet, film coated",1067011,https://www.moph.gov.lb/en/Drugs/view/1831
1833,C09DX03,OLMENOR TRIPLE,G,"Olmesartan medoxomil - 40mg, Amlodipine (besylate) - 10mg, Hydrochlorothiazide - 12.5mg",,"Tablet, film coated",1067011,https://www.moph.gov.lb/en/Drugs/view/1833
1835,C09DX03,OLMENOR TRIPLE,G,"Olmesartan medoxomil - 20mg, Amlodipine (besylate) - 5mg, Hydrochlorothiazide - 12.5mg",,"Tablet, film coated",1037446,https://www.moph.gov.lb/en/Drugs/view/1835
1837,C09DX03,OLMENOR TRIPLE,G,"Olmesartan medoxomil - 40mg, Amlodipine (besylate) - 5mg, Hydrochlorothiazide - 25mg",,"Tablet, film coated",1067011,https://www.moph.gov.lb/en/Drugs/view/1837
1839,C09DX03,OLMENOR TRIPLE,G,"Olmesartan medoxomil - 40mg, Amlodipine (besylate) - 5mg, Hydrochlorothiazide - 12.5mg",,"Tablet, film coated",1067011,https://www.moph.gov.lb/en/Drugs/view/1839
1706,C09CA08,OLMETEC,B,Olmesartan medoxomil - 10mg,10mg,"Tablet, film coated",710893,https://www.moph.gov.lb/en/Drugs/view/1706
1710,C09CA08,OLMETEC,B,Olmesartan medoxomil - 20mg,20mg,"Tablet, film coated",888280,https://www.moph.gov.lb/en/Drugs/view/1710
1714,C09CA08,OLMETEC,B,Olmesartan medoxomil - 40mg,40mg,"Tablet, film coated",920532,https://www.moph.gov.lb/en/Drugs/view/1714
1765,C09DA08,OLMETEC PLUS,B,"Olmesartan medoxomil - 40mg, Hydrochlorothiazide - 25mg",,"Tablet, film coated",981005,https://www.moph.gov.lb/en/Drugs/view/1765
1768,C09DA08,OLMETEC PLUS,B,"Olmesartan medoxomil - 40mg, Hydrochlorothiazide - 12.5mg",,"Tablet, film coated",981005,https://www.moph.gov.lb/en/Drugs/view/1768
1771,C09DA08,OLMETEC PLUS,B,"Olmesartan medoxomil - 20mg, Hydrochlorothiazide - 25mg",,"Tablet, film coated",946065,https://www.moph.gov.lb/en/Drugs/view/1771
1774,C09DA08,OLMETEC PLUS,B,"Olmesartan medoxomil - 20mg, Hydrochlorothiazide - 12.5mg",,"Tablet, film coated",946065,https://www.moph.gov.lb/en/Drugs/view/1774
5628,S01GX09,OLOHISTINE,G,Olopatadine (HCl) - 0.1%,0.1%,Solution,344024,https://www.moph.gov.lb/en/Drugs/view/5628
5629,S01GX09,OLOPAT,G,Olopatadine (HCl) - 0.1%,0.1%,Drops solution,344024,https://www.moph.gov.lb/en/Drugs/view/5629
5630,S01GX09,OLOPAT UD,G,Olopatadine (HCl) - 0.1%,0.1%,Drops solution,1523917,https://www.moph.gov.lb/en/Drugs/view/5630
3907,L04AA37,OLUMIANT,B,Baricitinib - 2mg,2mg,"Tablet, film coated",68053864,https://www.moph.gov.lb/en/Drugs/view/3907
3908,L04AA37,OLUMIANT,B,Baricitinib - 4mg,4mg,"Tablet, film coated",68053864,https://www.moph.gov.lb/en/Drugs/view/3908
34,A02BC01,OMEPRAL,G,Omeprazole - 20mg,20mg,"Capsule, delayed release",213735,https://www.moph.gov.lb/en/Drugs/view/34
45,A02BC01,OMEPRAL,G,Omeprazole - 40mg,40mg,"Capsule, delayed release",499142,https://www.moph.gov.lb/en/Drugs/view/45
57,A02BC01,OMEPRAL,G,Omeprazole - 20mg,20mg,Powder for suspension,712876,https://www.moph.gov.lb/en/Drugs/view/57
58,A02BC01,OMEPRAL,G,Omeprazole - 10mg,10mg,Powder for suspension,890776,https://www.moph.gov.lb/en/Drugs/view/58
50,A02BC01,OMEPRAZOLE ARROW,G,Omeprazole - 40mg,40mg,Injectable powder for solution,454219,https://www.moph.gov.lb/en/Drugs/view/50
35,A02BC01,OMEPRAZOLE PHARMADEX,G,Omeprazole - 20mg,20mg,Capsule,415951,https://www.moph.gov.lb/en/Drugs/view/35
36,A02BC01,OMEPRAZOLE PHARMADEX,G,Omeprazole - 20mg,20mg,Capsule,15757784,https://www.moph.gov.lb/en/Drugs/view/36
51,A02BC01,OMEPRAZOLE VIANEX,G,Omeprazole (sodium) - 40mg,40mg,Injectable powder for solution+diluent,467657,https://www.moph.gov.lb/en/Drugs/view/51
52,A02BC01,OMEPRAZOLE-ORBUCELL,G,Omeprazole (sodium) - 40mg,40mg,Injectable solution,3839550,https://www.moph.gov.lb/en/Drugs/view/52
53,A02BC01,OMEPREFUL,G,Omeprazole - 40mg,40mg,Injectable powder for solution+solvent,467657,https://www.moph.gov.lb/en/Drugs/view/53
37,A02BC01,OMEZOL BENTA,G,Omeprazole - 20mg,20mg,Capsule,550336,https://www.moph.gov.lb/en/Drugs/view/37
38,A02BC01,OMEZOL BENTA,G,Omeprazole - 20mg,20mg,Capsule,317403,https://www.moph.gov.lb/en/Drugs/view/38
2500,G04CA02,OMNIC OCAS,B,Tamsulosin HCl - 0.4mg,0.4mg,"Tablet, film coated, prolonged release",866778,https://www.moph.gov.lb/en/Drugs/view/2500
2862,J01DD15,OMNICEF,B,Cefdinir - 125mg/5ml,125mg/5ml,Powder for suspension,1189301,https://www.moph.gov.lb/en/Drugs/view/2862
2863,J01DD15,OMNICEF,B,Cefdinir - 125mg/5ml,125mg/5ml,Powder for suspension,2025171,https://www.moph.gov.lb/en/Drugs/view/2863
2864,J01DD15,OMNICEF,B,Cefdinir - 125mg/5ml,125mg/5ml,Powder for suspension,2025171,https://www.moph.gov.lb/en/Drugs/view/2864
2865,J01DD15,OMNICEF,B,Cefdinir - 125mg/5ml,125mg/5ml,Powder for suspension,1189301,https://www.moph.gov.lb/en/Drugs/view/2865
2870,J01DD15,OMNICEF,B,Cefdinir - 300mg,300mg,Capsule,2238842,https://www.moph.gov.lb/en/Drugs/view/2870
2875,J01DD15,OMNICEF,B,Cefdinir - 250mg/5ml,250mg/5ml,Powder for suspension,3670034,https://www.moph.gov.lb/en/Drugs/view/2875
2871,J01DD15,OMNICEF 300,B,Cefdinir - 300mg,300mg,Capsule,2238842,https://www.moph.gov.lb/en/Drugs/view/2871
2531,H01AC01,OMNITROPE,BioTech,Somatropin recombinant - 5mg/1.5ml,5mg/1.5ml,Injectable solution,21338697,https://www.moph.gov.lb/en/Drugs/view/2531
2534,H01AC01,OMNITROPE,BioTech,Somatropin recombinant - 10mg/1.5ml,10mg/1.5ml,Injectable solution,36832750,https://www.moph.gov.lb/en/Drugs/view/2534
5243,R03AC18,ONBREZ BREEZHALER,B,Indacaterol maleate - 150mcg,150mcg,"Capsule, inhalation",2284532,https://www.moph.gov.lb/en/Drugs/view/5243
3764,L01XX24,ONCASPAR,B,Pegaspargase - 750U/ml,750U/ml,Injectable powder for solution,172758585,https://www.moph.gov.lb/en/Drugs/view/3764
5742,L01XX24,ONCASPAR,B,Pegaspargase - 750U/ml,750U/ml,Injectable powder for solution,,https://www.moph.gov.lb/en/Drugs/view/5742
215,A04AA01,ONDAKEY,G,Ondansetron (HCl dihydrate) - 8mg,8mg,"Tablet, film coated",4489778,https://www.moph.gov.lb/en/Drugs/view/215
236,A04AA01,ONDANSETRON ARROW,G,Ondansetron - 8mg,8mg,"Tablet, orodispersible",1280682,https://www.moph.gov.lb/en/Drugs/view/236
216,A04AA01,ONDANSETRON BIOGARAN,G,Ondansetron - 8mg,8mg,"Tablet, coated",1307559,https://www.moph.gov.lb/en/Drugs/view/216
220,A04AA01,ONDANSETRON HIKMA,G,Ondansetron (HCl dihydrate) - 4mg/2ml,4mg/2ml,Injectable solution,2228091,https://www.moph.gov.lb/en/Drugs/view/220
227,A04AA01,ONDANSETRON HIKMA,G,Ondansetron (HCl dihydrate) - 8mg/4ml,8mg/4ml,Injectable solution,4018089,https://www.moph.gov.lb/en/Drugs/view/227
217,A04AA01,ONDANSETRON MEDIS,G,Ondansetron (HCl dihydrate) - 8mg,8mg,"Tablet, film coated",748520,https://www.moph.gov.lb/en/Drugs/view/217
221,A04AA01,ONDANSETRON MEDIS,G,Ondansetron - 4mg/2ml,4mg/2ml,Injectable solution,978317,https://www.moph.gov.lb/en/Drugs/view/221
228,A04AA01,ONDANSETRON MEDIS,G,Ondansetron - 8mg/4ml,8mg/4ml,Injectable solution,1919007,https://www.moph.gov.lb/en/Drugs/view/228
222,A04AA01,ONDANSETRON RENAUDIN,G,Ondansetron (HCl dihydrate) - 4mg/2ml,4mg/2ml,Injectable solution,1791342,https://www.moph.gov.lb/en/Drugs/view/222
229,A04AA01,ONDANSETRON RENAUDIN,G,Ondansetron (HCl dihydrate) - 8mg/4ml,8mg/4ml,Injectable solution,2433699,https://www.moph.gov.lb/en/Drugs/view/229
223,A04AA01,ONDANSETRON VIANEX,G,Ondansetron (HCl) - 4mg/2ml,4mg/2ml,Injectable solution,197545,https://www.moph.gov.lb/en/Drugs/view/223
230,A04AA01,ONDANSETRON VIANEX,G,Ondansetron (HCl) - 8mg/4ml,8mg/4ml,Injectable solution,387027,https://www.moph.gov.lb/en/Drugs/view/230
243,A04AA01,ONDEMED,G,Ondansetron (HCl) - 4mg/5ml,4mg/5ml,Solution,858779,https://www.moph.gov.lb/en/Drugs/view/243
614,A11CC03,ONE-ALPHA,B,Alfacalcidol - 2mcg/ml,2mcg/ml,Injectable solution,2218684,https://www.moph.gov.lb/en/Drugs/view/614
615,A11CC03,ONE-ALPHA,B,Alfacalcidol - 2mcg/ml,2mcg/ml,Injectable solution,4219665,https://www.moph.gov.lb/en/Drugs/view/615
616,A11CC03,ONE-ALPHA,B,Alfacalcidol - 1mcg,1mcg,Capsule,3735882,https://www.moph.gov.lb/en/Drugs/view/616
618,A11CC03,ONE-ALPHA,B,Alfacalcidol - 0.25mcg,0.25mcg,Capsule,1138235,https://www.moph.gov.lb/en/Drugs/view/618
619,A11CC03,ONE-ALPHA,B,Alfacalcidol - 0.5mcg,0.5mcg,Capsule,943377,https://www.moph.gov.lb/en/Drugs/view/619
620,A11CC03,ONE-ALPHA,B,Alfacalcidol - 0.5mcg,0.5mcg,Capsule,942034,https://www.moph.gov.lb/en/Drugs/view/620
621,A11CC03,ONE-ALPHA,B,Alfacalcidol - 2mcg/ml,2mcg/ml,Drops solution,1343843,https://www.moph.gov.lb/en/Drugs/view/621
351,A08AB01,ONLEFIT,G,Orlistat - 120mg,120mg,Capsule,1537356,https://www.moph.gov.lb/en/Drugs/view/351
237,A04AA01,ONZETRAN OD,G,Ondansetron - 8mg,8mg,"Tablet, orodispersible",1023880,https://www.moph.gov.lb/en/Drugs/view/237
244,A04AA01,ONZO,G,Ondansetron (HCl dihydrate) - 4mg/5ml,4mg/5ml,Solution,1283370,https://www.moph.gov.lb/en/Drugs/view/244
3667,L01FF01,OPDIVO,BioTech,Nivolumab - 100mg/10ml,100mg/10ml,Injectable solution,117224380,https://www.moph.gov.lb/en/Drugs/view/3667
3668,L01FF01,OPDIVO,BioTech,Nivolumab - 40mg/4ml,40mg/4ml,Injectable solution,51234726,https://www.moph.gov.lb/en/Drugs/view/3668
5798,L01FF01,OPDIVO,BioTech,Nivolumab - 100mg/10ml,100mg/10ml,Injectable solution,,https://www.moph.gov.lb/en/Drugs/view/5798
5799,L01FF01,OPDIVO,BioTech,Nivolumab - 40mg/4ml,40mg/4ml,Injectable solution,,https://www.moph.gov.lb/en/Drugs/view/5799
3708,L01FY02,OPDUALAG,BioTech,"Nivolumab - 240mg/20ml, Relatlimab - 80mg/20ml",,Injectable solution,451969379,https://www.moph.gov.lb/en/Drugs/view/3708
1371,C02KX04,OPSUMIT,B,Macitentan - 10mg,10mg,"Tablet, film coated",153123395,https://www.moph.gov.lb/en/Drugs/view/1371
5805,C02KX04,OPSUMIT,B,Macitentan - 10mg,10mg,"Tablet, film coated",,https://www.moph.gov.lb/en/Drugs/view/5805
5567,S01CA01,OPTIDEX T,G,"Dexamethasone - 1mg/ml, Tobramycin - 3mg/ml",,Drops suspension,266081,https://www.moph.gov.lb/en/Drugs/view/5567
5541,S01AE01,OPTIFLOX,G,Ofloxacin - 3mg/ml,3mg/ml,Drops suspension,143791,https://www.moph.gov.lb/en/Drugs/view/5541
5532,S01AA13,OPTIFUCIN VISCOUS,G,Fusidic acid - 1%,1%,Drops,208296,https://www.moph.gov.lb/en/Drugs/view/5532
5557,S01BA07,OPTILONE,G,Fluorometholone - 0.1%,0.1%,Solution,309084,https://www.moph.gov.lb/en/Drugs/view/5557
4386,N01BB58,ORABLOC,G,"Articaine HCl - 4%, Epinephrine (tartrate) - 1/100.000",,Injectable solution,2308721,https://www.moph.gov.lb/en/Drugs/view/4386
5508,R06AX27,ORADUS,G,Desloratadine - 5mg,5mg,"Tablet, film coated",383955,https://www.moph.gov.lb/en/Drugs/view/5508
5517,R06AX27,ORADUS,G,Desloratadine - 0.5mg/ml,0.5mg/ml,Solution,199657,https://www.moph.gov.lb/en/Drugs/view/5517
5478,R06AX,ORADUS BETA,G,"Desloratadine - 1mg/ml, Betamethasone - 0.05mg/ml",,Solution,639925,https://www.moph.gov.lb/en/Drugs/view/5478
5480,R06AX,ORADUS BETA,G,"Desloratadine - 5mg, Betamethasone - 0.6mg",,"Tablet, film coated",497862,https://www.moph.gov.lb/en/Drugs/view/5480
5221,R01BA52,ORADUS P,G,"Pseudoephedrine sulfate - 120mg, Desloratadine - 2.5mg",,"Tablet, extended release",746153,https://www.moph.gov.lb/en/Drugs/view/5221
5222,R01BA52,ORADUS P,G,"Pseudoephedrine sulfate - 120mg, Desloratadine - 2.5mg",,"Tablet, extended release",255970,https://www.moph.gov.lb/en/Drugs/view/5222
3126,J02AC01,ORAMAX,G,Fluconazole - 150mg,150mg,Capsule,170668,https://www.moph.gov.lb/en/Drugs/view/3126
4761,N05AG02,ORAP FORTE,B,Pimozide - 4mg,4mg,Tablet,329241,https://www.moph.gov.lb/en/Drugs/view/4761
647,A11CC05,ORAVIL,G,"Vitamin D3 - 100,000IU/2ml","100,000IU",Solution,584571,https://www.moph.gov.lb/en/Drugs/view/647
1591,C09AA01,ORBACE,G,Captopril - 25mg,25mg,Tablet,522179,https://www.moph.gov.lb/en/Drugs/view/1591
1594,C09AA01,ORBACE,G,Captopril - 50mg,50mg,Tablet,949649,https://www.moph.gov.lb/en/Drugs/view/1594
3076,J01XA05,ORBACTIV,B,Oritavancin (diphosphate) - 400mg,400mg,Injectable powder for concentrate for solution + solvent,157078205,https://www.moph.gov.lb/en/Drugs/view/3076
1877,C10AA05,ORBALIP,G,Atorvastatin (calcium) - 10mg,10mg,Tablet,966287,https://www.moph.gov.lb/en/Drugs/view/1877
1899,C10AA05,ORBALIP,G,Atorvastatin (calcium) - 20mg,20mg,Tablet,1091712,https://www.moph.gov.lb/en/Drugs/view/1899
1919,C10AA05,ORBALIP,G,Atorvastatin (calcium) - 40mg,40mg,Tablet,1405275,https://www.moph.gov.lb/en/Drugs/view/1919
448,A10BB12,ORBIDE,G,Glimepiride - 1mg,1mg,Tablet,207336,https://www.moph.gov.lb/en/Drugs/view/448
456,A10BB12,ORBIDE,G,Glimepiride - 2mg,2mg,Tablet,209895,https://www.moph.gov.lb/en/Drugs/view/456
464,A10BB12,ORBIDE,G,Glimepiride - 3mg,3mg,Tablet,351959,https://www.moph.gov.lb/en/Drugs/view/464
472,A10BB12,ORBIDE,G,Glimepiride - 4mg,4mg,Tablet,357078,https://www.moph.gov.lb/en/Drugs/view/472
481,A10BD02,ORBIZIDE M FORTE,G,"Metformin HCl - 500mg, Gliclazide - 80mg",,Tablet,771750,https://www.moph.gov.lb/en/Drugs/view/481
4307,M05BA04,OREK,G,Alendronate - 70mg,70mg,"Tablet, coated",2404838,https://www.moph.gov.lb/en/Drugs/view/4307
2551,H01CC01,ORGALUTRAN,B,Ganirelix - 0.25mg/0.5ml,0.25mg/0.5ml,Injectable solution,2383977,https://www.moph.gov.lb/en/Drugs/view/2551
352,A08AB01,ORLISTAT,G,Orlistat - 120mg,120mg,"Capsule, hard",847965,https://www.moph.gov.lb/en/Drugs/view/352
353,A08AB01,ORLISTAT-SIGMA,G,Orlistat - 120mg,120mg,Capsule,847965,https://www.moph.gov.lb/en/Drugs/view/353
2978,J01GB06,ORLOBIN,G,Amikacin (sulfate) - 500mg/2ml,500mg/2ml,Injectable solution,329241,https://www.moph.gov.lb/en/Drugs/view/2978
354,A08AB01,ORLY SLIM,G,Orlistat - 120mg,120mg,Capsule,1174518,https://www.moph.gov.lb/en/Drugs/view/354
1878,C10AA05,ORVASTA,G,Atorvastatin - 10mg,10mg,"Tablet, film coated",834526,https://www.moph.gov.lb/en/Drugs/view/1878
1900,C10AA05,ORVASTA,G,Atorvastatin - 20mg,20mg,"Tablet, film coated",920532,https://www.moph.gov.lb/en/Drugs/view/1900
1920,C10AA05,ORVASTA,G,Atorvastatin - 40mg,40mg,"Tablet, film coated",1170487,https://www.moph.gov.lb/en/Drugs/view/1920
1079,B05BC01,OSMITOL,G,Mannitol - 20g/100ml,20g/100ml,Injectable solution,579064,https://www.moph.gov.lb/en/Drugs/view/1079
2660,J01CA04,OSPAMOX,G,Amoxicillin (trihydrate) - 750mg,750mg,"Tablet, film coated",499372,https://www.moph.gov.lb/en/Drugs/view/2660
2664,J01CA04,OSPAMOX,G,Amoxicillin (trihydrate) - 250mg/5ml,250mg/5ml,Powder for suspension,223078,https://www.moph.gov.lb/en/Drugs/view/2664
2667,J01CA04,OSPAMOX,G,Amoxicillin (trihydrate) - 1g,"1,000mg","Tablet, film coated",683273,https://www.moph.gov.lb/en/Drugs/view/2667
631,A11CC05,OSTEODYN VITAMINE D3,G,Vitamin D3 - 100000IU/2ml,100000IU/2ml,Solution,618168,https://www.moph.gov.lb/en/Drugs/view/631
2620,H05AA02,OSTEOFORTIL,BioTech,Teriparatide - 250mcg/ml,250mcg/ml,Injectable solution,16963499,https://www.moph.gov.lb/en/Drugs/view/2620
4308,M05BA04,OSTEOMED,G,Alendronic acid (sodium alendronate) - 70mg,70mg,"Tablet, scored",950929,https://www.moph.gov.lb/en/Drugs/view/4308
4317,M05BA07,OSTERAL,G,Risedronate sodium - 35mg,35mg,"Tablet, film coated",511940,https://www.moph.gov.lb/en/Drugs/view/4317
692,A12AX,OSTRONG,G,"Vitamin D3 - 500IU, Calcium hydrogen phosphate - 600mg",,Tablet,435149,https://www.moph.gov.lb/en/Drugs/view/692
3898,L04AA32,OTEZLA,B,Apremilast - 4x10mg- 4x20mg- 19x30mg,,"Tablet, film coated",34751325,https://www.moph.gov.lb/en/Drugs/view/3898
3900,L04AA32,OTEZLA,B,Apremilast - 30mg,30mg,"Tablet, film coated",49829454,https://www.moph.gov.lb/en/Drugs/view/3900
5655,S02DA01,OTIPAX,B,"Lidocaine HCl - 1g/100g, Phenazone - 4g/100g",,Drops,233829,https://www.moph.gov.lb/en/Drugs/view/5655
5648,S02AA30,OTOCOL,G,"Chloramphenicol - 50mg/ml, Benzocaine - 50mg/ml",,Drops,163949,https://www.moph.gov.lb/en/Drugs/view/5648
2005,C10BA05,OTOREZA,G,"Atorvastatin - 10mg, Ezetimibe - 10mg",,"Tablet, film coated",908438,https://www.moph.gov.lb/en/Drugs/view/2005
2006,C10BA05,OTOREZA 10/10,G,"Atorvastatin - 10mg, Ezetimibe - 10mg",,"Tablet, film coated",454219,https://www.moph.gov.lb/en/Drugs/view/2006
2010,C10BA05,OTOREZA 10MG/20MG,G,"Atorvastatin - 20mg, Ezetimibe - 10mg",,"Tablet, film coated",561726,https://www.moph.gov.lb/en/Drugs/view/2010
2013,C10BA05,OTOREZA 10MG/40MG,G,"Atorvastatin - 40mg, Ezetimibe - 10mg",,"Tablet, film coated",1144954,https://www.moph.gov.lb/en/Drugs/view/2013
5200,R01AD08,OTRIALLERGY,B,Fluticasone propionate - 50mcg/actuation,50mcg/actuation,"Spray, suspension",675953,https://www.moph.gov.lb/en/Drugs/view/5200
5183,R01AA07,OTRIVIN,B,Xylometazoline HCl - 0.1%,0.1%,Solution,260705,https://www.moph.gov.lb/en/Drugs/view/5183
5186,R01AA07,OTRIVIN,B,Xylometazoline HCl - 0.1%,0.1%,Drops,241892,https://www.moph.gov.lb/en/Drugs/view/5186
5188,R01AA07,OTRIVIN,B,Xylometazoline HCl - 0.05%,0.05%,Solution,376276,https://www.moph.gov.lb/en/Drugs/view/5188
5191,R01AA07,OTRIVIN,B,Xylometazoline HCl - 0.05%,0.05%,Drops,181419,https://www.moph.gov.lb/en/Drugs/view/5191
5197,R01AB06,OTRIVIN DUAL RELIEF,B,"Xylometazoline HCl - 0.5mg/ml, Ipratropium bromide - 0.6mg/ml",,Solution,563070,https://www.moph.gov.lb/en/Drugs/view/5197
5187,R01AA07,OTRIVIN MENTHOL 0.1%,B,Xylometazoline HCl - 0.1%,0.1%,Drops,387027,https://www.moph.gov.lb/en/Drugs/view/5187
2394,G03GA08,OVITRELLE,BioHuman,Choriogonadotropin Alfa - 250mcg/0.5ml,250mcg/0.5ml,Injectable solution,4145754,https://www.moph.gov.lb/en/Drugs/view/2394
154,A03AX13,OVOL,B,Simethicone - 40mg/ml,40mg/ml,Drops,233829,https://www.moph.gov.lb/en/Drugs/view/154
157,A03AX13,OVOL FOR GAZ,B,Simethicone - 180mg,180mg,"Capsule, liquid gel",241892,https://www.moph.gov.lb/en/Drugs/view/157
2302,G01AX,OVUMIX,G,"Metronidazole - 300mg, Miconazole  - 100mg, Neomycin (sulfate) - 48.8mg, Gotu Kola - 15mg, Polymixin sulfate - 4.4mg",,Suppository,395090,https://www.moph.gov.lb/en/Drugs/view/2302
3033,J01MA12,OXALEV,G,Levofloxacin - 500mg,500mg,"Tablet, film coated",791523,https://www.moph.gov.lb/en/Drugs/view/3033
3034,J01MA12,OXALEV,G,Levofloxacin - 500mg,500mg,"Tablet, film coated",565758,https://www.moph.gov.lb/en/Drugs/view/3034
3720,L01XA03,OXALIPLATIN,G,Oxaliplatin - 5mg/ml,5mg/ml,Injectable concentrated  solution,6137329,https://www.moph.gov.lb/en/Drugs/view/3720
3727,L01XA03,OXALIPLATIN,G,Oxaliplatin - 5mg/ml,5mg/ml,Injectable concentrated  solution,3450988,https://www.moph.gov.lb/en/Drugs/view/3727
3728,L01XA03,OXALIPLATIN EBEWE,G,Oxaliplatin - 50mg/10ml,50mg/10ml,Injectable concentrated  solution,3405297,https://www.moph.gov.lb/en/Drugs/view/3728
5935,L01XA03,OXALIPLATIN EBEWE,G,Oxaliplatin - 50mg/10ml,50mg/10ml,Injectable concentrated  solution,,https://www.moph.gov.lb/en/Drugs/view/5935
3721,L01XA03,OXALIPLATIN MEDAC,G,Oxaliplatin - 100mg,100mg,Injectable powder for solution,7841801,https://www.moph.gov.lb/en/Drugs/view/3721
3729,L01XA03,OXALIPLATIN MEDAC,G,Oxaliplatin - 50mg,50mg,Injectable powder for solution,3440237,https://www.moph.gov.lb/en/Drugs/view/3729
3735,L01XA03,OXALIPLATINE ARROW LAB,G,Oxaliplatin - 200mg/40ml,5mg/ml,Injectable solution,13513675,https://www.moph.gov.lb/en/Drugs/view/3735
3722,L01XA03,OXALIPLATINE VIATRIS 5MG/ML,G,Oxaliplatin - 100mg,100mg,Injectable powder for solution,6976204,https://www.moph.gov.lb/en/Drugs/view/3722
3730,L01XA03,OXALIPLATINE VIATRIS 5MG/ML,G,Oxaliplatin - 50mg,50mg,Injectable powder for solution,4428565,https://www.moph.gov.lb/en/Drugs/view/3730
3723,L01XA03,OXALIPLATINO PHARMINICIO,G,Oxaliplatin - 100mg,100mg,Injectable lyophilised powder for solution,6197802,https://www.moph.gov.lb/en/Drugs/view/3723
3731,L01XA03,OXALIPLATINO PHARMINICIO,G,Oxaliplatin - 50mg,50mg,Injectable lyophilised powder for solution,2956454,https://www.moph.gov.lb/en/Drugs/view/3731
5925,L01XA03,OXALIPLATINO PHARMINICIO,G,Oxaliplatin - 100mg,100mg,Injectable lyophilised powder for solution,,https://www.moph.gov.lb/en/Drugs/view/5925
3724,L01XA03,OXALTIE,G,Oxaliplatin - 100mg,100mg,Injectable lyophilised powder for solution,5915595,https://www.moph.gov.lb/en/Drugs/view/3724
3732,L01XA03,OXALTIE,G,Oxaliplatin - 50mg,50mg,Injectable lyophilised powder for solution,2957797,https://www.moph.gov.lb/en/Drugs/view/3732
3733,L01XA03,OXALTIE,G,Oxaliplatin - 50mg,50mg,Injectable lyophilised powder,2957797,https://www.moph.gov.lb/en/Drugs/view/3733
4930,N06AB03,OXETINE 20,G,Fluoxetine (HCl) - 20mg,20mg,"Tablet, coated",362837,https://www.moph.gov.lb/en/Drugs/view/4930
5447,R06AD08,OXOMEMAZINE ARROW,G,Oxomemazine HCl - 0.33mg/ml,0.33mg/ml,Syrup,431373,https://www.moph.gov.lb/en/Drugs/view/5447
5448,R06AD08,OXOMEMAZINE ARROW,G,Oxomemazine HCl - 0.33mg/ml,0.33mg/ml,"Solution, sugar free",431373,https://www.moph.gov.lb/en/Drugs/view/5448
5446,R06AD08,OXOMIL,G,Oxomemazine HCl - 0.33mg/ml,0.33mg/ml,"Syrup, sugar free",511940,https://www.moph.gov.lb/en/Drugs/view/5446
4292,M04AA03,OXUBAT 120,G,Febuxostat - 120mg,120mg,"Tablet, film coated",1549002,https://www.moph.gov.lb/en/Drugs/view/4292
4297,M04AA03,OXUBAT 80,G,Febuxostat - 80mg,80mg,"Tablet, film coated",1356385,https://www.moph.gov.lb/en/Drugs/view/4297
4405,N02AA05,OXYCODONE RENAUDIN,G,Oxycodone HCl - 10mg/10ml,10mg/10ml,Injectable solution,2432355,https://www.moph.gov.lb/en/Drugs/view/4405
4401,N02AA05,OXYNORM,B,Oxycodone HCl - 5mg,5mg,"Capsule, hard",1991575,https://www.moph.gov.lb/en/Drugs/view/4401
4402,N02AA05,OXYNORM,B,Oxycodone HCl - 10mg,10mg,"Capsule, hard",3988525,https://www.moph.gov.lb/en/Drugs/view/4402
4403,N02AA05,OXYNORM,B,Oxycodone HCl - 20mg,20mg,"Capsule, hard",7634958,https://www.moph.gov.lb/en/Drugs/view/4403
4404,N02AA05,OXYNORM,B,Oxycodone HCl - 10mg/ml,10mg/ml,Injectable solution,1584390,https://www.moph.gov.lb/en/Drugs/view/4404
2310,G02AX,OXYTOCIN 10 PANPHARMA 10 UI-1ML,G,Oxytocin - 10IU/ml,10IU/ml,Injectable solution,889624,https://www.moph.gov.lb/en/Drugs/view/2310
2311,G02AX,OXYTOCIN 10 PANPHARMA 10 UI-1ML,G,Oxytocin - 10IU/ml,10IU/ml,Injectable solution,889624,https://www.moph.gov.lb/en/Drugs/view/2311
568,A10BJ06,OZEMPIC,B,Semaglutide - 0.25mg,0.25mg,Injectable solution,10927526,https://www.moph.gov.lb/en/Drugs/view/568
570,A10BJ06,OZEMPIC,B,Semaglutide - 0.5mg,0.5mg,Injectable solution,10927526,https://www.moph.gov.lb/en/Drugs/view/570
573,A10BJ06,OZEMPIC,B,Semaglutide - 1mg,1mg,Injectable solution,10927526,https://www.moph.gov.lb/en/Drugs/view/573
5553,S01BA01,OZURDEX,B,Dexamethasone - 700mcg,700mcg,Implant,80696540,https://www.moph.gov.lb/en/Drugs/view/5553
5554,S01BA01,OZURDEX,B,Dexamethasone - 700mcg,700mcg,Implant,80696540,https://www.moph.gov.lb/en/Drugs/view/5554
5901,S01BA01,OZURDEX,B,Dexamethasone - 700mcg,700mcg,Implant,,https://www.moph.gov.lb/en/Drugs/view/5901
2541,H01BB03,PABAL RTS,B,Carbetocin - 100mcg/ml,100mcg/ml,Injectable solution,12185492,https://www.moph.gov.lb/en/Drugs/view/2541
3423,L01CD01,PACLITAXEL MYLAN PHARMA 6MG/ML,G,Paclitaxel - 300mg/50ml,300mg/50ml,Injectable concentrated powder for solution,52787940,https://www.moph.gov.lb/en/Drugs/view/3423
3428,L01CD01,PACLITAXEL MYLAN PHARMA 6MG/ML,G,Paclitaxel - 30mg/5ml,30mg/5ml,Injectable concentrated powder for solution,5923692,https://www.moph.gov.lb/en/Drugs/view/3428
3434,L01CD01,PACLITAXEL MYLAN PHARMA 6MG/ML,G,Paclitaxel - 100mg/16.7ml,100mg/16.7ml,Injectable concentrated powder for solution,22410062,https://www.moph.gov.lb/en/Drugs/view/3434
3429,L01CD01,PACLITAXEL NEAPOLIS,G,Paclitaxel - 30mg,30mg,Injectable concentrate for solution,3514148,https://www.moph.gov.lb/en/Drugs/view/3429
3440,L01CD01,PACLITAXEL NEAPOLIS,G,Paclitaxel - 150mg/25ml,150mg/25ml,Injectable concentrate for solution,15665972,https://www.moph.gov.lb/en/Drugs/view/3440
3424,L01CD01,PACLITAXEL PHARMINICIO,G,Paclitaxel - 300mg/50ml,300mg/50ml,Injectable concentrate for solution,19832910,https://www.moph.gov.lb/en/Drugs/view/3424
3430,L01CD01,PACLITAXEL PHARMINICIO,G,Paclitaxel - 30mg/5ml,30mg/5ml,Injectable concentrate for solution,2824757,https://www.moph.gov.lb/en/Drugs/view/3430
3435,L01CD01,PACLITAXEL PHARMINICIO,G,Paclitaxel - 100mg/16.7ml,100mg/16.7ml,Injectable concentrate for solution,8199547,https://www.moph.gov.lb/en/Drugs/view/3435
5911,L01FX13,PADCEV,,,30mg,Injectable powder for concentrate for solution,,https://www.moph.gov.lb/en/Drugs/view/5911
2921,J01EE01,PAEDIATRIC CO-TRIMOXAZOLE MIXTURE,G,"Trimethoprim - 40mg/5ml, Sulfamethoxazole - 200mg/5ml",,Suspension,190698,https://www.moph.gov.lb/en/Drugs/view/2921
4211,M01AH05,PAINEXA,G,Etoricoxib - 90mg,90mg,"Tablet, film coated",431309,https://www.moph.gov.lb/en/Drugs/view/4211
4454,N02BE01,PAINOL,G,Paracetamol - 500mg,500mg,Tablet,95989,https://www.moph.gov.lb/en/Drugs/view/4454
4486,N02BE01,PAINOL,G,Paracetamol - 120mg/5ml,120mg/5ml,Elixir,85750,https://www.moph.gov.lb/en/Drugs/view/4486
3559,L01EF01,PALBOMED,G,Palbociclib - 100mg,100mg,Capsule,23911751,https://www.moph.gov.lb/en/Drugs/view/3559
3566,L01EF01,PALBOMED,G,Palbociclib - 125mg,125mg,Capsule,25799521,https://www.moph.gov.lb/en/Drugs/view/3566
3560,L01EF01,PALBRANCE 100,G,Palbociclib - 100mg,100mg,Capsule,168011222,https://www.moph.gov.lb/en/Drugs/view/3560
3567,L01EF01,PALBRANCE 125,G,Palbociclib - 125mg,125mg,Capsule,69032469,https://www.moph.gov.lb/en/Drugs/view/3567
5830,L01EF01,PALBRANCE 125,G,Palbociclib - 125mg,125mg,Capsule,,https://www.moph.gov.lb/en/Drugs/view/5830
3555,L01EF01,PALBRANCE 75,G,Palbociclib - 75mg,75mg,Capsule,168011222,https://www.moph.gov.lb/en/Drugs/view/3555
256,A04AA05,PALONAN,G,Palonosetron HCl - 250mcg/5ml,250mcg/5ml,Injectable solution,2194495,https://www.moph.gov.lb/en/Drugs/view/256
4441,N02BE01,PANADOL ACTIFAST,B,Paracetamol - 500mg,500mg,"Tablet, film coated",159917,https://www.moph.gov.lb/en/Drugs/view/4441
4444,N02BE01,PANADOL ADVANCE,B,Paracetamol - 500mg,500mg,"Tablet, film coated",438093,https://www.moph.gov.lb/en/Drugs/view/4444
4445,N02BE01,PANADOL ADVANCE,B,Paracetamol - 500mg,500mg,"Tablet, film coated",137072,https://www.moph.gov.lb/en/Drugs/view/4445
4446,N02BE01,PANADOL ADVANCE,B,Paracetamol - 500mg,500mg,"Tablet, film coated",389714,https://www.moph.gov.lb/en/Drugs/view/4446
4483,N02BE01,PANADOL B&I,B,Paracetamol - 120mg/5ml,120mg/5ml,"Suspension, sugar free, alcohol free",210983,https://www.moph.gov.lb/en/Drugs/view/4483
4522,N02BE51,PANADOL COLD & FLU ALL IN ONE,B,"Paracetamol - 250mg, Guaifenesin - 100mg, Phenylephrine HCl - 5mg",,"Tablet, film coated",342680,https://www.moph.gov.lb/en/Drugs/view/4522
4521,N02BE51,PANADOL COLD & FLU DAY,B,"Paracetamol - 500mg, Caffeine - 25mg, Phenylephrine HCl - 5mg",,Caplet,284895,https://www.moph.gov.lb/en/Drugs/view/4521
4526,N02BE51,PANADOL COLD & FLU VAPOUR RELEASE + DECONGESTANT,B,"Paracetamol - 600mg, Phenylephrine HCl - 10mg",,Powder for solution,460938,https://www.moph.gov.lb/en/Drugs/view/4526
4544,N02BE51,PANADOL COLD AND FLU,B,"Paracetamol - 500mg, Pseudoephedrine HCl - 30mg, Chlorpheniramine maleate - 2mg",,Tablet,278175,https://www.moph.gov.lb/en/Drugs/view/4544
4529,N02BE51,PANADOL EXTRA WITH OPTIZORB,B,"Paracetamol - 500mg, Caffeine - 65mg",,"Tablet, film coated",524099,https://www.moph.gov.lb/en/Drugs/view/4529
4530,N02BE51,PANADOL EXTRA WITH OPTIZORB,B,"Paracetamol - 500mg, Caffeine - 65mg",,"Tablet, film coated",252642,https://www.moph.gov.lb/en/Drugs/view/4530
4459,N02BE01,PANADOL JOINT,B,Paracetamol - 665mg,665mg,"Tablet, film coated, prolonged release",291614,https://www.moph.gov.lb/en/Drugs/view/4459
4538,N02BE51,PANADOL MIGRAINE,B,"Paracetamol - 250mg, Acetylsalicylic acid - 250mg, Caffeine - 65mg",,Caplet,604729,https://www.moph.gov.lb/en/Drugs/view/4538
4517,N02BE51,PANADOL NIGHT,B,"Paracetamol - 500mg, Diphenhydramine HCl - 25mg",,Caplet,315803,https://www.moph.gov.lb/en/Drugs/view/4517
4518,N02BE51,PANADOL NIGHT,B,"Paracetamol - 500mg, Diphenhydramine HCl - 25mg",,"Tablet, film coated",315803,https://www.moph.gov.lb/en/Drugs/view/4518
4520,N02BE51,PANADOL SINUS,B,"Paracetamol - 500mg, Pseudoephedrine HCl - 30mg",,Caplet,228453,https://www.moph.gov.lb/en/Drugs/view/4520
182,A03DB04,PANADOL WOMAN,B,"Paracetamol - 500mg, Hyoscine butylbromide - 10mg",,"Tablet, coated",436749,https://www.moph.gov.lb/en/Drugs/view/182
3431,L01CD01,PANATAXEL,G,Paclitaxel - 30mg/5ml,30mg/5ml,Injectable concentrated solution,3563870,https://www.moph.gov.lb/en/Drugs/view/3431
3436,L01CD01,PANATAXEL,G,Paclitaxel - 100mg/16.7ml,100mg/16.7ml,Injectable concentrated solution,7071670,https://www.moph.gov.lb/en/Drugs/view/3436
3441,L01CD01,PANATAXEL,G,Paclitaxel - 150mg/25ml,150mg/25ml,Injectable concentrated solution,16521761,https://www.moph.gov.lb/en/Drugs/view/3441
5913,L01CD01,PANATAXEL,G,Paclitaxel - 100mg/16.7ml,100mg/16.7ml,Injectable concentrated solution,,https://www.moph.gov.lb/en/Drugs/view/5913
4112,M01AB55,PANCLO B12,G,"Diclofenac sodium - 75mg, Betamethasone disodium phosphate - 2mg, Hydroxocobalamin sulphate - 10mg",,Injectable solution,1158392,https://www.moph.gov.lb/en/Drugs/view/4112
2165,D07CB01,PANDERM,G,"Triamcinolone acetonide - 1mg/g, Gramicidin - 0.25mg/g, Neomycin (sulfate) - 2.5mg/g, Nystatin - 100.000IU/g",,Cream,180075,https://www.moph.gov.lb/en/Drugs/view/2165
4183,M01AG01,PANGESIC FORTE,G,Mefenamic acid - 500mg,500mg,"Tablet, film coated",327898,https://www.moph.gov.lb/en/Drugs/view/4183
61,A02BC02,PANTO TAD,G,Pantoprazole (sodium) - 40mg,40mg,"Tablet, gastroresistant",470345,https://www.moph.gov.lb/en/Drugs/view/61
68,A02BC02,PANTO TAD,G,Pantoprazole (sodium) - 20mg,20mg,"Tablet, gastroresistant",294302,https://www.moph.gov.lb/en/Drugs/view/68
609,A11AA,PANTOGAR,B,"P-aminobenzoic acid - 20mg, Keratine - 20mg, Medical yeast - 100mg, Thiamine mononitrate - 60mg, L-Cystine - 20mg, Calcium D-pantothenate - 60mg",,Capsule,2005013,https://www.moph.gov.lb/en/Drugs/view/609
62,A02BC02,PANTOMAX,G,Pantoprazole (sodium sesquihydrate) - 40mg,40mg,"Tablet, enteric coated",771366,https://www.moph.gov.lb/en/Drugs/view/62
63,A02BC02,PANTOMAX,G,Pantoprazole (sodium sesquihydrate) - 40mg,40mg,"Tablet, enteric coated",1381470,https://www.moph.gov.lb/en/Drugs/view/63
69,A02BC02,PANTOMAX,G,Pantoprazole (sodium sesquihydrate) - 20mg,20mg,"Tablet, enteric coated",440780,https://www.moph.gov.lb/en/Drugs/view/69
70,A02BC02,PANTOMAX,G,Pantoprazole (sodium sesquihydrate) - 20mg,20mg,"Tablet, enteric coated",837214,https://www.moph.gov.lb/en/Drugs/view/70
74,A02BC02,PANTONIX-JULPHAR,G,Pantoprazole - 40mg,40mg,Injectable powder for solution,260705,https://www.moph.gov.lb/en/Drugs/view/74
75,A02BC02,PANTOPRAZOL SALA,G,Pantoprazole (sodium) - 40mg,40mg,Injectable powder for solution,503941,https://www.moph.gov.lb/en/Drugs/view/75
64,A02BC02,PANTOVER,G,Pantoprazole (sodium sesquihydrate) - 40mg,40mg,"Tablet, enteric coated",739113,https://www.moph.gov.lb/en/Drugs/view/64
3111,J02AC01,PANZIMOL,G,Fluconazole - 100mg,100mg,"Capsule, hard",1988887,https://www.moph.gov.lb/en/Drugs/view/3111
3127,J02AC01,PANZIMOL,G,Fluconazole - 150mg,150mg,"Capsule, hard",423310,https://www.moph.gov.lb/en/Drugs/view/3127
3556,L01EF01,PAPILLIO,G,Palbociclib - 75mg,75mg,"Capsule, hard",147883080,https://www.moph.gov.lb/en/Drugs/view/3556
3561,L01EF01,PAPILLIO,G,Palbociclib - 100mg,100mg,"Capsule, hard",147883080,https://www.moph.gov.lb/en/Drugs/view/3561
3568,L01EF01,PAPILLIO,G,Palbociclib - 125mg,125mg,"Capsule, hard",147883080,https://www.moph.gov.lb/en/Drugs/view/3568
5756,L01EF01,PAPILLIO,G,Palbociclib - 125mg,125mg,"Capsule, hard",,https://www.moph.gov.lb/en/Drugs/view/5756
5825,L01EF01,PAPILLIO,G,Palbociclib - 100mg,100mg,"Capsule, hard",,https://www.moph.gov.lb/en/Drugs/view/5825
4479,N02BE01,PARA-DENK 125 SUPPOS.,G,Paracetamol - 125mg,125mg,Suppository,190826,https://www.moph.gov.lb/en/Drugs/view/4479
4480,N02BE01,PARA-DENK 125 SUPPOS.,G,Paracetamol - 125mg,125mg,Suppository,190826,https://www.moph.gov.lb/en/Drugs/view/4480
4471,N02BE01,PARA-DENK 250 SUPPOS.,G,Paracetamol - 250mg,250mg,Suppository,190826,https://www.moph.gov.lb/en/Drugs/view/4471
4472,N02BE01,PARA-DENK 250 SUPPOS.,G,Paracetamol - 250mg,250mg,Suppository,190826,https://www.moph.gov.lb/en/Drugs/view/4472
4511,N02BE01,PARA-SOLUTIONS,G,Paracetamol - 1g/100ml,500mg/100ml,Injectable solution,179179,https://www.moph.gov.lb/en/Drugs/view/4511
4510,N02BE01,PARACEROL,G,Paracetamol - 10mg/ml,10mg/ml,Injectable solution,1536012,https://www.moph.gov.lb/en/Drugs/view/4510
4455,N02BE01,PARACETAMOL,G,Paracetamol - 500mg,500mg,Tablet,1873700,https://www.moph.gov.lb/en/Drugs/view/4455
4456,N02BE01,PARACETAMOL,G,Paracetamol - 500mg,500mg,Tablet,66552,https://www.moph.gov.lb/en/Drugs/view/4456
4457,N02BE01,PARACETAMOL,G,Paracetamol - 500mg,500mg,Tablet,3161230,https://www.moph.gov.lb/en/Drugs/view/4457
4487,N02BE01,PARACETAMOL  ELIXIR,G,Paracetamol - 120mg/5ml,120mg/5ml,Elixir,85750,https://www.moph.gov.lb/en/Drugs/view/4487
4464,N02BE01,PARACETAMOL ARROW,G,Paracetamol - 1g,1g,Tablet,80631,https://www.moph.gov.lb/en/Drugs/view/4464
4500,N02BE01,PARACETAMOL B.BRAUN,G,Paracetamol - 1000mg/100ml,1000mg/100ml,Injectable solution,129009,https://www.moph.gov.lb/en/Drugs/view/4500
4501,N02BE01,PARACETAMOL MACOPHARMA,G,Paracetamol - 1000mg/100ml,10mg/ml,Injectable solution,9350840,https://www.moph.gov.lb/en/Drugs/view/4501
4502,N02BE01,PARACETAMOL NORMON,G,Paracetamol - 1000mg/100ml,10mg/ml,Injectable solution,9633134,https://www.moph.gov.lb/en/Drugs/view/4502
4496,N02BE01,PARACETAMOL PANPHARMA,G,Paracetamol - 10mg/ml,10mg/ml,Injectable solution,1959322,https://www.moph.gov.lb/en/Drugs/view/4496
4503,N02BE01,PARACETAMOL PANPHARMA,G,Paracetamol - 1000mg/100ml,10mg/ml,Injectable solution,8675675,https://www.moph.gov.lb/en/Drugs/view/4503
4504,N02BE01,PARACETAMOL PANPHARMA,G,Paracetamol - 1000mg/100ml,10mg/ml,Injectable solution,2215996,https://www.moph.gov.lb/en/Drugs/view/4504
4498,N02BE01,PARACETAMOL S.A.L.F,G,Paracetamol - 1000mg/100ml,10mg/ml,Injectable solution,5542006,https://www.moph.gov.lb/en/Drugs/view/4498
4533,N02BE51,PARACETAMOL/CAFEINE/CODEINE BIOGARAN,G,"Paracetamol - 400mg, Caffeine - 50mg, Codeine - 20mg",,Capsule,548288,https://www.moph.gov.lb/en/Drugs/view/4533
4419,N02AJ06,PARACO-DENK 1000/60,G,"Paracetamol - 1000mg, Codeine phosphate hemihydrate - 60mg",,Suppository,636981,https://www.moph.gov.lb/en/Drugs/view/4419
4505,N02BE01,PARAMED,G,Paracetamol - 10mg/ml,10mg/ml,Injectable solution,814369,https://www.moph.gov.lb/en/Drugs/view/4505
4488,N02BE01,PARAMOL,G,Paracetamol - 120mg/5ml,120mg/5ml,"Syrup, alcohol free",85750,https://www.moph.gov.lb/en/Drugs/view/4488
4514,N02BE01,PARANOR,G,Paracetamol - 650mg,650mg,Tablet,162605,https://www.moph.gov.lb/en/Drugs/view/4514
4512,N02BE01,PARASWISS,G,Paracetamol - 1g/100ml,1g/100ml,Injectable solution,130353,https://www.moph.gov.lb/en/Drugs/view/4512
4267,M03BB53,PARAXONE-JPI,G,"Paracetamol - 300mg, Chlorzoxazone - 250mg",,Capsule,334617,https://www.moph.gov.lb/en/Drugs/view/4267
82,A02BC04,PARIET,B,Rabeprazole (sodium) - 20mg,20mg,"Tablet, gastroresistant",779429,https://www.moph.gov.lb/en/Drugs/view/82
744,B01AB05,PARINOX 20,BioTech,Enoxaparin sodium - 2000IU (20mg)/0.2ml,2000IU (20mg)/0.2ml,Injectable solution,188138,https://www.moph.gov.lb/en/Drugs/view/744
724,B01AB05,PARINOX 40,BioTech,Enoxaparin sodium - 4000IU (40mg)/0.4ml,4000IU (40mg)/0.4ml,Injectable solution,358358,https://www.moph.gov.lb/en/Drugs/view/724
725,B01AB05,PARINOX 40,BioTech,Enoxaparin sodium - 4000IU (40mg)/0.4ml,4000IU (40mg)/0.4ml,Injectable solution,3225222,https://www.moph.gov.lb/en/Drugs/view/725
738,B01AB05,PARINOX 60,BioTech,Enoxaparin sodium - 6000IU (60mg)/0.6ml,6000IU (60mg)/0.6ml,Injectable solution,438989,https://www.moph.gov.lb/en/Drugs/view/738
731,B01AB05,PARINOX 80,BioTech,Enoxaparin sodium - 8000IU (80mg)/0.8ml,8000IU (80mg)/0.8ml,Injectable solution,494022,https://www.moph.gov.lb/en/Drugs/view/731
4941,N06AB05,PARLOTIN,G,Paroxetine (HCl) - 20mg,20mg,Tablet,894999,https://www.moph.gov.lb/en/Drugs/view/4941
4493,N02BE01,PAROL CHILDREN,G,Paracetamol - 240mg/5ml,240mg/5ml,Elixir,314843,https://www.moph.gov.lb/en/Drugs/view/4493
4489,N02BE01,PAROL INFANTS,G,Paracetamol - 120mg/5ml,120mg/5ml,Syrup,281567,https://www.moph.gov.lb/en/Drugs/view/4489
5653,S02CA07,PAROTICIN,G,"Fludrocortisone acetate - 1mg/ml, Polymyxin B (sulfate) - 10.000IU/ml, Lidocaine - 50mg/ml",,Drops solution,319835,https://www.moph.gov.lb/en/Drugs/view/5653
5626,S01GX09,PATANOL,B,Olopatadine (HCl) - 0.1%,0.1%,Drops solution,572477,https://www.moph.gov.lb/en/Drugs/view/5626
3425,L01CD01,PATAXEL,G,Paclitaxel - 300mg/50ml,300mg/50ml,Injectable concentrate for solution,17809220,https://www.moph.gov.lb/en/Drugs/view/3425
3432,L01CD01,PATAXEL,G,Paclitaxel - 30mg/5ml,30mg/5ml,Injectable concentrate for solution,2447137,https://www.moph.gov.lb/en/Drugs/view/3432
3437,L01CD01,PATAXEL,G,Paclitaxel - 100mg/16.7ml,100mg/16.7ml,Injectable concentrate for solution,8500054,https://www.moph.gov.lb/en/Drugs/view/3437
4942,N06AB05,PAXERA,G,Paroxetine (HCl) - 20mg,20mg,"Tablet, film-scored",1016841,https://www.moph.gov.lb/en/Drugs/view/4942
4895,N05BA12,PAZOLAM,G,Alprazolam - 0.5mg,0.5mg,Tablet,556351,https://www.moph.gov.lb/en/Drugs/view/4895
4411,N02AB03,PECFENT,B,Fentanyl (citrate) - 400mcg/spray,400mcg/spray,Spray,5718050,https://www.moph.gov.lb/en/Drugs/view/4411
4412,N02AB03,PECFENT,B,Fentanyl (citrate) - 100mcg/spray,100mcg/spray,Spray,4343299,https://www.moph.gov.lb/en/Drugs/view/4412
3658,L01FD02,PECTUNA,BioTech,Pertuzumab - 420mg/14ml,420mg/14ml,Injectable concentrate for solution,132032880,https://www.moph.gov.lb/en/Drugs/view/3658
2586,H02AB06,PEDIACORT,G,Prednisolone sodium phosphate - 15mg/5ml,15mg/5ml,Solution,417231,https://www.moph.gov.lb/en/Drugs/view/2586
4139,M01AE01,PEDIAFEN,G,Ibuprofen - 100mg/5ml,100mg/5ml,Suspension,200936,https://www.moph.gov.lb/en/Drugs/view/4139
894,B03AA07,PEDIAFER,G,Ferrous (sulfate) - 15mg/ml,15mg/ml,Drops,550975,https://www.moph.gov.lb/en/Drugs/view/894
645,A11CC05,PEDIAVIT D,G,Vitamin D3 - 400IU,400IU,Liquid,550975,https://www.moph.gov.lb/en/Drugs/view/645
648,A11CC05,PEDIAVIT D 800,G,Vitamin D3 - 800IU,800IU,Liquid,580540,https://www.moph.gov.lb/en/Drugs/view/648
1181,B05XA,PEDITRACE,B,"Sodium selenite 5H2O (anhydrous) - 6.66mcg/ml, Sodium fluoride - 126mcg/ml, Potassium iodide - 1.31mcg/ml, Zinc chloride - 521mcg/ml, Copper chloride - 53.7mcg/ml, Manganese chloride 4H2O - 3.6mcg/ml",,Injectable concentrated solution,4749139,https://www.moph.gov.lb/en/Drugs/view/1181
767,B01AC04,PEDOVEX,G,Clopidogrel (Bisulfate) - 75mg,75mg,"Tablet, film coated",808993,https://www.moph.gov.lb/en/Drugs/view/767
3850,L03AB11,PEGASYS,BioTech,Peginterferon alfa-2a - 135mcg/0.5ml,135mcg/0.5ml,Injectable solution,15796329,https://www.moph.gov.lb/en/Drugs/view/3850
3851,L03AB11,PEGASYS,BioTech,Peginterferon alfa-2a - 180mcg/0.5ml,180mcg/0.5ml,Injectable solution,18197019,https://www.moph.gov.lb/en/Drugs/view/3851
3852,L03AB11,PEGASYS,BioTech,Peginterferon alfa-2a - 180mcg/0.5ml,180mcg/0.5ml,Injectable solution,60563068,https://www.moph.gov.lb/en/Drugs/view/3852
5757,L03AB11,PEGASYS,BioTech,Peginterferon alfa-2a - 180mcg/0.5ml,180mcg/0.5ml,Injectable solution,,https://www.moph.gov.lb/en/Drugs/view/5757
5841,L03AB11,PEGASYS,BioTech,Peginterferon alfa-2a - 180mcg/0.5ml,180mcg/0.5ml,Injectable solution,,https://www.moph.gov.lb/en/Drugs/view/5841
2153,D07AC18,PEITEL,B,Prednicarbate - 0.25%,0.25%,Cream,507972,https://www.moph.gov.lb/en/Drugs/view/2153
3349,L01BA04,PEMETREXED ACCORD,G,Pemetrexed (disodium) - 500mg,500mg,Injectable powder for concentrate for solution,20000292,https://www.moph.gov.lb/en/Drugs/view/3349
3350,L01BA04,PEMETREXED EVER PHARMA,G,Pemetrexed (disodium) - 500mg/20ml,500mg/20ml,Injectable concentrate for solution,38284701,https://www.moph.gov.lb/en/Drugs/view/3350
3359,L01BA04,PEMETREXED EVER PHARMA,G,Pemetrexed (disodium) - 100mg/4ml,100mg/4ml,Injectable concentrate for solution,12185492,https://www.moph.gov.lb/en/Drugs/view/3359
3351,L01BA04,PEMETREXED NEAPOLIS,G,Pemetrexed (disodium) - 500mg,,Injectable powder,41289202,https://www.moph.gov.lb/en/Drugs/view/3351
3360,L01BA04,PEMETREXED NEAPOLIS,G,Pemetrexed (disodium) - 100mg,100mg,Injectable solution,10554169,https://www.moph.gov.lb/en/Drugs/view/3360
5752,L01BA04,PEMETREXED NEAPOLIS,G,Pemetrexed (disodium) - 500mg,,Injectable powder,,https://www.moph.gov.lb/en/Drugs/view/5752
5864,L01BA04,PEMETREXED NEAPOLIS,G,Pemetrexed (disodium) - 100mg,100mg,Injectable solution,,https://www.moph.gov.lb/en/Drugs/view/5864
3352,L01BA04,PEMETREXED PHARMINICIO,G,Pemetrexed (disodium) - 500mg,500mg,Injectable lyophilised powder,46641484,https://www.moph.gov.lb/en/Drugs/view/3352
3361,L01BA04,PEMETREXED PHARMINICIO,G,Pemetrexed (disodium) - 100mg,100mg,Injectable lyophilised powder,12000505,https://www.moph.gov.lb/en/Drugs/view/3361
5963,L01BA04,PEMETREXED PHARMINICIO,G,Pemetrexed (disodium) - 500mg,500mg,Injectable lyophilised powder,,https://www.moph.gov.lb/en/Drugs/view/5963
3353,L01BA04,PEMETREXED SPC,G,Pemetrexed (disodium) - 500mg,500mg,Injectable concentrated powder for solution,43746515,https://www.moph.gov.lb/en/Drugs/view/3353
3354,L01BA04,PEMETREXED STRAGEN,G,Pemetrexed (disodium) - 500mg/20ml,500mg/20ml,Injectable concentrate for solution,24037602,https://www.moph.gov.lb/en/Drugs/view/3354
3362,L01BA04,PEMETREXED STRAGEN,G,Pemetrexed (disodium) - 100mg/4ml,100mg/4ml,Injectable concentrate for solution,12759187,https://www.moph.gov.lb/en/Drugs/view/3362
3363,L01BA04,PEMETREXED STRAGEN,G,Pemetrexed (disodium) - 1000mg/40ml,1000mg/40ml,Injectable concentrate for solution,40480209,https://www.moph.gov.lb/en/Drugs/view/3363
3355,L01BA04,PEMITRA,G,Pemetrexed (disodium) - 500mg,500mg,Injectable powder for concentrate for solution,47161032,https://www.moph.gov.lb/en/Drugs/view/3355
2671,J01CE01,PENICILLINE G PANPHARMA,G,"Benzylpenicillin (sodium) - 1,000,000IU","1,000,000IU",Injectable powder for solution,2858353,https://www.moph.gov.lb/en/Drugs/view/2671
318,A07EC02,PENTASA,B,Mesalazine - 1g,1g,"Tablet, controlled release",4945340,https://www.moph.gov.lb/en/Drugs/view/318
326,A07EC02,PENTASA,B,Mesalazine - 1g,1g,Suppository,4153817,https://www.moph.gov.lb/en/Drugs/view/326
330,A07EC02,PENTASA,B,Mesalazine - 1g,1g,Enema,2791161,https://www.moph.gov.lb/en/Drugs/view/330
335,A07EC02,PENTASA,B,Mesalazine - 4g,4g,"Granules, prolonged release",8513063,https://www.moph.gov.lb/en/Drugs/view/335
321,A07EC02,PENTASA XTEND,B,Mesalazine - 2g,2g,Granules for suspension,8550789,https://www.moph.gov.lb/en/Drugs/view/321
3306,J07CA06,PENTAXIM,B,"Poliomyelitis virus type 3 inactivated(Prefilled syringe) - 32D.U., Poliomyelitis virus type 2 inactivated(Prefilled syringe) - 8D.U., Poliomyelitis virus type 1 inactivated(Prefilled syringe) - 40D.U., Bordetella pertussis antigen (Prefilled syringe) - toxoid 25mcg+filamentous haemaglutinin 25mcg, Tetanus toxoid (Prefilled syringe) - ?40IU, Diphtheria toxoid (Prefilled syringe) - ?30IU, H. Influenza type b polysaccharide(Vial) - 10mcg",,Injectable dry powder+suspension,2558676,https://www.moph.gov.lb/en/Drugs/view/3306
4576,N02BG09,PENTHROX INHALER,B,Methoxyflurane -,,Inhalation,21080096,https://www.moph.gov.lb/en/Drugs/view/4576
1419,C04AD03,PENTOXIFYLLINE SR,G,Pentoxifylline - 1160,400mg,"Tablet, sustained release",1478227,https://www.moph.gov.lb/en/Drugs/view/1419
79,A02BC03,PEPTAZOLE,G,Lansoprazole - 30mg,30mg,Capsule,252642,https://www.moph.gov.lb/en/Drugs/view/79
2397,G03GA30,PERGOVERIS,BioHuman,"Follitropin alfa - 150IU, Lutropin Alfa - 75IU",,Injectable powder for solution+diluent,6523011,https://www.moph.gov.lb/en/Drugs/view/2397
5482,R06AX02,PERIACTIN,B,Cyproheptadine HCl - 4mg,4mg,Tablet,255970,https://www.moph.gov.lb/en/Drugs/view/5482
980,B05BA10,PERIOLIMEL N4E,B,"Olive oil + Soja oil - 60.00g, Alanine - 7.33g, Arginine - 4.96g, Aspartic Acid - 1.46g, Glutamic Acid - 2.53g, Glycine - 3.51g, Histidine - 3.02g, Isoleucine - 2.53g, Leucine - 3.51g, Lysine - 3.98g, Methionine - 2.53g, Phenylalanine - 3.51g, Proline - 3.02g, Serine - 2.00g, Threonine - 2.53g, Tryptophan - 0.85g, Tyrosine - 0.13g, Valine - 3.24g, Sodium acetate, 3H2O - 2.31g, Sodium glycerophosphate, H2O - 3.82g, Potassium chloride - 2.38g, Magnesium chloride, 6H2O - 0.90g, Calcium chloride 2H2O - 0.59g, Glucose monohydrate - 165.00g",,Injectable emulsion,7049529,https://www.moph.gov.lb/en/Drugs/view/980
981,B05BA10,PERIOLIMEL N4E,B,"Olive oil + Soja oil - 45.00g, Alanine - 5.50g, Arginine - 3.72g, Aspartic Acid - 1.10g, Glutamic Acid - 1.90g, Glycine - 2.63g, Histidine - 2.26g, Isoleucine - 1.90g, Leucine - 2.63g, Lysine - 2.99g, Methionine - 1.90g, Phenylalanine - 2.63g, Proline - 2.26g, Serine - 1.50g, Threonine - 1.90g, Tryptophan - 0.64g, Tyrosine - 0.10g, Valine - 2.43g, Sodium acetate, 3H2O - 1.73g, Sodium glycerophosphate, H2O - 2.87g, Potassium chloride - 1.79g, Magnesium chloride, 6H2O - 0.67g, Calcium chloride 2H2O - 0.44g, Glucose monohydrate - 123.75g",,Injectable emulsion,5288020,https://www.moph.gov.lb/en/Drugs/view/981
1160,B05D,PERITONEAL DIALYSIS SOLUTION WITH 1 1/2% DEXTROSE,G,"Sodium lactate - 0.392g%, Calcium chloride, 2H2O - 0.0257g%, Magnesium chloride, 6H2O - 0.0153g%, Sodium chloride - 0.567g%, Dextrose, H2O - 1.5g%",,Injectable solution,490807,https://www.moph.gov.lb/en/Drugs/view/1160
1159,B05D,PERITONEAL DIALYSIS SOLUTION WITH 4 1/4% DEXTROSE,G,"Sodium lactate - 0.392g%, Calcium chloride, 2H2O - 0.0257g%, Magnesium chloride, 6H2O - 0.0153g%, Sodium chloride - 0.567g%, Dextrose, H2O - 4.25g%",,Injectable solution,498744,https://www.moph.gov.lb/en/Drugs/view/1159
3659,L01FD02,PERJETA 420MG,BioTech,Pertuzumab - 420mg/14ml,420mg/14ml,Injectable concentrate for solution,220054714,https://www.moph.gov.lb/en/Drugs/view/3659
5788,L01FD02,PERJETA 420MG,BioTech,Pertuzumab - 420mg/14ml,420mg/14ml,Injectable concentrate for solution,,https://www.moph.gov.lb/en/Drugs/view/5788
5180,P03AC04,PERMACARE,G,Permethrin - 1%,1%,Lotion,590011,https://www.moph.gov.lb/en/Drugs/view/5180
4748,N05AB03,PERPHENAZINE,G,Perphenazine - 8mg,8mg,"Tablet, scored",624567,https://www.moph.gov.lb/en/Drugs/view/4748
3660,L01FD02,PERTUVIA,BioTech,Pertuzumab - 420mg/14ml,420mg/14ml,Injectable concentrate for solution,147592404,https://www.moph.gov.lb/en/Drugs/view/3660
5914,L01FD02,PERTUVIA,BioTech,Pertuzumab - 420mg/14ml,420mg/14ml,Injectable concentrate for solution,,https://www.moph.gov.lb/en/Drugs/view/5914
4407,N02AB02,PETHIDIN PANPHARMA,G,Pethidine HCl - 50mg/ml,50mg/ml,Injectable solution,862747,https://www.moph.gov.lb/en/Drugs/view/4407
3356,L01BA04,PEXITREX,G,Pemetrexed (disodium) - 500mg/20ml,500mg/20ml,Injectable concentrate for solution,54692465,https://www.moph.gov.lb/en/Drugs/view/3356
3364,L01BA04,PEXITREX,G,Pemetrexed (disodium) - 1000mg/40ml,1000mg/40ml,Injectable concentrate for solution,95101200,https://www.moph.gov.lb/en/Drugs/view/3364
608,A11AA,PHARMATON KIDDI,B,"Vitamin E - 15mg/15ml, Phosphorous - 200mg/15ml, Calcium - 130mg/15ml, Vitamin D3 - 600IU/15ml, D Panthenol - 10mg/15ml, Nicotinamide - 20mg/15ml",,Syrup,417935,https://www.moph.gov.lb/en/Drugs/view/608
4594,N03AB02,PHENTOLEP INJECTION,G,Phenytoin (sodium) - 250mg/5ml,250mg/5ml,Injectable solution,1447318,https://www.moph.gov.lb/en/Drugs/view/4594
1313,C01CA06,PHENYLEPHRINE AGUETTANT,G,Phenylephrine - 500mcg/10ml,500mcg/10ml,Injectable solution,11464796,https://www.moph.gov.lb/en/Drugs/view/1313
1311,C01CA06,PHENYLEPHRINE HYDROCHLORIDE,G,Phenylephrine HCl - 10mg/ml,1%,Injectable solution,10282281,https://www.moph.gov.lb/en/Drugs/view/1311
1312,C01CA06,PHENYLEPHRINE RENAUDIN,G,Phenylephrine - 100mcg/ml,100mcg/ml,Injectable solution,5955910,https://www.moph.gov.lb/en/Drugs/view/1312
5617,S01FB01,PHENYLEPHRINE/ COOPER,G,Phenylephrine HCl - 10%,10%,Drops solution,278175,https://www.moph.gov.lb/en/Drugs/view/5617
3777,L01XY02,PHESGO,BioTech,"Pertuzumab - 600mg, Trastuzumab - 600mg",,Injectable solution,326054156,https://www.moph.gov.lb/en/Drugs/view/3777
3778,L01XY02,PHESGO,BioTech,"Pertuzumab - 1200mg, Trastuzumab - 600mg",,Injectable solution,591417874,https://www.moph.gov.lb/en/Drugs/view/3778
153,A03AX12,PHLOROGLUCINOL/TRIMETHYLPHLOROGLUCINOL ARROW,G,"Phloroglucinol - 40mg/4ml, Trimethylphloroglucinol - 0.04mg/4ml",,Injectable solution,940690,https://www.moph.gov.lb/en/Drugs/view/153
704,A12CX,PHOSPHATE DIPOTASSIQUE RENAUDIN,G,Phosphate dipotassique - 174.20mg/ml,174.20mg/ml,Injectable solution,1189301,https://www.moph.gov.lb/en/Drugs/view/704
5697,V03AE07,PHOSPHOLOW,G,Calcium acetate - 660mg,660mg,Tablet,1118077,https://www.moph.gov.lb/en/Drugs/view/5697
5131,P01AB01,PHOSVIT,G,Metronidazole benzoate - 125mg/5ml,125mg/5ml,Suspension,207336,https://www.moph.gov.lb/en/Drugs/view/5131
5132,P01AB01,PHOZOLE,G,Metronidazole benzoate - 125mg/5ml,125mg/5ml,Suspension,207336,https://www.moph.gov.lb/en/Drugs/view/5132
846,B02BA01,PHYTOMENADIONE (VITAMINE K1) PANPHARMA,G,Phytomenadione - 10mg/ml,10mg/ml,Solution,740457,https://www.moph.gov.lb/en/Drugs/view/846
273,A06AB58,PICOPREP,B,"Magnesium oxide - 3.5g, Citric acid - 12g, Sodium picosulfate - 10mg",,Powder,694767,https://www.moph.gov.lb/en/Drugs/view/273
768,B01AC04,PIDOGREL MEDIS,G,Clopidogrel - 75mg,75mg,"Tablet, film coated",810337,https://www.moph.gov.lb/en/Drugs/view/768
3200,J05AG06,PIFELTRO,B,Doravirine - 100mg,100mg,"Tablet, film coated",27819434,https://www.moph.gov.lb/en/Drugs/view/3200
1433,C05AX05,PILOCIN,G,"Tribenoside - 5%, Lidocaine HCl - 2%",,Cream,271456,https://www.moph.gov.lb/en/Drugs/view/1433
3017,J01MA12,PILOQ,G,Levofloxacin - 500mg/100ml,500mg/100ml,Injectable solution,980365,https://www.moph.gov.lb/en/Drugs/view/3017
547,A10BG03,PIODIAB 15,G,Pioglitazone HCl - 15mg,15mg,Tablet,1053317,https://www.moph.gov.lb/en/Drugs/view/547
545,A10BG03,PIODIAB 30,G,Pioglitazone HCl - 30mg,30mg,Tablet,2111753,https://www.moph.gov.lb/en/Drugs/view/545
2723,J01CR05,PIPERACILINA/TAZOBACTAM SALA,G,"Piperacillin (sodium) - 4g, Tazobactam (sodium) - 0.5g",,Injectable powder for solution,913813,https://www.moph.gov.lb/en/Drugs/view/2723
2724,J01CR05,PIPERACILLIN/TAZOBACTAM PANPHARMA,G,"Piperacillin (sodium) - 4g, Tazobactam (sodium) - 0.5g",,Injectable powder for solution,7461939,https://www.moph.gov.lb/en/Drugs/view/2724
2725,J01CR05,PIPERACILLIN/TAZOBACTAM SANDOZ,G,"Piperacillin (sodium) - 4g, Tazobactam (sodium) - 0.5g",,Injectable powder for solution,913813,https://www.moph.gov.lb/en/Drugs/view/2725
2726,J01CR05,PIPERACILLIN/TAZOBACTAM SANDOZ,G,"Piperacillin (sodium) - 4g, Tazobactam (sodium) - 0.5g",,Injectable powder for solution,7961483,https://www.moph.gov.lb/en/Drugs/view/2726
2727,J01CR05,PIPERACILLIN/TAZOBACTAM STRAGEN,G,"Piperacillin (sodium) - 4g, Tazobactam (sodium) - 0.5g",,Injectable powder for solution,897687,https://www.moph.gov.lb/en/Drugs/view/2727
2728,J01CR05,PIPERACILLIN/TAZOBACTAM STRAGEN,G,"Piperacillin (sodium) - 4g, Tazobactam (sodium) - 0.5g",,Injectable powder for solution,7820986,https://www.moph.gov.lb/en/Drugs/view/2728
2718,J01CR05,PIPERACILLINE/ TAZOBACTAM ARROW,G,"Piperacillin (sodium) - 2g, Tazobactam (sodium) - 250mg",,Injectable powder for solution,731050,https://www.moph.gov.lb/en/Drugs/view/2718
2729,J01CR05,PIPERACILLINE/ TAZOBACTAM ARROW,G,"Piperacillin (sodium) - 4g, Tazobactam (sodium) - 500mg",,Injectable powder for solution,7378682,https://www.moph.gov.lb/en/Drugs/view/2729
2730,J01CR05,PIPTAZ-ORBUCELL,G,"Piperacillin (sodium) - 4g, Tazobactam (sodium) - 0.5g",,Injectable powder for solution,1087873,https://www.moph.gov.lb/en/Drugs/view/2730
3595,L01EM03,PIQRAY,B,Alpelisib - 150mg,150mg,"Tablet, film coated",359195954,https://www.moph.gov.lb/en/Drugs/view/3595
3596,L01EM03,PIQRAY,B,"Alpelisib - 200mg, Alpelisib - 50mg",150mg,"Tablet, film coated",359195954,https://www.moph.gov.lb/en/Drugs/view/3596
4041,L04AX05,PIRFENIDONE ARROW,G,Pirfenidone - 267mg,267mg,Tablet,50805749,https://www.moph.gov.lb/en/Drugs/view/4041
4043,L04AX05,PIRFENIDONE ARROW,G,Pirfenidone - 801mg,801mg,Tablet,77537702,https://www.moph.gov.lb/en/Drugs/view/4043
4850,N05AX12,PIRIFY,G,Aripiprazole - 10mg,10mg,Tablet,795555,https://www.moph.gov.lb/en/Drugs/view/4850
4858,N05AX12,PIRIFY,G,Aripiprazole - 15mg,15mg,Tablet,795555,https://www.moph.gov.lb/en/Drugs/view/4858
4862,N05AX12,PIRIFY,G,Aripiprazole - 5mg,5mg,Tablet,614328,https://www.moph.gov.lb/en/Drugs/view/4862
4118,M01AC01,PIROXEN,G,Piroxicam - 20mg,20mg/ml,Injectable solution,537537,https://www.moph.gov.lb/en/Drugs/view/4118
4119,M01AC01,PIROXEN DISPERSIBLE,G,Piroxicam - 20mg,20mg,"Tablet, dispersible",450187,https://www.moph.gov.lb/en/Drugs/view/4119
4225,M02AA07,PIROXICALM,G,Piroxicam - 0.5%,0.5%,Gel,207336,https://www.moph.gov.lb/en/Drugs/view/4225
4115,M01AC01,PIROXICAM,G,Piroxicam - 10mg,10mg,Capsule,353239,https://www.moph.gov.lb/en/Drugs/view/4115
1971,C10AA08,PIVAL,G,Pitavastatin - 2mg,2mg,Tablet,802466,https://www.moph.gov.lb/en/Drugs/view/1971
1973,C10AA08,PIVAL,G,Pitavastatin - 4mg,4mg,Tablet,1265772,https://www.moph.gov.lb/en/Drugs/view/1973
4726,N04BB01,PK-MERZ,B,Amantadine (sulfate) - 100mg,100mg,"Tablet, film coated",1382814,https://www.moph.gov.lb/en/Drugs/view/4726
965,B05AA01,PLASBUMIN-20 ALBUMIN (HUMAN),BioHuman,Albumin human - 20%,20%,Injectable solution,3641813,https://www.moph.gov.lb/en/Drugs/view/965
769,B01AC04,PLAVINOR-75,G,Clopidogrel - 75mg,"Tablet, film coated","Tablet, film coated",1112702,https://www.moph.gov.lb/en/Drugs/view/769
752,B01AC04,PLAVIX,B,Clopidogrel (hydrogenosulfate) - 75mg,75mg,"Tablet, film coated",1350562,https://www.moph.gov.lb/en/Drugs/view/752
753,B01AC04,PLAVIX,B,Clopidogrel (hydrogenosulfate) - 75mg,75mg,"Tablet, film coated",1350562,https://www.moph.gov.lb/en/Drugs/view/753
2437,G04BE03,PLEASE,G,Sildenafil - 50mg,50mg,"Film, orally soluble",2687685,https://www.moph.gov.lb/en/Drugs/view/2437
4552,N02BF02,PLENICA,G,Pregabalin - 150mg,150mg,Capsule,997131,https://www.moph.gov.lb/en/Drugs/view/4552
4563,N02BF02,PLENICA,G,Pregabalin - 75mg,75mg,Capsule,697454,https://www.moph.gov.lb/en/Drugs/view/4563
4572,N02BF02,PLENICA,G,Pregabalin - 25mg,25mg,Capsule,697454,https://www.moph.gov.lb/en/Drugs/view/4572
3857,L03AX16,PLERIXAFOR ARROW,G,Plerixafor - 20mg/ml,20mg/ml,Injectable solution,289660995,https://www.moph.gov.lb/en/Drugs/view/3857
5670,V03AB35,PLIBADEX,G,Sugammadex - 200mg/2ml,200mg/2ml,Injectable solution,47914365,https://www.moph.gov.lb/en/Drugs/view/5670
5673,V03AB35,PLIBADEX,G,Sugammadex - 500mg/5ml,500mg/5ml,Injectable solution,98646620,https://www.moph.gov.lb/en/Drugs/view/5673
5035,N06BA09,PMS-ATOMOXETINE,G,Atomoxetine (HCl) - 60mg,60mg,Capsule,5228891,https://www.moph.gov.lb/en/Drugs/view/5035
5037,N06BA09,PMS-ATOMOXETINE,G,Atomoxetine (HCl) - 40mg,40mg,Capsule,4706136,https://www.moph.gov.lb/en/Drugs/view/5037
5039,N06BA09,PMS-ATOMOXETINE,G,Atomoxetine (HCl) - 25mg,25mg,Capsule,4121565,https://www.moph.gov.lb/en/Drugs/view/5039
5040,N06BA09,PMS-ATOMOXETINE,G,Atomoxetine (HCl) - 18mg,18mg,Capsule,3744073,https://www.moph.gov.lb/en/Drugs/view/5040
1366,C02KX01,PMS-BOSENTAN,G,Bosentan (monohydrate) - 125mg,125mg,Tablet,77539821,https://www.moph.gov.lb/en/Drugs/view/1366
1369,C02KX01,PMS-BOSENTAN,G,Bosentan (monohydrate) - 62.5mg,62.5mg,Tablet,77539821,https://www.moph.gov.lb/en/Drugs/view/1369
5009,N06AX21,PMS-DULOXETINE,G,Duloxetine HCl - 60mg,60mg,"Capsule, delayed release",976973,https://www.moph.gov.lb/en/Drugs/view/5009
5012,N06AX21,PMS-DULOXETINE,G,Duloxetine HCl - 30mg,30mg,"Capsule, delayed release",642357,https://www.moph.gov.lb/en/Drugs/view/5012
3881,L04AA27,PMS-FINGOLIMOD,G,Fingolimod Hydrochloride - 0.5mg,0.5mg,Capsule,19694724,https://www.moph.gov.lb/en/Drugs/view/3881
4931,N06AB03,PMS-FLUOXETINE,G,Fluoxetine (HCl) - 20mg,20mg,Capsule,592635,https://www.moph.gov.lb/en/Drugs/view/4931
4932,N06AB03,PMS-FLUOXETINE,G,Fluoxetine (HCl) - 20mg,20mg,Capsule,1505104,https://www.moph.gov.lb/en/Drugs/view/4932
4649,N03AX12,PMS-GABAPENTIN,G,Gabapentin - 300mg,300mg,Capsule,869466,https://www.moph.gov.lb/en/Drugs/view/4649
4657,N03AX12,PMS-GABAPENTIN,G,Gabapentin - 400mg,400mg,Capsule,1071042,https://www.moph.gov.lb/en/Drugs/view/4657
4943,N06AB05,PMS-PAROXETINE,G,Paroxetine (HCl) - 20mg,20mg,Tablet,731050,https://www.moph.gov.lb/en/Drugs/view/4943
4553,N02BF02,PMS-PREGABALIN,G,Pregabalin - 150mg,150mg,Capsule,2534487,https://www.moph.gov.lb/en/Drugs/view/4553
4564,N02BF02,PMS-PREGABALIN,G,Pregabalin - 75mg,75mg,Capsule,1776560,https://www.moph.gov.lb/en/Drugs/view/4564
4573,N02BF02,PMS-PREGABALIN,G,Pregabalin - 25mg,25mg,Capsule,770022,https://www.moph.gov.lb/en/Drugs/view/4573
4797,N05AH04,PMS-QUETIAPINE,G,Quetiapine fumarate - 25mg,25mg,Tablet,814369,https://www.moph.gov.lb/en/Drugs/view/4797
4800,N05AH04,PMS-QUETIAPINE,G,Quetiapine fumarate - 100mg,100mg,Tablet,1890786,https://www.moph.gov.lb/en/Drugs/view/4800
4318,M05BA07,PMS-RISEDRONATE,G,Risedronate sodium - 35mg,35mg,Tablet,674609,https://www.moph.gov.lb/en/Drugs/view/4318
4321,M05BA07,PMS-RISEDRONATE,G,Risedronate sodium - 150mg,150mg,Tablet,806306,https://www.moph.gov.lb/en/Drugs/view/4321
4823,N05AX08,PMS-RISPERIDONE,G,Risperidone - 1mg,1mg,Tablet,823775,https://www.moph.gov.lb/en/Drugs/view/4823
4829,N05AX08,PMS-RISPERIDONE,G,Risperidone - 1mg/ml,1mg/ml,Solution,604729,https://www.moph.gov.lb/en/Drugs/view/4829
4833,N05AX08,PMS-RISPERIDONE,G,Risperidone - 2mg,2mg,Tablet,931283,https://www.moph.gov.lb/en/Drugs/view/4833
4839,N05AX08,PMS-RISPERIDONE,G,Risperidone - 4mg,4mg,Tablet,1276650,https://www.moph.gov.lb/en/Drugs/view/4839
1935,C10AA07,PMS-ROSUVASTATIN,G,Rosuvastatin (calcium) - 10mg,10mg,Tablet,564414,https://www.moph.gov.lb/en/Drugs/view/1935
1951,C10AA07,PMS-ROSUVASTATIN,G,Rosuvastatin (calcium) - 20mg,20mg,Tablet,564414,https://www.moph.gov.lb/en/Drugs/view/1951
4957,N06AB06,PMS-SERTRALINE,G,Sertraline HCl - 100mg,100mg,Capsule,2015764,https://www.moph.gov.lb/en/Drugs/view/4957
3894,L04AA31,PMS-TERIFLUNOMIDE,G,Teriflunomide - 14mg,14mg,Tablet,29079206,https://www.moph.gov.lb/en/Drugs/view/3894
3265,J07AL02,PNEUMOSIL (10-VALENT),G,Pneumococcal polysaccharide conjugate vaccine (adsorbed) -,,Injectable suspension,3386483,https://www.moph.gov.lb/en/Drugs/view/3265
3262,J07AL01,PNEUMOVAX 23,B,Polysaccharides from each of 23 capsular types of Streptococcus pneumoniae - 25mcgx23serotypes/0.5ml,,Injectable solution,2378601,https://www.moph.gov.lb/en/Drugs/view/3262
5141,P01AB01,POLGYL,G,Metronidazole - 0.5%,0.5%,Injectable solution,134384,https://www.moph.gov.lb/en/Drugs/view/5141
3291,J07BF03,POLIOMYELITIS VACCINE INACTIVATED,B,"Poliomyelitis virus type 1 inactivated - 40D.U, Poliomyelitis virus type 2 inactivated - 8D.U, Poliomyelitis virus type 3 inactivated - 32D.U",,Injectable suspension,1206771,https://www.moph.gov.lb/en/Drugs/view/3291
3696,L01FX14,POLIVY,BioHuman,Polatuzumab vedotin - 140mg,140mg,Injectable powder for concentrate for solution,1146496418,https://www.moph.gov.lb/en/Drugs/view/3696
5831,L01FX14,POLIVY,BioHuman,Polatuzumab vedotin - 140mg,140mg,Injectable powder for concentrate for solution,,https://www.moph.gov.lb/en/Drugs/view/5831
5651,S02CA06,POLYDEXA,G,"Dexamethasone sodium metasulfobenzoate - 1.000.000IU/100ml, Polymyxin B sulfate - 100mg/100ml, Neomycin sulfate - 650.000IU/100ml",,Drops solution,278175,https://www.moph.gov.lb/en/Drugs/view/5651
2280,G01AA51,POLYGYNAX,B,"Nystatin - 100,000IU, Polymixin B sulfate - 35,000IU, Neomycin sulfate - 35,000IU",,"Capsule, vaginal",407184,https://www.moph.gov.lb/en/Drugs/view/2280
4046,L04AX06,POMALIDOMIDE EUGIA,G,Pomalidomide - 3mg,3mg,Capsule,203232371,https://www.moph.gov.lb/en/Drugs/view/4046
4048,L04AX06,POMALIDOMIDE EUGIA,G,Pomalidomide - 4mg,4mg,Capsule,203232371,https://www.moph.gov.lb/en/Drugs/view/4048
2057,D02AF,POMMADE ACIDE SALICYLIQUE,G,Salicylic acid - 10%,10%,Ointment,284127,https://www.moph.gov.lb/en/Drugs/view/2057
4182,M01AG01,PONSTAN FORTE,B,Mefenamic acid - 500mg,500mg,"Tablet, film coated",219046,https://www.moph.gov.lb/en/Drugs/view/4182
3988,L04AE04,PONVORY,B,Ponesimod - 20mg,20mg,"Tablet, film coated",74118566,https://www.moph.gov.lb/en/Drugs/view/3988
3989,L04AE04,PONVORY,B,"Ponesimod - 2x2mg, 2x3mg, 2x4mg, 1x5mg, 1x6mg, 1x7mg, 1x8mg, 1x9mg, 3x10mg",,"Tablet, film coated",37059944,https://www.moph.gov.lb/en/Drugs/view/3989
3990,L04AE04,PONVORY,B,"Ponesimod - 2x2mg, 2x3mg, 2x4mg, 1x5mg, 1x6mg, 1x7mg, 1x8mg, 1x9mg, 3x10mg",,"Tablet, film coated",37059944,https://www.moph.gov.lb/en/Drugs/view/3990
3991,L04AE04,PONVORY,B,Ponesimod - 20mg,20mg,"Tablet, film coated",74118566,https://www.moph.gov.lb/en/Drugs/view/3991
2166,D07CB01,POSITON,G,"Triamcinolone acetonide - 100mg, Neomycin (sulfate) - 250mg, Nystatin -",,Cream,1064323,https://www.moph.gov.lb/en/Drugs/view/2166
2717,J01CR02,POSMOX,G,"Amoxicillin (trihydrate) - 875mg, Clavulanic Acid (potassium) - 125mg",1g,Powder,616824,https://www.moph.gov.lb/en/Drugs/view/2717
1184,B05XA01,POTASSIUM CHLORIDE,G,Potassium chloride - 7.46g/100ml,7.46g/100ml,Injectable solution,2822386,https://www.moph.gov.lb/en/Drugs/view/1184
1185,B05XA01,POTASSIUM CHLORIDE,G,Potassium chloride - 7.46g/100ml,7.46g/100ml,Injectable solution,663077,https://www.moph.gov.lb/en/Drugs/view/1185
1187,B05XA01,POTASSIUM CHLORIDE,G,Potassium chloride - 10g/100ml,10g/100ml,Injectable solution,3023493,https://www.moph.gov.lb/en/Drugs/view/1187
1188,B05XA01,POTASSIUM CHLORIDE,G,Potassium chloride - 15g/100ml,15g/100ml,Injectable solution,5688441,https://www.moph.gov.lb/en/Drugs/view/1188
1189,B05XA01,POTASSIUM CHLORIDE,G,Potassium chloride - 11.2g/100ml,11.2g/100ml,Injectable solution,789487,https://www.moph.gov.lb/en/Drugs/view/1189
705,A13A,POTENCIATOR,G,Arginine Aspartate - 5g/10ml,5g,Solution,1402972,https://www.moph.gov.lb/en/Drugs/view/705
1784,C09DB01,POVAM,G,"Amlodipine (besylate) - 5mg, Valsartan - 160mg",,"Tablet, film coated",857372,https://www.moph.gov.lb/en/Drugs/view/1784
1791,C09DB01,POVAM,G,"Amlodipine (besylate) - 10mg, Valsartan - 160mg",,"Tablet, film coated",857372,https://www.moph.gov.lb/en/Drugs/view/1791
805,B01AE07,PRADAXA,B,Dabigatran etexilate (mesilate) - 110mg,110mg,"Capsule, hard",1603204,https://www.moph.gov.lb/en/Drugs/view/805
806,B01AE07,PRADAXA,B,Dabigatran etexilate (mesilate) - 110mg,110mg,"Capsule, hard",3205064,https://www.moph.gov.lb/en/Drugs/view/806
808,B01AE07,PRADAXA,B,Dabigatran etexilate (mesilate) - 150mg,150mg,"Capsule, hard",3031709,https://www.moph.gov.lb/en/Drugs/view/808
4969,N06AB10,PRAMACYT 10,G,Escitalopram (oxalate) - 10mg,10mg,"Tablet, film coated",767910,https://www.moph.gov.lb/en/Drugs/view/4969
4976,N06AB10,PRAMACYT 15,G,Escitalopram (oxalate) - 15mg,15mg,"Tablet, film coated",921492,https://www.moph.gov.lb/en/Drugs/view/4976
4981,N06AB10,PRAMACYT 20,G,Escitalopram (oxalate) - 20mg,20mg,"Tablet, film coated",972686,https://www.moph.gov.lb/en/Drugs/view/4981
4985,N06AB10,PRAMACYT 5,G,Escitalopram (oxalate) - 5mg,5mg,"Tablet, film coated",895895,https://www.moph.gov.lb/en/Drugs/view/4985
4729,N04BC05,PRAMIPEXOLE BIOGARAN,G,Pramipexole (dihydrochloride monohydrate) - 0.18mg,0.18mg,Tablet,440780,https://www.moph.gov.lb/en/Drugs/view/4729
4731,N04BC05,PRAMIPEXOLE BIOGARAN,G,Pramipexole (dihydrochloride monohydrate) - 0.7mg,0.7mg,Tablet,1733557,https://www.moph.gov.lb/en/Drugs/view/4731
4775,N05AH03,PRANZA,G,Olanzapine - 5mg,5mg,"Tablet, orodispersible",1773872,https://www.moph.gov.lb/en/Drugs/view/4775
4784,N05AH03,PRANZA,G,Olanzapine - 10mg,10mg,"Tablet, orodispersible",3553120,https://www.moph.gov.lb/en/Drugs/view/4784
83,A02BC04,PRASOLAN,G,Rabeprazole sodium - 20mg,20mg,"Tablet, enteric coated",230373,https://www.moph.gov.lb/en/Drugs/view/83
1999,C10BA03,PRAVAFEN,B,"Pravastatin sodium - 40mg, Fenofibrate - 160mg",,"Capsule, hard",1264556,https://www.moph.gov.lb/en/Drugs/view/1999
1860,C10AA03,PRAVASTATINE ARROW,G,Pravastatin - 40mg,40mg,"Tablet, breakable",526786,https://www.moph.gov.lb/en/Drugs/view/1860
1863,C10AA03,PRAVASTATINE ARROW,G,Pravastatin - 20mg,20mg,"Tablet, breakable",526786,https://www.moph.gov.lb/en/Drugs/view/1863
4910,N05CM18,PRECEDEX (DEXMEDETOMIDINE),B,Dexmedetomidine HCl - 200mcg/2ml,200mcg/2ml,Injectable solution,19441512,https://www.moph.gov.lb/en/Drugs/view/4910
5555,S01BA04,PRED FORTE,B,Prednisolone acetate - 10mg/ml,1%,Drops suspension,260705,https://www.moph.gov.lb/en/Drugs/view/5555
5556,S01BA04,PRED FORTE,B,Prednisolone acetate - 10mg/ml,1%,Drops suspension,260705,https://www.moph.gov.lb/en/Drugs/view/5556
2587,H02AB06,PREDALONE,G,Prednisolone - 15mg/5ml,15mg/5ml,Syrup,890776,https://www.moph.gov.lb/en/Drugs/view/2587
2607,H02B,PREDALONE PLUS,G,"Prednisolone sodium phosphate - 10mg/5ml, Dexchlorpheniramine maleate - 2mg/5ml",,Syrup,890776,https://www.moph.gov.lb/en/Drugs/view/2607
2591,H02AB07,PREDICOR,G,Prednisone - 5mg,5mg,"Tablet, scored",174060,https://www.moph.gov.lb/en/Drugs/view/2591
2593,H02AB07,PREDICOR,G,Prednisone - 20mg,20mg,"Tablet, scored",346839,https://www.moph.gov.lb/en/Drugs/view/2593
2595,H02AB07,PREDICOR,G,Prednisone - 10mg,10mg,"Tablet, scored",386515,https://www.moph.gov.lb/en/Drugs/view/2595
2597,H02AB07,PREDICOR,G,Prednisone - 50mg,50mg,"Tablet, scored",712876,https://www.moph.gov.lb/en/Drugs/view/2597
2592,H02AB07,PREDNISONE,G,Prednisone - 5mg,5mg,"Tablet, scored",176619,https://www.moph.gov.lb/en/Drugs/view/2592
2594,H02AB07,PREDNISONE,G,Prednisone - 20mg,20mg,"Tablet, scored",346839,https://www.moph.gov.lb/en/Drugs/view/2594
2596,H02AB07,PREDNISONE,G,Prednisone - 10mg,10mg,"Tablet, scored",386515,https://www.moph.gov.lb/en/Drugs/view/2596
2598,H02AB07,PREDNISONE,G,Prednisone - 50mg,50mg,"Tablet, scored",742313,https://www.moph.gov.lb/en/Drugs/view/2598
2588,H02AB06,PREDO,G,Prednisolone sodium phosphate - 15mg/5ml,15mg/5ml,Syrup,1018633,https://www.moph.gov.lb/en/Drugs/view/2588
2589,H02AB06,PREDOXONE,G,Prednisolone sodium phosphate - 15mg/5ml,15mg/5ml,Solution,417231,https://www.moph.gov.lb/en/Drugs/view/2589
4565,N02BF02,PREGABADOR,G,Pregabalin - 75mg,75mg,"Capsule, hard",364181,https://www.moph.gov.lb/en/Drugs/view/4565
4566,N02BF02,PREGABALINE MEDIS,G,Pregabalin - 75mg,75mg,Capsule,310428,https://www.moph.gov.lb/en/Drugs/view/4566
4567,N02BF02,PREGASTAR,G,Pregabalin - 75mg,75mg,"Capsule, hard",653370,https://www.moph.gov.lb/en/Drugs/view/4567
2152,D07AC14,PRENIDERM,G,Methylprednisolone aceponate - 0.1%,0.1%,Cream,312283,https://www.moph.gov.lb/en/Drugs/view/2152
1630,C09BB04,PRESORYL PLUS,G,"Perindopril arginine - 5mg, Amlodipine (besylate) - 5mg",,Tablet,557695,https://www.moph.gov.lb/en/Drugs/view/1630
1633,C09BB04,PRESORYL PLUS,G,"Perindopril arginine - 10mg, Amlodipine (besylate) - 5mg",,Tablet,770022,https://www.moph.gov.lb/en/Drugs/view/1633
1635,C09BB04,PRESORYL PLUS,G,"Perindopril arginine - 10mg, Amlodipine (besylate) - 10mg",,Tablet,770022,https://www.moph.gov.lb/en/Drugs/view/1635
1624,C09BA04,PRETERAX ARGININE,B,"Perindopril arginine - 2.5mg, Indapamide - 0.625mg",,"Tablet, film coated",452875,https://www.moph.gov.lb/en/Drugs/view/1624
3263,J07AL02,PREVENAR 13,B,"Polysaccharide for serotypes 1, 3, 4, 5 , 6A, 7F, 9V,14, 18C, 19A, 19F, 23F (2.2mcg)Polysaccharide for serotypes 6B (4.4mcg)Conjugated to CRM197 carrier protein and adsorbed on aluminium phosphate (0.125mg aluminium) -",,Injectable suspension,6352343,https://www.moph.gov.lb/en/Drugs/view/3263
5960,J07AL02,PREVENAR 20,B,"Pneumococcal polysaccharide for serotypes 1, 3, 4, 5 , 6A, 7F,8, 9V,10A, 11A, 12F, 14, 15B, 18C, 19A, 19F,22F, 23F, 33F (2.2mcg) Pneumococcal polysaccharide for serotypes 6B (4.4mcg)Conjugated to CRM197 carrier protein (approximately 51mcg) adsorbed on aluminium phosphate (0.125mg aluminium) -",,Injectable suspension,,https://www.moph.gov.lb/en/Drugs/view/5960
3266,J07AL02,PREVENAR 20,B,"Pneumococcal polysaccharide for serotypes 1, 3, 4, 5 , 6A, 7F,8, 9V,10A, 11A, 12F, 14, 15B, 18C, 19A, 19F,22F, 23F, 33F (2.2mcg) Pneumococcal polysaccharide for serotypes 6B (4.4mcg)Conjugated to CRM197 carrier protein (approximately 51mcg) adsorbed on aluminium phosphate (0.125mg aluminium) -",,Injectable suspension,7415107,https://www.moph.gov.lb/en/Drugs/view/3266
3222,J05AX18,PREVYMIS,B,Letermovir - 240mg,240mg,"Tablet, film coated",460943945,https://www.moph.gov.lb/en/Drugs/view/3222
3223,J05AX18,PREVYMIS,B,Letermovir - 480mg,480mg,"Tablet, film coated",961233292,https://www.moph.gov.lb/en/Drugs/view/3223
3224,J05AX18,PREVYMIS,B,Letermovir - 240mg/12ml,240mg/12ml,Injectable concentrate for solution,23599640,https://www.moph.gov.lb/en/Drugs/view/3224
4793,N05AH03,PREXAL 10,G,Olanzapine - 10mg,10mg,"Caplet, film coated",881561,https://www.moph.gov.lb/en/Drugs/view/4793
4769,N05AH03,PREXAL 5,G,Olanzapine - 5mg,5mg,"Caplet, film coated",718956,https://www.moph.gov.lb/en/Drugs/view/4769
4381,N01BB54,PRILA,G,"Prilocaine - 2.5% w/w, Lidocaine - 2.5% w/w",,Cream,1057604,https://www.moph.gov.lb/en/Drugs/view/4381
4382,N01BB54,PRILA,G,"Prilocaine - 2.5% w/w, Lidocaine - 2.5% w/w",,Cream,1163768,https://www.moph.gov.lb/en/Drugs/view/4382
2486,G04BX14,PRILIGY,B,Dapoxetine (hydrochloride) - 30mg,30mg,"Tablet, film coated",1957979,https://www.moph.gov.lb/en/Drugs/view/2486
2490,G04BX14,PRILIGY,B,Dapoxetine (hydrochloride) - 60mg,60mg,"Tablet, film coated",1957979,https://www.moph.gov.lb/en/Drugs/view/2490
4063,M01AB05,PRIMAFENAC,G,Diclofenac sodium - 50mg,50mg,"Tablet, enteric coated",223974,https://www.moph.gov.lb/en/Drugs/view/4063
179,A03CA02,PRIMAX,G,"Clidinium bromide - 2.5mg, Chlordiazepoxide - 5mg",,Tablet,222694,https://www.moph.gov.lb/en/Drugs/view/179
100,A02BC05,PRIMAZOL 20,G,Esomeprazole (magnesium dihydrate) - 20mg,20mg,"Capsule, gastro-resistant",511940,https://www.moph.gov.lb/en/Drugs/view/100
115,A02BC05,PRIMAZOL 40,G,Esomeprazole (magnesium dihydrate) - 40mg,40mg,"Capsule, gastro-resistant",639925,https://www.moph.gov.lb/en/Drugs/view/115
2373,G03DC02,PRIMOLUT NOR,B,Norethisterone acetate - 5mg,5mg,Tablet,296989,https://www.moph.gov.lb/en/Drugs/view/2373
3288,J07BD52,PRIORIX,B,"Rubella virus live attenuated - ?10³ CCID50, Mumps virus live attenuated - ?103.7 CCID50, Measles virus live attenuated - ?10³ CCID50",,Injectable lyophilised powder for solution+diluent,1142266,https://www.moph.gov.lb/en/Drugs/view/3288
3236,J06BA02,PRIVIGEN,BioHuman,Immunoglobulin human - 5g/50ml,10%,Injectable solution,44417758,https://www.moph.gov.lb/en/Drugs/view/3236
5407,R05DB21,PRIVITUSS,G,L-Cloperastine - 708mg/100ml,708mg/100ml,Suspension,801186,https://www.moph.gov.lb/en/Drugs/view/5407
2489,G04BX14,PRIXETIN 30,G,Dapoxetine (hydrochloride) - 30mg,30mg,"Tablet, film coated",2105353,https://www.moph.gov.lb/en/Drugs/view/2489
2492,G04BX14,PRIXETIN 60,G,Dapoxetine (hydrochloride) - 60mg,,"Tablet, film coated",1479123,https://www.moph.gov.lb/en/Drugs/view/2492
2731,J01CR05,PRIZMA,G,"Piperacillin (sodium) - 4g, Tazobactam (sodium) - 0.5g",,Injectable powder for solution,913813,https://www.moph.gov.lb/en/Drugs/view/2731
1459,C07AA05,PROBETOL,G,Propranolol HCl - 10mg,10mg,Tablet,126705,https://www.moph.gov.lb/en/Drugs/view/1459
1462,C07AA05,PROBETOL,G,Propranolol HCl - 40mg,40mg,Tablet,159981,https://www.moph.gov.lb/en/Drugs/view/1462
2075,D04AB01,PROCOMIL,G,Lidocaine - 10%,10%,Spray,139760,https://www.moph.gov.lb/en/Drugs/view/2075
1343,C01EB17,PROCORALAN,B,Ivabradin (HCl) - 5mg,5mg,"Tablet, film coated",1890786,https://www.moph.gov.lb/en/Drugs/view/1343
1347,C01EB17,PROCORALAN,B,Ivabradin (HCl) - 7.5mg,7.5mg,"Tablet, film coated",1890786,https://www.moph.gov.lb/en/Drugs/view/1347
2320,G02CB03,PROCTIN,G,Cabergoline - 0.5mg,0.5mg,Tablet,248291,https://www.moph.gov.lb/en/Drugs/view/2320
2321,G02CB03,PROCTIN,G,Cabergoline - 0.5mg,0.5mg,Tablet,976526,https://www.moph.gov.lb/en/Drugs/view/2321
2322,G02CB03,PROCTINMED,G,Cabergoline - 0.5mg,0.5mg,Tablet,473545,https://www.moph.gov.lb/en/Drugs/view/2322
2323,G02CB03,PROCTINMED,G,Cabergoline - 0.5mg,0.5mg,Tablet,1689402,https://www.moph.gov.lb/en/Drugs/view/2323
1431,C05AX05,PROCTO GLYVENOL,B,"Lidocaine - 40mg, Tribenoside - 400mg",,Suppository,399121,https://www.moph.gov.lb/en/Drugs/view/1431
1432,C05AX05,PROCTO GLYVENOL,B,"Lidocaine HCl - 2g/100g, Tribenoside - 5g/100g",,Cream,405840,https://www.moph.gov.lb/en/Drugs/view/1432
4159,M01AE03,PROFEMIGR,B,Ketoprofen - 150mg,150mg,"Tablet, scored",302365,https://www.moph.gov.lb/en/Drugs/view/4159
4160,M01AE03,PROFENID,B,Ketoprofen - 100mg,100mg,"Tablet, film coated",469001,https://www.moph.gov.lb/en/Drugs/view/4160
4163,M01AE03,PROFENID,B,Ketoprofen - 100mg,100mg,Suppository,321178,https://www.moph.gov.lb/en/Drugs/view/4163
4127,M01AE01,PROFINAL,G,Ibuprofen - 400mg,400mg,"Tablet, film coated",182763,https://www.moph.gov.lb/en/Drugs/view/4127
4140,M01AE01,PROFINAL,G,Ibuprofen - 100mg/5ml,100mg/5ml,Suspension,208296,https://www.moph.gov.lb/en/Drugs/view/4140
4142,M01AE01,PROFINAL,G,Ibuprofen - 600mg,600mg,Tablet,302365,https://www.moph.gov.lb/en/Drugs/view/4142
4179,M01AE51,PROFINAL XP,G,"Ibuprofen - 400mg, Caffeine - 65mg",,"Caplet, film coated",286238,https://www.moph.gov.lb/en/Drugs/view/4179
2365,G03DA04,PROGESING,BioTech,Progesterone - 100mg/2ml,100mg/2ml,Injectable oily solution,1423129,https://www.moph.gov.lb/en/Drugs/view/2365
2352,G03DA04,PROGEST,G,Progesterone micronised - 100mg,100mg,"Capsule, soft gelatin",368213,https://www.moph.gov.lb/en/Drugs/view/2352
2357,G03DA04,PROGEST 200,G,Progesterone micronised - 200mg,200mg,"Capsule, soft gelatin",411216,https://www.moph.gov.lb/en/Drugs/view/2357
2361,G03DA04,PROGESTOGEL,B,Progesterone - 1%,1%,Gel,542912,https://www.moph.gov.lb/en/Drugs/view/2361
2362,G03DA04,PROGESTOGEL,B,Progesterone - 1%,1%,Gel,542912,https://www.moph.gov.lb/en/Drugs/view/2362
5586,S01EC03,PROGLAU,G,Dorzolamide HCl - 20mg/ml,20mg/ml,Drops solution,517379,https://www.moph.gov.lb/en/Drugs/view/5586
3977,L04AD02,PROGRAF 0.5 MG,B,Tacrolimus - 0.5mg,0.5mg,Capsule,13942481,https://www.moph.gov.lb/en/Drugs/view/3977
3978,L04AD02,PROGRAF 0.5 MG,B,Tacrolimus - 0.5mg,0.5mg,Capsule,13942481,https://www.moph.gov.lb/en/Drugs/view/3978
5816,L04AD02,PROGRAF 0.5 MG,B,Tacrolimus - 0.5mg,0.5mg,Capsule,,https://www.moph.gov.lb/en/Drugs/view/5816
3971,L04AD02,PROGRAF 1MG,B,Tacrolimus - 1mg,1mg,Capsule,25241922,https://www.moph.gov.lb/en/Drugs/view/3971
3972,L04AD02,PROGRAF 1MG,B,Tacrolimus - 1mg,1mg,Capsule,25241922,https://www.moph.gov.lb/en/Drugs/view/3972
5817,L04AD02,PROGRAF 1MG,B,Tacrolimus - 1mg,1mg,Capsule,,https://www.moph.gov.lb/en/Drugs/view/5817
3974,L04AD02,PROGRAF 5MG,B,Tacrolimus - 5mg,5mg,Capsule,94286686,https://www.moph.gov.lb/en/Drugs/view/3974
3975,L04AD02,PROGRAF 5MG,B,Tacrolimus - 5mg,5mg,Capsule,94286686,https://www.moph.gov.lb/en/Drugs/view/3975
5818,L04AD02,PROGRAF 5MG,B,Tacrolimus - 5mg,5mg,Capsule,,https://www.moph.gov.lb/en/Drugs/view/5818
2374,G03FB01,PROGYLUTON,B,"Norgestrel - 0.5mg (tablet 2), Estradiol valerate - 2mg (tablet 1, tablet 2)",,Tablet,193513,https://www.moph.gov.lb/en/Drugs/view/2374
200,A03FA03,PROKININ,G,Domperidone - 10mg,10mg,"Tablet, film coated",221734,https://www.moph.gov.lb/en/Drugs/view/200
5920,M05BX04,PROLIA,BioTech,Denosumab - 60mg/ml,60mg/ml,Injectable solution,,https://www.moph.gov.lb/en/Drugs/view/5920
4332,M05BX04,PROLIA,BioTech,Denosumab - 60mg/ml,60mg/ml,Injectable solution,21603638,https://www.moph.gov.lb/en/Drugs/view/4332
364,A10AB04,PROLOG,BioTech,Insulin lispro - 100U/ml,100U/ml,Injectable solution,637365,https://www.moph.gov.lb/en/Drugs/view/364
365,A10AB04,PROLOG,BioTech,Insulin lispro - 100U/ml,100U/ml,Injectable solution,2126343,https://www.moph.gov.lb/en/Drugs/view/365
366,A10AB04,PROLOG,BioTech,Insulin lispro - 100U/ml,100U/ml,Injectable solution,883480,https://www.moph.gov.lb/en/Drugs/view/366
368,A10AB04,PROLOG,BioTech,Insulin lispro - 100U/ml,100U/ml,Injectable suspension,1503312,https://www.moph.gov.lb/en/Drugs/view/368
2369,G03DA04,PROLUTEX,B,Progesterone - 25mg,25mg,Injectable solution,5570227,https://www.moph.gov.lb/en/Drugs/view/2369
2347,G03DA03,PROLUTON DEPOT,B,Hydroxyprogesterone caproate - 250mg/ml,250mg/ml,Injectable solution,270112,https://www.moph.gov.lb/en/Drugs/view/2347
5443,R06AD02,PROMETAL,G,Promethazine - 25mg,25mg,Tablet,194537,https://www.moph.gov.lb/en/Drugs/view/5443
5444,R06AD02,PROMETAL,G,Promethazine - 25mg,25mg,Tablet,8003607,https://www.moph.gov.lb/en/Drugs/view/5444
5442,R06AD02,PROMETHAZINE HYDROCHLORIDE,G,Promethazine HCl - 5mg/5ml,5mg/5ml,Syrup,204776,https://www.moph.gov.lb/en/Drugs/view/5442
2308,G02AD02,PROPESS,B,Dinoprostone - 10mg,10mg,Vaginal delivery system,5838996,https://www.moph.gov.lb/en/Drugs/view/2308
5246,R03AK06,PROPIONATE DE FLUTICASONE/ SALMETEROL ARROW,G,"Salmeterol - 50mcg/dose, Fluticasone propionate - 100mcg/dose",,Inhalation powder,1593797,https://www.moph.gov.lb/en/Drugs/view/5246
5249,R03AK06,PROPIONATE DE FLUTICASONE/ SALMETEROL ARROW,G,"Salmeterol - 50mcg/dose, Fluticasone propionate - 250mcg/dose",,Inhalation powder,1980824,https://www.moph.gov.lb/en/Drugs/view/5249
5252,R03AK06,PROPIONATE DE FLUTICASONE/ SALMETEROL ARROW,G,"Salmeterol - 50mcg/dose, Fluticasone propionate - 500mcg/dose",,Inhalation powder,2605711,https://www.moph.gov.lb/en/Drugs/view/5252
4355,N01AX10,PROPOFOL 1% MCT/LCT FRESENIUS,G,Propofol - 1%,1%,Injectable emulsion,847965,https://www.moph.gov.lb/en/Drugs/view/4355
4353,N01AX10,PROPOFOL-LIPURO,B,Propofol - 10mg/ml,1%,Injectable emulsion,1411035,https://www.moph.gov.lb/en/Drugs/view/4353
2516,G04CB01,PROSCAR,B,Finasteride - 5mg,5mg,"Tablet, film coated",846621,https://www.moph.gov.lb/en/Drugs/view/2516
5362,R05CA12,PROSPAN ACUTE EFFERVESCENT COUGH TABLETS,B,Dried Ivy leaf extract - 65mg,,"Tablet, effervescent",479752,https://www.moph.gov.lb/en/Drugs/view/5362
5363,R05CA12,PROSPAN COUGH LIQUID,B,Dried Ivy leaf extract - 35mg/5ml,35mg/5ml,Liquid,353431,https://www.moph.gov.lb/en/Drugs/view/5363
5364,R05CA12,PROSPAN COUGH SYRUP,B,Dried Ivy leaf extract - 35mg/5ml,35mg/5ml,Solution,353431,https://www.moph.gov.lb/en/Drugs/view/5364
2503,G04CA02,PROSTAFINE,G,Tamsulosin HCl - 0.4mg,0.4mg,"Capsule, modified release",761511,https://www.moph.gov.lb/en/Drugs/view/2503
2498,G04CA01,PROSTETROL,G,Alfuzosin HCl - 10mg,10mg,"Tablet, modified release",360150,https://www.moph.gov.lb/en/Drugs/view/2498
2499,G04CA01,PROSTETROL,G,Alfuzosin HCl - 10mg,10mg,"Tablet, modified release",682672,https://www.moph.gov.lb/en/Drugs/view/2499
1339,C01EA01,PROSTIN VR,B,Alprostadil - 500mcg/ml,500mcg/ml,Injectable concentrated solution,19894577,https://www.moph.gov.lb/en/Drugs/view/1339
5668,V03AB14,PROSULF 1%,B,Protamine sulfate - 50mg/5ml,1%,Injectable solution,8216459,https://www.moph.gov.lb/en/Drugs/view/5668
3082,J01XD02,PROTOGYN,G,Tinidazole - 500mg,500mg,"Tablet, film coated",217702,https://www.moph.gov.lb/en/Drugs/view/3082
2252,D11AH01,PROTOPIC,B,Tacrolimus monohydrate - 0.1%,0.1%,Ointment,2127303,https://www.moph.gov.lb/en/Drugs/view/2252
101,A02BC05,PROTREX,G,Esomeprazole - 20mg,20mg,Capsule,511940,https://www.moph.gov.lb/en/Drugs/view/101
116,A02BC05,PROTREX,G,Esomeprazole - 40mg,40mg,Capsule,646324,https://www.moph.gov.lb/en/Drugs/view/116
2339,G03BB01,PROVIRON,B,Mesterolone - 25mg,25mg,Tablet,391058,https://www.moph.gov.lb/en/Drugs/view/2339
4156,M01AE02,PROXEN 250,B,Naproxen - 250mg,250mg,"Tablet, film coated",666546,https://www.moph.gov.lb/en/Drugs/view/4156
4154,M01AE02,PROXEN 500,B,Naproxen - 500mg,500mg,"Tablet, film coated",915157,https://www.moph.gov.lb/en/Drugs/view/4154
4933,N06AB03,PROXETIN,G,Fluoxetine (HCl) - 20mg,20mg,Capsule,374996,https://www.moph.gov.lb/en/Drugs/view/4933
4912,N05CM18,PROXIDA,G,Dexmedetomidine HCl - 200mcg/2ml,200mcg/2ml,Injectable concentrate for solution,1771184,https://www.moph.gov.lb/en/Drugs/view/4912
4970,N06AB10,PRYLEX 10,G,Escitalopram (oxalate) - 10mg,10mg,"Tablet, film coated",767910,https://www.moph.gov.lb/en/Drugs/view/4970
4977,N06AB10,PRYLEX 15,G,Escitalopram (oxalate) - 15mg,15mg,"Tablet, film coated",921492,https://www.moph.gov.lb/en/Drugs/view/4977
4982,N06AB10,PRYLEX 20,G,Escitalopram (oxalate) - 20mg,20mg,"Tablet, film coated",972686,https://www.moph.gov.lb/en/Drugs/view/4982
4986,N06AB10,PRYLEX 5,G,Escitalopram (oxalate) - 5mg,5mg,"Tablet, film coated",895895,https://www.moph.gov.lb/en/Drugs/view/4986
4885,N05BA02,PSICODEX,G,Chlordiazepoxide - 5mg,5mg,Tablet,152302,https://www.moph.gov.lb/en/Drugs/view/4885
5288,R03BA02,PULMICORT,B,Budesonide - 0.5mg/ml,0.5mg/ml,Inhalation suspension for nebuliser,2015764,https://www.moph.gov.lb/en/Drugs/view/5288
5916,L04AX05,PULMOFIB 267,G,Pirfenidone - 267mg,267mg,"Tablet, film coated",,https://www.moph.gov.lb/en/Drugs/view/5916
4042,L04AX05,PULMOFIB 267,G,Pirfenidone - 267mg,267mg,"Tablet, film coated",20481044,https://www.moph.gov.lb/en/Drugs/view/4042
4044,L04AX05,PULMOFIB 801,G,Pirfenidone - 801mg,801mg,"Tablet, film coated",18699971,https://www.moph.gov.lb/en/Drugs/view/4044
5433,R06AA52,PULMONAL EXPECTORANT,G,"Diphenhydramine HCl - 0.015g/5ml, Ammonium HCl - 0.1g/5ml",,Syrup,177899,https://www.moph.gov.lb/en/Drugs/view/5433
5356,R05C,PULMONAL SIROP,G,"Belladona tincture - 0.5g/5ml, Drosera tincture - 2g/5ml, Ammonium bromide - 2g/5ml, Sodium benzoate - 2g/5ml",,Syrup,148463,https://www.moph.gov.lb/en/Drugs/view/5356
5396,R05CB13,PULMOZYME,BioTech,Dornase alfa (desoxyribonuclease) - 2.5mg/2.5ml,2.5mg/2.5ml,Inhalation solution,54658804,https://www.moph.gov.lb/en/Drugs/view/5396
5781,R05CB13,PULMOZYME,BioTech,Dornase alfa (desoxyribonuclease) - 2.5mg/2.5ml,2.5mg/2.5ml,Inhalation solution,,https://www.moph.gov.lb/en/Drugs/view/5781
84,A02BC04,PULOROS 28,G,Rabeprazole sodium - 20mg,20mg,"Tablet, gastroresistant",706861,https://www.moph.gov.lb/en/Drugs/view/84
117,A02BC05,PUMPINOX,G,Esomeprazole - 40mg,40mg,"Tablet, enteric coated",649076,https://www.moph.gov.lb/en/Drugs/view/117
2392,G03GA06,PUREGON,BioHuman,Follitropin beta - 300IU/0.36ml,300IU/0.36ml,Injectable solution,10919720,https://www.moph.gov.lb/en/Drugs/view/2392
2393,G03GA06,PUREGON,BioHuman,Follitropin beta - 600IU/0.72ml,600IU/0.72ml,Injectable solution,21129178,https://www.moph.gov.lb/en/Drugs/view/2393
3365,L01BB02,PURI-NETHOL,B,Mercaptopurine - 50mg,50mg,Tablet,830495,https://www.moph.gov.lb/en/Drugs/view/3365
2334,G03AD01,PURPLE LINE,G,Levonorgestrel - 1.5mg,1.5mg,"Tablet, film coated",1071570,https://www.moph.gov.lb/en/Drugs/view/2334
131,A02BD08,PYLERA,B,"Bismuth subcitrate potassium - 140mg, Tetracycline HCl - 125mg, Metronidazole - 125mg",,Capsule,6156142,https://www.moph.gov.lb/en/Drugs/view/131
5910,L01FX06,QARZIBA,,,4.5 mg/ml,Injectable lyophilised powder for solution,,https://www.moph.gov.lb/en/Drugs/view/5910
4806,N05AH04,QUETIAKEY,G,Quetiapine fumarate - 300mg,300mg,"Tablet, film coated",1947228,https://www.moph.gov.lb/en/Drugs/view/4806
4809,N05AH04,QUETIAPINE BIOGARAN L.P.,G,Quetiapine fumarate - 300mg,300mg,"Tablet, prolonged release",1759090,https://www.moph.gov.lb/en/Drugs/view/4809
4812,N05AH04,QUETIAPINE BIOGARAN L.P.,G,Quetiapine fumarate - 50mg,50mg,"Tablet, prolonged release",1010570,https://www.moph.gov.lb/en/Drugs/view/4812
4816,N05AH04,QUETIAPINE BIOGARAN L.P.,G,Quetiapine fumarate - 400mg,400mg,"Tablet, prolonged release",2612430,https://www.moph.gov.lb/en/Drugs/view/4816
4798,N05AH04,QUETIAPINE/ GENEPHARM,G,Quetiapine - 25mg,25mg,"Tablet, film coated",712237,https://www.moph.gov.lb/en/Drugs/view/4798
4801,N05AH04,QUETIAPINE/ GENEPHARM,G,Quetiapine - 100mg,100mg,"Tablet, film coated",1569608,https://www.moph.gov.lb/en/Drugs/view/4801
4805,N05AH04,QUETIAPINE/ GENEPHARM,G,Quetiapine - 200mg,200mg,"Tablet, film coated",2991393,https://www.moph.gov.lb/en/Drugs/view/4805
4807,N05AH04,QUETIAPINE/ GENEPHARM,G,Quetiapine - 300mg,300mg,"Tablet, film coated",1988887,https://www.moph.gov.lb/en/Drugs/view/4807
3051,J01MA14,QUINOMOX,G,Moxifloxacin (HCl) - 400mg,400mg,"Tablet, film coated",912469,https://www.moph.gov.lb/en/Drugs/view/3051
1008,B05BB01,R-SOL,G,"Calcium chloride, 2H2O - 0.033%, Potassium chloride - 0.03%, Sodium chloride - 0.86%",,Injectable solution,205933,https://www.moph.gov.lb/en/Drugs/view/1008
81,A02BC04,RABEC,G,Rabeprazole (sodium) - 10mg,10mg,"Tablet, film coated",212327,https://www.moph.gov.lb/en/Drugs/view/81
85,A02BC04,RABEC,G,Rabeprazole (sodium) - 20mg,20mg,"Tablet, film coated",212327,https://www.moph.gov.lb/en/Drugs/view/85
86,A02BC04,RABEZOL 20,G,Rabeprazole sodium - 20mg,20mg,"Tablet, enteric coated",282847,https://www.moph.gov.lb/en/Drugs/view/86
87,A02BC04,RABEZOL 20,G,Rabeprazole sodium - 20mg,20mg,"Tablet, enteric coated",639925,https://www.moph.gov.lb/en/Drugs/view/87
3254,J06BB05,RABISHIELD-100 (RABIES HUMAN MONOCLONAL ANTIBODY rDNA),BioHuman,"Rabies, Human IgG1 Monoclonal Antibody - 100IU/2.5ml",100IU/2.5ml,,8455824,https://www.moph.gov.lb/en/Drugs/view/3254
3292,J07BG01,RABIVAX-S (RABIES VACCINE INACTIVATED),BioTech,Freeze dried inactivated purified rabies antigen (Pitman Moore PM3218 as virus strain) -,,Injectable freeze dried material,1552138,https://www.moph.gov.lb/en/Drugs/view/3292
342,A07XA04,RACECADOTRIL ARROW,G,Racecadotril - 100mg,100mg,Capsule,583228,https://www.moph.gov.lb/en/Drugs/view/342
343,A07XA04,RACECADOTRIL BGR,G,Racecadotril - 100mg,100mg,Capsule,575165,https://www.moph.gov.lb/en/Drugs/view/343
344,A07XA04,RACECADOTRIL BIOGARAN CONSEIL,G,Racecadotril - 100mg,100mg,Capsule,287582,https://www.moph.gov.lb/en/Drugs/view/344
2566,H02AB02,RADOLINE,G,Dexamethasone sodium phosphate - 8mg/2ml,8mg/2ml,Injectable solution,3711565,https://www.moph.gov.lb/en/Drugs/view/2566
2403,G03XC01,RALOXIFENE ARROW,G,Raloxifene HCl - 60mg,60mg,"Tablet, coated",1425817,https://www.moph.gov.lb/en/Drugs/view/2403
5148,P01AB01,RAMAZOL,G,Metronidazole - 500mg,500mg,Tablet,216359,https://www.moph.gov.lb/en/Drugs/view/5148
88,A02BC04,RAMEP,G,Rabeprazole (sodium) - 20mg,20mg,"Tablet, gastroresistant",518809,https://www.moph.gov.lb/en/Drugs/view/88
1612,C09AA05,RAMIPRIL-REMEDICA,G,Ramipril - 5mg,5mg,Tablet,623543,https://www.moph.gov.lb/en/Drugs/view/1612
1618,C09AA05,RAMIPRIL-REMEDICA,G,Ramipril - 10mg,10mg,Tablet,896343,https://www.moph.gov.lb/en/Drugs/view/1618
1636,C09BB07,RAMIPRIL/AMLODIPINE GENERICON,G,"Ramipril - 2.5mg, Amlodipine - 5mg",,"Capsule, hard",1358625,https://www.moph.gov.lb/en/Drugs/view/1636
1637,C09BB07,RAMIPRIL/AMLODIPINE GENERICON,G,"Ramipril - 5mg, Amlodipine - 5mg",,"Capsule, hard",1358625,https://www.moph.gov.lb/en/Drugs/view/1637
1638,C09BB07,RAMIPRIL/AMLODIPINE GENERICON,G,"Ramipril - 10mg, Amlodipine - 5mg",,"Capsule, hard",1358625,https://www.moph.gov.lb/en/Drugs/view/1638
1639,C09BB07,RAMIPRIL/AMLODIPINE GENERICON,G,"Ramipril - 10mg, Amlodipine - 10mg",,"Capsule, hard",1358625,https://www.moph.gov.lb/en/Drugs/view/1639
1351,C01EB18,RANEXA,B,Ranolazine - 375mg,375mg,"Tablet, prolonged release",3985837,https://www.moph.gov.lb/en/Drugs/view/1351
1352,C01EB18,RANEXA,B,Ranolazine - 500mg,500mg,"Tablet, prolonged release",3985837,https://www.moph.gov.lb/en/Drugs/view/1352
1353,C01EB18,RANEXA,B,Ranolazine - 750mg,750mg,"Tablet, prolonged release",3985837,https://www.moph.gov.lb/en/Drugs/view/1353
3867,L04AA10,RAPAMUNE,B,Sirolimus - 1mg,1mg,Tablet,12907489,https://www.moph.gov.lb/en/Drugs/view/3867
5771,L04AA10,RAPAMUNE,B,Sirolimus - 1mg,1mg,Tablet,,https://www.moph.gov.lb/en/Drugs/view/5771
5402,R05DB13,RAPICOD,G,Butamirate citrate - 0.15%,0.15%,Syrup,296989,https://www.moph.gov.lb/en/Drugs/view/5402
4095,M01AB05,RAPIDUS,G,Diclofenac potassium - 50mg,50mg,"Tablet, coated",287582,https://www.moph.gov.lb/en/Drugs/view/4095
4741,N04BD02,RASAGILINE BIOGARAN,G,Rasagiline - 1mg,1mg,Tablet,5214109,https://www.moph.gov.lb/en/Drugs/view/4741
2454,G04BE08,RAVANA,G,Tadalafil - 20mg,20mg,Tablet,500421,https://www.moph.gov.lb/en/Drugs/view/2454
2467,G04BE08,RAVANA,G,Tadalafil - 5mg,5mg,Tablet,1501264,https://www.moph.gov.lb/en/Drugs/view/2467
1382,C03BA11,RAWEL SR,G,Indapamide - 1.5mg,1.5mg,"Tablet, prolonged release",362837,https://www.moph.gov.lb/en/Drugs/view/1382
89,A02BC04,RAZOLE 20,G,Rabeprazole sodium - 20mg,20mg,"Tablet, enteric coated",282847,https://www.moph.gov.lb/en/Drugs/view/89
90,A02BC04,RAZOLE 20,G,Rabeprazole sodium - 20mg,20mg,"Tablet, enteric coated",639925,https://www.moph.gov.lb/en/Drugs/view/90
71,A02BC02,RAZON 20,G,Pantoprazole (sodium) - 20mg,20mg,"Tablet, enteric coated",747176,https://www.moph.gov.lb/en/Drugs/view/71
65,A02BC02,RAZON 40,G,Pantoprazole (sodium) - 40mg,40mg,"Tablet, enteric coated",727019,https://www.moph.gov.lb/en/Drugs/view/65
66,A02BC02,RAZON 40,G,Pantoprazole (sodium) - 40mg,40mg,"Tablet, enteric coated",1252461,https://www.moph.gov.lb/en/Drugs/view/66
4743,N04BD02,RAZYLECT 0.5,G,Rasagiline mesylate - 0.5mg,0.5mg,Tablet,2036369,https://www.moph.gov.lb/en/Drugs/view/4743
4742,N04BD02,RAZYLECT 1,G,Rasagiline mesylate - 1mg,1mg,Tablet,3532514,https://www.moph.gov.lb/en/Drugs/view/4742
4878,N05AX15,REAGILA,G,Cariprazine HCl - 1.5mg,1.5mg,"Capsule, hard",6394003,https://www.moph.gov.lb/en/Drugs/view/4878
4879,N05AX15,REAGILA,G,Cariprazine HCl - 3mg,3mg,"Capsule, hard",6394003,https://www.moph.gov.lb/en/Drugs/view/4879
4880,N05AX15,REAGILA,G,Cariprazine HCl - 4.5mg,4.5mg,"Capsule, hard",6394003,https://www.moph.gov.lb/en/Drugs/view/4880
4881,N05AX15,REAGILA,G,Cariprazine - 6mg,6mg,"Capsule, hard",6394003,https://www.moph.gov.lb/en/Drugs/view/4881
3845,L03AB07,REBIF,BioTech,Interferon beta-1a - 44mcg/0.5ml,12MIU,Injectable solution,82479505,https://www.moph.gov.lb/en/Drugs/view/3845
5772,L03AB07,REBIF,BioTech,Interferon beta-1a - 44mcg/0.5ml,12MIU,Injectable solution,,https://www.moph.gov.lb/en/Drugs/view/5772
950,B03XA06,REBLOZYL,BioTech,Luspatarcept - 25mg,25mg,Injectable powder for solution,125960784,https://www.moph.gov.lb/en/Drugs/view/950
951,B03XA06,REBLOZYL,BioTech,Luspatercept - 75mg,75mg,Injectable powder for solution,377881318,https://www.moph.gov.lb/en/Drugs/view/951
3846,L03AB07,RECIGEN 44,BioTech,Interferon beta-1a - 44mcg/0.5ml,44mcg/0.5ml,Injectable solution,15147973,https://www.moph.gov.lb/en/Drugs/view/3846
5726,L03AB07,RECIGEN 44,BioTech,Interferon beta-1a - 44mcg/0.5ml,44mcg/0.5ml,Injectable solution,,https://www.moph.gov.lb/en/Drugs/view/5726
879,B02BD08,RECOFACT VII,BioTech,Eptacog alfa (activated) recombinant - 1.2mg,1.2mg,Injectable powder for solution+diluent,47533131,https://www.moph.gov.lb/en/Drugs/view/879
861,B02BD02,RECOFACT VIII,BioTech,Moroctocog alfa - 500IU,500IU,Injectable powder for solution+diluent,12049005,https://www.moph.gov.lb/en/Drugs/view/861
1428,C05AE01,RECTOGESIC,G,Glyceryl trinitrate - 0.2% w/w,0.2% w/w,Ointment,2553301,https://www.moph.gov.lb/en/Drugs/view/1428
679,A11GA01,REDOXON EFF.ORANGE,B,Ascorbic acid (vit C) - 1g,1g,"Tablet, effervescent",366869,https://www.moph.gov.lb/en/Drugs/view/679
11,A02AH,REFCON DOUBLE ACTION,G,"Sodium alginate - 50mg/ml, Sodium bicarbonate - 21.3mg/ml, Calcium (carbonate) - 32.50mg/ml",,Suspension,399121,https://www.moph.gov.lb/en/Drugs/view/11
870,B02BD04,REFIXIA,BioTech,Nonacog beta pegol (factor IX) - 500IU,500IU,Injectable powder for solution+solvent,76080435,https://www.moph.gov.lb/en/Drugs/view/870
871,B02BD04,REFIXIA,BioTech,Nonacog beta pegol (factor IX) - 1000IU,1000IU,Injectable powder for solution+solvent,149006584,https://www.moph.gov.lb/en/Drugs/view/871
872,B02BD04,REFIXIA,BioTech,Nonacog beta pegol (factor IX) - 2000IU,2000IU,Injectable powder for solution+solvent,298171597,https://www.moph.gov.lb/en/Drugs/view/872
2268,D11AX01,REGAINE FOAM FOR MEN,B,Minoxidil - 5%,,Foam,1370719,https://www.moph.gov.lb/en/Drugs/view/2268
2269,D11AX01,REGAINE FOAM FOR MEN,B,Minoxidil - 5%,,Foam,3090838,https://www.moph.gov.lb/en/Drugs/view/2269
5671,V03AB35,RELANCIUM,G,Sugammadex - 100mg/ml,100mg/ml,Injectable solution,45660028,https://www.moph.gov.lb/en/Drugs/view/5671
4909,N05CM09,RELAXINE TRENKER,G,Valerian extract - 500mg,500mg,"Tablet, coated",1134203,https://www.moph.gov.lb/en/Drugs/view/4909
4268,M03BB53,RELAXON,G,"Paracetamol - 300mg, Chlorzoxazone - 250mg",,Capsule,296989,https://www.moph.gov.lb/en/Drugs/view/4268
4178,M01AE51,RELI-FLU,G,"Ibuprofen - 200mg, Pseudoephedrine HCl - 30mg",,"Tablet, film coated",139504,https://www.moph.gov.lb/en/Drugs/view/4178
5328,R03DC03,RELIEFAST,G,Montelukast (sodium) - 5mg,5mg,"Tablet, chewable",1034119,https://www.moph.gov.lb/en/Drugs/view/5328
5338,R03DC03,RELIEFAST,G,Montelukast (sodium) - 10mg,10mg,"Tablet, film coated",844701,https://www.moph.gov.lb/en/Drugs/view/5338
5345,R03DC03,RELIEFAST,G,Montelukast (sodium) - 4mg,4mg,"Tablet, chewable",1034119,https://www.moph.gov.lb/en/Drugs/view/5345
5268,R03AK10,RELVAR ELLIPTA,B,"Vilanterol (trifenatate) - 25mcg/dose, Fluticasone furoate - 200mcg/dose",,Inhalation powder,3928052,https://www.moph.gov.lb/en/Drugs/view/5268
5269,R03AK10,RELVAR ELLIPTA,B,"Vilanterol (trifenatate) - 25mcg/dose, Fluticasone furoate - 100mcg/dose",,Inhalation powder,3928052,https://www.moph.gov.lb/en/Drugs/view/5269
4987,N06AX11,REMERON SOLTAB,B,Mirtazapine - 30mg,30mg,"Tablet, orodispersible",1486290,https://www.moph.gov.lb/en/Drugs/view/4987
4064,M01AB05,REMETHAN,G,Diclofenac sodium - 50mg,50mg,Tablet,196201,https://www.moph.gov.lb/en/Drugs/view/4064
3929,L04AB02,REMICADE,BioTech,Infliximab - 100mg,100mg,Injectable concentrated powder for solution,30111023,https://www.moph.gov.lb/en/Drugs/view/3929
4542,N02BE51,REMIDOL,G,"Paracetamol - 650mg, Dextromethorphan HBr - 20mg, Chlorphenamine maleate - 4mg",,Granules for solution,537537,https://www.moph.gov.lb/en/Drugs/view/4542
4348,N01AH06,REMIFENTANIL MEDIS,G,Remifentanil (HCl) - 1mg,1mg,Injectable powder,1101951,https://www.moph.gov.lb/en/Drugs/view/4348
4350,N01AH06,REMIFENTANIL MEDIS,G,Remifentanil (HCl) - 5mg,5mg,Injectable powder,2576146,https://www.moph.gov.lb/en/Drugs/view/4350
3930,L04AB02,REMSIMA,BioTech,Infliximab - 100mg,100mg,Injectable concentrated powder for solution,24943134,https://www.moph.gov.lb/en/Drugs/view/3930
3931,L04AB02,REMSIMA SC,BioTech,Infliximab - 120mg/ml,120mg/ml,Injectable solution,70073519,https://www.moph.gov.lb/en/Drugs/view/3931
3932,L04AB02,REMSIMA SC,BioTech,Infliximab - 120mg/ml,120mg/ml,Injectable solution,125560051,https://www.moph.gov.lb/en/Drugs/view/3932
3933,L04AB02,REMSIMA SC,BioTech,Infliximab - 120mg/ml,120mg/ml,Injectable solution,36881038,https://www.moph.gov.lb/en/Drugs/view/3933
3934,L04AB02,REMSIMA SC,BioTech,Infliximab - 120mg/ml,120mg/ml,Injectable solution,125560051,https://www.moph.gov.lb/en/Drugs/view/3934
3935,L04AB02,REMSIMA SC,BioTech,Infliximab - 120mg/ml,120mg/ml,Injectable solution,70073519,https://www.moph.gov.lb/en/Drugs/view/3935
3936,L04AB02,REMSIMA SC,BioTech,Infliximab - 120mg/ml,120mg/ml,Injectable solution,36881038,https://www.moph.gov.lb/en/Drugs/view/3936
2065,D03AX,RENEBO,G,?-sitosterol - 0.25% w/w,0.25% w/w,Ointment,456906,https://www.moph.gov.lb/en/Drugs/view/2065
6,A02AC10,RENNIE,B,"Magnesium carbonate - 80mg, Calcium carbonate - 680mg",,"Tablet, chewable",240548,https://www.moph.gov.lb/en/Drugs/view/6
5690,V03AE02,RENVELA,B,Sevelamer - 800mg,800mg,"Tablet, film coated",8386876,https://www.moph.gov.lb/en/Drugs/view/5690
595,A10BX02,REPAGLINIDE ARROW LAB,G,Repaglinide - 2mg,2mg,Tablet,831839,https://www.moph.gov.lb/en/Drugs/view/595
597,A10BX02,REPAGLINIDE ARROW LAB,G,Repaglinide - 0.5mg,0.5mg,Tablet,831839,https://www.moph.gov.lb/en/Drugs/view/597
599,A10BX02,REPAGLINIDE ARROW LAB,G,Repaglinide - 1mg,1mg,Tablet,831839,https://www.moph.gov.lb/en/Drugs/view/599
1456,C05CX,REPARIL,B,Aescine - 20mg,20mg,"Tablet, sugar coated",510660,https://www.moph.gov.lb/en/Drugs/view/1456
2059,D02AF,REPARIL GEL-N,B,"Diethylamine salicylate - 5g/100g, Ascine - 1g/100g",,Gel,481096,https://www.moph.gov.lb/en/Drugs/view/2059
1997,C10AX13,REPATHA,BioTech,Evolocumab - 140mg/1ml,,Injectable solution,44151793,https://www.moph.gov.lb/en/Drugs/view/1997
5687,V03AE01,RESICAL,G,Calcium Polystyrene Sulphonate - 93.5% w/w,93.5%,Powder,1292776,https://www.moph.gov.lb/en/Drugs/view/5687
5688,V03AE01,RESINCALCIO,G,Calcium Polystyrene Sulphonate - 99.75g/100g,99.75% w/w,Powder for suspension,1916319,https://www.moph.gov.lb/en/Drugs/view/5688
1990,C10AC01,RESINCOLESTIRAMINA,G,Cholestyramine - 4g,4g,Powder for suspension,3661971,https://www.moph.gov.lb/en/Drugs/view/1990
5689,V03AE01,RESINSODIO,G,Sodium polystyrene sulphonate - 99.75g/100g,99.75g/100g,Powder for suspension,3816513,https://www.moph.gov.lb/en/Drugs/view/5689
288,A06AX05,RESOLOR,B,Prucalopride succinate - 2mg,2mg,"Tablet, film coated",5251736,https://www.moph.gov.lb/en/Drugs/view/288
290,A06AX05,RESOLOR,B,Prucalopride succinate - 1mg,1mg,"Tablet, film coated",3273600,https://www.moph.gov.lb/en/Drugs/view/290
4824,N05AX08,RESPAL 1,G,Risperidone - 1mg,1mg,"Caplet, film coated",309084,https://www.moph.gov.lb/en/Drugs/view/4824
4840,N05AX08,RESPAL 4,G,Risperidone - 4mg,4mg,"Caplet, film coated",557695,https://www.moph.gov.lb/en/Drugs/view/4840
4834,N05AX08,RESPAL 2,G,Risperidone - 2mg,2mg,"Caplet, film coated",342680,https://www.moph.gov.lb/en/Drugs/view/4834
5639,S01XA18,RESTASIS,B,Ciclosporin - 0.5mg/ml,0.05%,Emulsion,4100063,https://www.moph.gov.lb/en/Drugs/view/5639
5640,S01XA18,RESTASIS,B,Ciclosporin - 0.5mg/ml,0.05%,Emulsion,4100063,https://www.moph.gov.lb/en/Drugs/view/5640
4951,N06AB06,RESTRALINE,G,Sertraline HCl - 50mg,50mg,"Tablet, film coated",575933,https://www.moph.gov.lb/en/Drugs/view/4951
181,A03CB01,RESTROPINAL PEDIATRIC,B,"Butobarbital - 2mg/ml, Methyl hyoscine nitrate - 0.1mg/ml",,Drops,197097,https://www.moph.gov.lb/en/Drugs/view/181
2193,D10AD01,RETACNYL - 0.05 %,G,Tretinoin - 0.05%,,Cream,584571,https://www.moph.gov.lb/en/Drugs/view/2193
2633,J01AA02,RETADOX,G,Doxycycline (hyclate) - 100mg,100mg,Capsule,209895,https://www.moph.gov.lb/en/Drugs/view/2633
2204,D10AD51,RETINOMYCIN,G,"Tretinoin - 0.025%, Erythromycin - 4%",,Gel,662962,https://www.moph.gov.lb/en/Drugs/view/2204
4122,M01AC02,REUTENOX,G,Tenoxicam - 20mg,20mg,"Tablet, coated",576508,https://www.moph.gov.lb/en/Drugs/view/4122
4191,M01AH01,REVCOX,G,Celecoxib - 200mg,200mg,Capsule,506629,https://www.moph.gov.lb/en/Drugs/view/4191
4192,M01AH01,REVCOX,G,Celecoxib - 200mg,200mg,Capsule,506629,https://www.moph.gov.lb/en/Drugs/view/4192
3858,L03AX16,REVIXIL 20,G,Plerixafor - 20mg/ml,20mg/ml,Injectable solution,248280900,https://www.moph.gov.lb/en/Drugs/view/3858
4003,L04AX04,REVLIMID,B,Lenalidomide - 5mg,5mg,Capsule,105106076,https://www.moph.gov.lb/en/Drugs/view/4003
4012,L04AX04,REVLIMID,B,Lenalidomide - 10mg,10mg,Capsule,110200672,https://www.moph.gov.lb/en/Drugs/view/4012
4022,L04AX04,REVLIMID,B,Lenalidomide - 15mg,15mg,Capsule,116241703,https://www.moph.gov.lb/en/Drugs/view/4022
4031,L04AX04,REVLIMID,B,Lenalidomide - 25mg,25mg,Capsule,127865045,https://www.moph.gov.lb/en/Drugs/view/4031
5822,L04AX04,REVLIMID,B,Lenalidomide - 10mg,10mg,Capsule,,https://www.moph.gov.lb/en/Drugs/view/5822
3177,J05AF01,REVODINE,G,Zidovudine - 300mg,300mg,"Tablet, film coated",7771552,https://www.moph.gov.lb/en/Drugs/view/3177
883,B02BX05,REVOLADE,B,Eltrombopag Olamine - 25mg,25mg,"Tablet, film coated",56272182,https://www.moph.gov.lb/en/Drugs/view/883
885,B02BX05,REVOLADE,B,Eltrombopag Olamine - 50mg,50mg,"Tablet, film coated",112547132,https://www.moph.gov.lb/en/Drugs/view/885
5823,B02BX05,REVOLADE,B,Eltrombopag Olamine - 50mg,50mg,"Tablet, film coated",,https://www.moph.gov.lb/en/Drugs/view/5823
4808,N05AH04,REZAL XR,G,Quetiapine fumarate - 200mg,200mg,"Tablet, extended release",2116552,https://www.moph.gov.lb/en/Drugs/view/4808
4810,N05AH04,REZAL XR,G,Quetiapine fumarate - 300mg,300mg,"Tablet, extended release",2535831,https://www.moph.gov.lb/en/Drugs/view/4810
4813,N05AH04,REZAL XR,G,Quetiapine fumarate - 50mg,50mg,"Tablet, extended release",533505,https://www.moph.gov.lb/en/Drugs/view/4813
3249,J06BB01,RHESONATIV,BioHuman,Human anti-D (rh) immunoglobulin - 625IU/ml,625IU/ml,Injectable solution,12281758,https://www.moph.gov.lb/en/Drugs/view/3249
4536,N02BE51,RHINOSTOP,G,"Paracetamol - 500mg, Chlorphenamine maleate - 4mg, Phenylephrine HCl - 5mg",,"Tablet, film coated",534977,https://www.moph.gov.lb/en/Drugs/view/4536
3248,J06BB01,RHOPHYLAC 300,BioHuman,Human anti-D (rh) immunoglobulin - 300mcg/2ml,300mcg/2ml,Injectable solution,5939784,https://www.moph.gov.lb/en/Drugs/view/3248
811,B01AF01,RIBAVAN,G,Rivaroxaban - 2.5mg,2.5mg,"Tablet, film coated",3199625,https://www.moph.gov.lb/en/Drugs/view/811
813,B01AF01,RIBAVAN,G,Rivaroxaban - 15mg,15mg,"Tablet, film coated",1343843,https://www.moph.gov.lb/en/Drugs/view/813
820,B01AF01,RIBAVAN,G,Rivaroxaban - 20mg,20mg,"Tablet, film coated",1343843,https://www.moph.gov.lb/en/Drugs/view/820
826,B01AF01,RIBAVAN,G,Rivaroxaban - 10mg,10mg,"Tablet, film coated",959888,https://www.moph.gov.lb/en/Drugs/view/826
3318,L01AA09,RIBOMUSTIN,B,Bendamustine HCl - 100mg,100mg,Injectable powder for concentrate for solution,31939807,https://www.moph.gov.lb/en/Drugs/view/3318
5123,N07XX02,RILUTEK,B,Riluzole - 50mg,50mg,"Tablet, film coated",15886212,https://www.moph.gov.lb/en/Drugs/view/5123
5124,N07XX02,RILUTEK,B,Riluzole - 50mg,50mg,"Tablet, film coated",15886212,https://www.moph.gov.lb/en/Drugs/view/5124
5125,N07XX02,RILUTEK,B,Riluzole - 50mg,50mg,"Tablet, film coated",15886212,https://www.moph.gov.lb/en/Drugs/view/5125
5518,R06AX27,RINA,G,Desloratadine - 0.5mg/ml,0.5mg/ml,Syrup,159917,https://www.moph.gov.lb/en/Drugs/view/5518
5509,R06AX27,RINA 5,G,Desloratadine - 5mg,0.5mg/ml,"Tablet, film coated",134384,https://www.moph.gov.lb/en/Drugs/view/5509
5459,R06AE07,RINALGIT,G,Cetirizine (dihydrochloride) - 10mg/ml,10mg/ml,Drops solution,237860,https://www.moph.gov.lb/en/Drugs/view/5459
5215,R01AD11,RINEX,G,Triamcinolone acetonide - 55mcg/actuation,55mcg/actuation,"Spray, suspension",470985,https://www.moph.gov.lb/en/Drugs/view/5215
1000,B05BB01,RINGER INJECTION,G,"Sodium chloride - 0.86g/100ml, Calcium Chloride Dihydrate - 0.033g/100ml, Potassium chloride - 0.03g/100ml",,Injectable solution,204554,https://www.moph.gov.lb/en/Drugs/view/1000
1001,B05BB01,RINGER'S INJECTION USP,G,"Calcium chloride, 2H2O - 0.033%, Potassium chloride - 0.03%, Sodium chloride - 0.86%",,Injectable solution,129934,https://www.moph.gov.lb/en/Drugs/view/1001
1002,B05BB01,RINGER'S INJECTION USP,G,"Calcium chloride, 2H2O - 0.033%, Potassium chloride - 0.03%, Sodium chloride - 0.86%",,Injectable solution,199957,https://www.moph.gov.lb/en/Drugs/view/1002
1003,B05BB01,RINGER'S INJECTION USP,G,"Calcium chloride, 2H2O - 0.033%, Potassium chloride - 0.03%, Sodium chloride - 0.86%",,Injectable solution,205933,https://www.moph.gov.lb/en/Drugs/view/1003
1004,B05BB01,RINGER'S INJECTION USP,G,"Calcium chloride, 2H2O - 0.033%, Potassium chloride - 0.03%, Sodium chloride - 0.86%",,Injectable solution,224565,https://www.moph.gov.lb/en/Drugs/view/1004
1005,B05BB01,"RINGER'S INJECTION, USP",G,"Calcium chloride, 2H2O - 0.33g/l, Potassium chloride - 0.3g/l, Sodium chloride - 8.6g/l",,Injectable solution,204554,https://www.moph.gov.lb/en/Drugs/view/1005
1006,B05BB01,"RINGER'S INJECTION, USP",G,"Calcium chloride, 2H2O - 0.33g/l, Potassium chloride - 0.3g/l, Sodium chloride - 8.6g/l",,Injectable solution,189615,https://www.moph.gov.lb/en/Drugs/view/1006
1007,B05BB01,"RINGER'S INJECTION, USP",G,"Calcium chloride, 2H2O - 0.33g/l, Potassium chloride - 0.3g/l, Sodium chloride - 8.6g/l",,Injectable solution,154450,https://www.moph.gov.lb/en/Drugs/view/1007
5201,R01AD08,RINISONA,G,Fluticasone propionate - 50mcg/actuation,50mcg/dose,"Spray, suspension",556351,https://www.moph.gov.lb/en/Drugs/view/5201
5198,R01AB08,RINOFLUIMUCIL,B,"Acetylcysteine - 1%, Tuaminoheptane sulfate - 0.5%, Benzalkonium chloride - 0.0125%",,Solution,419279,https://www.moph.gov.lb/en/Drugs/view/5198
3912,L04AA44,RINVOQ,B,Upadacitinib - 15mg,15mg,"Tablet, prolonged release",45469094,https://www.moph.gov.lb/en/Drugs/view/3912
5924,L04AA44,RINVOQ,B,Upadacitinib - 15mg,15mg,"Tablet, prolonged release",,https://www.moph.gov.lb/en/Drugs/view/5924
4842,N05AX08,RISCHOTIC OD 1,G,Risperidone - 1mg,1mg,"Tablet, orally disintegrating",371157,https://www.moph.gov.lb/en/Drugs/view/4842
4843,N05AX08,RISCHOTIC OD 2,G,Risperidone - 2mg,2mg,"Tablet, orally disintegrating",371157,https://www.moph.gov.lb/en/Drugs/view/4843
4844,N05AX08,RISCHOTIC OD 3,G,Risperidone - 3mg,3mg,"Tablet, orally disintegrating",605369,https://www.moph.gov.lb/en/Drugs/view/4844
4845,N05AX08,RISCHOTIC OD 4,G,Risperidone - 4mg,4mg,"Tablet, orally disintegrating",605369,https://www.moph.gov.lb/en/Drugs/view/4845
4319,M05BA07,RISEDRONATE ARROW,G,Risedronate sodium - 35mg,35mg,"Tablet, film coated",671921,https://www.moph.gov.lb/en/Drugs/view/4319
39,A02BC01,RISEK,G,Omeprazole - 20mg,20mg,"Capsule, enteric coated",302365,https://www.moph.gov.lb/en/Drugs/view/39
46,A02BC01,RISEK,G,Omeprazole - 40mg,40mg,"Capsule, enteric coated",522755,https://www.moph.gov.lb/en/Drugs/view/46
54,A02BC01,RISEK,G,Omeprazole (sodium) - 40mg,40mg,Injectable lyophilised powder for solution,592635,https://www.moph.gov.lb/en/Drugs/view/54
4821,N05AX08,RISPERDAL,B,Risperidone - 1mg,1mg,"Tablet, film coated",323866,https://www.moph.gov.lb/en/Drugs/view/4821
4822,N05AX08,RISPERDAL,B,Risperidone - 1mg,1mg,"Tablet, film coated",323866,https://www.moph.gov.lb/en/Drugs/view/4822
4826,N05AX08,RISPERDAL,B,Risperidone - 1mg/ml,1mg/ml,Solution,1377439,https://www.moph.gov.lb/en/Drugs/view/4826
4827,N05AX08,RISPERDAL,B,Risperidone - 1mg/ml,1mg/ml,Solution,1377439,https://www.moph.gov.lb/en/Drugs/view/4827
4830,N05AX08,RISPERDAL,B,Risperidone - 2mg,2mg,"Tablet, film coated",323866,https://www.moph.gov.lb/en/Drugs/view/4830
4831,N05AX08,RISPERDAL,B,Risperidone - 2mg,2mg,"Tablet, film coated",323866,https://www.moph.gov.lb/en/Drugs/view/4831
4836,N05AX08,RISPERDAL,B,Risperidone - 4mg,4mg,"Tablet, film coated",525442,https://www.moph.gov.lb/en/Drugs/view/4836
4837,N05AX08,RISPERDAL,B,Risperidone - 4mg,4mg,"Tablet, film coated",525442,https://www.moph.gov.lb/en/Drugs/view/4837
4825,N05AX08,RISPERIDONE BIOGARAN,G,Risperidone - 1mg,1mg,"Tablet, coated, scored",643701,https://www.moph.gov.lb/en/Drugs/view/4825
4835,N05AX08,RISPERIDONE BIOGARAN,G,Risperidone - 2mg,2mg,"Tablet, coated, scored",1488977,https://www.moph.gov.lb/en/Drugs/view/4835
4841,N05AX08,RISPERIDONE BIOGARAN,G,Risperidone - 4mg,4mg,"Tablet, coated, scored",1105982,https://www.moph.gov.lb/en/Drugs/view/4841
5027,N06BA04,RITALIN,B,Methylphenidate HCl - 10mg,10mg,Tablet,376276,https://www.moph.gov.lb/en/Drugs/view/5027
2934,J01FA09,RITHROCID,G,Clarithromycin - 500mg,500mg,"Tablet, film coated",686704,https://www.moph.gov.lb/en/Drugs/view/2934
3628,L01FA01,RITUXIREL,BioTech,Rituximab - 100mg/10ml,100mg/10ml,Injectable concentrated solution,11708063,https://www.moph.gov.lb/en/Drugs/view/3628
3636,L01FA01,RITUXIREL,BioTech,Rituximab - 500mg/50ml,500mg/50ml,Injectable concentrated solution,45258360,https://www.moph.gov.lb/en/Drugs/view/3636
5768,L01FA01,RITUXIREL,BioTech,Rituximab - 100mg/10ml,100mg/10ml,Injectable concentrated solution,,https://www.moph.gov.lb/en/Drugs/view/5768
5769,L01FA01,RITUXIREL,BioTech,Rituximab - 500mg/50ml,500mg/50ml,Injectable concentrated solution,,https://www.moph.gov.lb/en/Drugs/view/5769
5068,N06DA03,RIVASTIGMINE ARROW,G,Rivastigmine - 3mg,3mg,Capsule,842589,https://www.moph.gov.lb/en/Drugs/view/5068
5069,N06DA03,RIVASTIGMINE ARROW,G,Rivastigmine - 3mg,3mg,Capsule,842589,https://www.moph.gov.lb/en/Drugs/view/5069
5070,N06DA03,RIVASTIGMINE ARROW,G,Rivastigmine - 1.5mg,1.5mg,Capsule,684016,https://www.moph.gov.lb/en/Drugs/view/5070
5071,N06DA03,RIVASTIGMINE ARROW,G,Rivastigmine - 1.5mg,1.5mg,Capsule,684016,https://www.moph.gov.lb/en/Drugs/view/5071
5075,N06DA03,RIVASTIGMINE ARROW,G,Rivastigmine - 4.5mg,4.5mg,Capsule,842589,https://www.moph.gov.lb/en/Drugs/view/5075
5076,N06DA03,RIVASTIGMINE ARROW,G,Rivastigmine - 4.5mg,4.5mg,Capsule,842589,https://www.moph.gov.lb/en/Drugs/view/5076
4596,N03AE01,RIVOTRIL,B,Clonazepam - 0.5mg,0.5mg,"Tablet, scored",403153,https://www.moph.gov.lb/en/Drugs/view/4596
4597,N03AE01,RIVOTRIL,B,Clonazepam - 2mg,2mg,"Tablet, scored",503941,https://www.moph.gov.lb/en/Drugs/view/4597
827,B01AF01,RIXALTA 10,G,Rivaroxaban - 10mg,10mg,"Tablet, film coated",671921,https://www.moph.gov.lb/en/Drugs/view/827
814,B01AF01,RIXALTA 15,G,Rivaroxaban - 15mg,15mg,"Tablet, film coated",1164664,https://www.moph.gov.lb/en/Drugs/view/814
821,B01AF01,RIXALTA 20,G,Rivaroxaban - 20mg,20mg,"Tablet, film coated",1164664,https://www.moph.gov.lb/en/Drugs/view/821
3629,L01FA01,RIXATHON,BioTech,Rituximab - 100mg/10ml,100mg/10ml,Injectable concentrate for solution,28438096,https://www.moph.gov.lb/en/Drugs/view/3629
3637,L01FA01,RIXATHON,BioTech,Rituximab - 500mg/50ml,500mg/50ml,Injectable concentrate for solution,66951899,https://www.moph.gov.lb/en/Drugs/view/3637
3638,L01FA01,RIXATHON,BioTech,Rituximab - 500mg/50ml,500mg/50ml,Injectable concentrate for solution,116417745,https://www.moph.gov.lb/en/Drugs/view/3638
4585,N02CC04,RIZATRIPTAN ARROW,G,Rizatriptan - 10mg,10mg,Tablet,1182581,https://www.moph.gov.lb/en/Drugs/view/4585
4586,N02CC04,RIZATRIPTAN ARROW,G,Rizatriptan - 10mg,10mg,"Tablet, orodispersible",1241710,https://www.moph.gov.lb/en/Drugs/view/4586
2201,D10AD04,ROACCUTANE,B,Isotretinoin - 0.05%,0.05%,Gel,1730869,https://www.moph.gov.lb/en/Drugs/view/2201
2225,D10BA01,ROACCUTANE,B,Isotretinoin - 10mg,10mg,Capsule,1353249,https://www.moph.gov.lb/en/Drugs/view/2225
2226,D10BA01,ROACCUTANE,B,Isotretinoin - 10mg,10mg,Capsule,1353249,https://www.moph.gov.lb/en/Drugs/view/2226
2231,D10BA01,ROACCUTANE,B,Isotretinoin - 20mg,20mg,Capsule,2354412,https://www.moph.gov.lb/en/Drugs/view/2231
2232,D10BA01,ROACCUTANE,B,Isotretinoin - 20mg,20mg,Capsule,2354412,https://www.moph.gov.lb/en/Drugs/view/2232
2792,J01DD04,ROCEPHIN  IV,B,Ceftriaxone (sodium) - 1g,1g,Injectable lyophilised powder for solution+diluent,757927,https://www.moph.gov.lb/en/Drugs/view/2792
2793,J01DD04,ROCEPHIN IM,B,Ceftriaxone (sodium) - 1g,1g,Injectable lyophilised powder for solution+diluent,731050,https://www.moph.gov.lb/en/Drugs/view/2793
2818,J01DD04,ROCICARE,G,Ceftriaxone - 1g,1g,Injectable powder for solution,9382061,https://www.moph.gov.lb/en/Drugs/view/2818
4246,M03AC09,ROCUCELL,G,Rocuronium bromide - 50mg/5ml,50mg/5ml,Injectable solution,3633494,https://www.moph.gov.lb/en/Drugs/view/4246
4068,M01AB05,ROFENAC D,G,Diclofenac free acid - 50mg,50mg,"Tablet, dispersible",408528,https://www.moph.gov.lb/en/Drugs/view/4068
2086,D05AX52,ROLIP,G,"Calcipotriol - 50mcg, Betamethasone - 0.5mg",,Ointment,1574983,https://www.moph.gov.lb/en/Drugs/view/2086
3981,L04AD02,ROLITAC XR,G,Tacrolimus - 3mg,3mg,"Capsule, hard, prolonged release",34888503,https://www.moph.gov.lb/en/Drugs/view/3981
3983,L04AD02,ROLITAC XR,G,Tacrolimus - 1mg,1mg,"Capsule, hard, prolonged release",12138660,https://www.moph.gov.lb/en/Drugs/view/3983
3985,L04AD02,ROLITAC XR,G,Tacrolimus - 5mg,5mg,"Capsule, hard, prolonged release",51728043,https://www.moph.gov.lb/en/Drugs/view/3985
3987,L04AD02,ROLITAC XR,G,Tacrolimus - 0.5mg,0.5mg,"Capsule, hard, prolonged release",6329498,https://www.moph.gov.lb/en/Drugs/view/3987
5329,R03DC03,ROMILAST,G,Montelukast (sodium) - 5mg,5mg,"Tablet, mouth dissolving",518723,https://www.moph.gov.lb/en/Drugs/view/5329
5339,R03DC03,ROMILAST,G,Montelukast (sodium) - 10mg,10mg,"Tablet, film coated",228453,https://www.moph.gov.lb/en/Drugs/view/5339
5346,R03DC03,ROMILAST,G,Montelukast (sodium) - 4mg,4mg,"Tablet, mouth dissolving",405840,https://www.moph.gov.lb/en/Drugs/view/5346
5239,R03AC02,RONKOTOL,G,Salbutamol (sulfate) - 2.5mg/2.5ml,2.5mg/2.5ml,Inhalation solution,470345,https://www.moph.gov.lb/en/Drugs/view/5239
2904,J01DH02,ROPENEM 1000 BENTA,G,Meropenem (trihydrate) - 1000mg,1g,Injectable powder for solution,995723,https://www.moph.gov.lb/en/Drugs/view/2904
2905,J01DH02,ROPENEM 1000 BENTA,G,Meropenem (trihydrate) - 1000mg,1g,Injectable powder for solution,8675117,https://www.moph.gov.lb/en/Drugs/view/2905
4376,N01BB09,ROPIVACAINA MOLTENI,G,Ropivacaine HCl - 75mg/10ml,7.5mg/ml,Injectable solution,2332911,https://www.moph.gov.lb/en/Drugs/view/4376
4377,N01BB09,ROPIVACAINE B. BRAUN,G,Ropivacaine HCl - 75mg/10ml,7.5mg/ml,Injectable solution,4831114,https://www.moph.gov.lb/en/Drugs/view/4377
1936,C10AA07,ROSUCOR,G,Rosuvastatin (calcium) - 10mg,10mg,"Tablet, film coated",487623,https://www.moph.gov.lb/en/Drugs/view/1936
1952,C10AA07,ROSUCOR,G,Rosuvastatin (calcium) - 20mg,20mg,"Tablet, film coated",487623,https://www.moph.gov.lb/en/Drugs/view/1952
1963,C10AA07,ROSUCOR,G,Rosuvastatin (calcium) - 40mg,40mg,"Tablet, film coated",487623,https://www.moph.gov.lb/en/Drugs/view/1963
1967,C10AA07,ROSUCOR,G,Rosuvastatin (calcium) - 5mg,5mg,"Tablet, film coated",360918,https://www.moph.gov.lb/en/Drugs/view/1967
1937,C10AA07,ROSUPHAR,G,Rosuvastatin (calcium) - 10mg,10mg,"Tablet, film coated",487623,https://www.moph.gov.lb/en/Drugs/view/1937
1953,C10AA07,ROSUPHAR,G,Rosuvastatin (calcium) - 20mg,20mg,"Tablet, film coated",487623,https://www.moph.gov.lb/en/Drugs/view/1953
1964,C10AA07,ROSUPHAR,G,Rosuvastatin (calcium) - 40mg,40mg,"Tablet, film coated",487623,https://www.moph.gov.lb/en/Drugs/view/1964
1968,C10AA07,ROSUPHAR,G,Rosuvastatin (calcium) - 5mg,5mg,"Tablet, film coated",360918,https://www.moph.gov.lb/en/Drugs/view/1968
1938,C10AA07,ROSUVAS,G,Rosuvastatin (calcium) - 10mg,10mg,"Tablet, film coated",450187,https://www.moph.gov.lb/en/Drugs/view/1938
1954,C10AA07,ROSUVAS,G,Rosuvastatin (calcium) - 20mg,20mg,"Tablet, film coated",450187,https://www.moph.gov.lb/en/Drugs/view/1954
1939,C10AA07,ROSVATOR,G,Rosuvastatin (calcium) - 10mg,10mg,"Tablet, film coated",499142,https://www.moph.gov.lb/en/Drugs/view/1939
1955,C10AA07,ROSVATOR,G,Rosuvastatin (calcium) - 20mg,20mg,"Tablet, film coated",499142,https://www.moph.gov.lb/en/Drugs/view/1955
3294,J07BH01,ROTARIX ORAL,B,"Rota virus human RIX4414, live attenuated - ?106 CCID50",,Suspension,5167074,https://www.moph.gov.lb/en/Drugs/view/3294
3295,J07BH01,"ROTASIIL, ROTAVIRUS VACCINE, LIVE ATTENUATED (ORAL FREEZE-DRIED)",BioTech,"Rotavirus bovine-human , live attenuated -",,Suspension,2822069,https://www.moph.gov.lb/en/Drugs/view/3295
3296,J07BH01,"ROTASIIL, ROTAVIRUS VACCINE, LIVE ATTENUATED (ORAL LIQUID)",BioTech,"Rotavirus bovine-human , live attenuated -",,Liquid,2822069,https://www.moph.gov.lb/en/Drugs/view/3296
3293,J07BH01,"ROTATEQ ROTAVIRUS VACCINE, LIVE, ORAL, PENTAVALENT",B,"Rotavirus G1, live attenuated - ?2.2x106 IU, Rotavirus G2, live attenuated - ?2.8x106 IU, Rotavirus G3, live attenuated - ?2.2x106 IU, Rotavirus G4, live attenuated - ?2.0x106 IU, Rotavirus P1, live attenuated - ?2.3x106 IU",,Suspension,4508592,https://www.moph.gov.lb/en/Drugs/view/3293
2925,J01FA02,ROVAMYCINE,B,Spiramycin - 3MIU,3MIU,"Tablet, film coated",649076,https://www.moph.gov.lb/en/Drugs/view/2925
2926,J01FA02,ROVAMYCINE,B,Spiramycin - 1.5MIU,1.5MIU,"Tablet, film coated",256674,https://www.moph.gov.lb/en/Drugs/view/2926
1940,C10AA07,ROVASTIN,G,Rosuvastatin (calcium) - 10mg,10mg,Tablet,560574,https://www.moph.gov.lb/en/Drugs/view/1940
1956,C10AA07,ROVASTIN,G,Rosuvastatin (calcium) - 20mg,20mg,Tablet,560574,https://www.moph.gov.lb/en/Drugs/view/1956
2485,G04BX,ROWATINEX,B,"Olive oil - 33mg, Cineol - 3mg, Fenchone - 4mg, Anethol - 4mg, Borneol - 10mg, Camphene - 15mg, ?-Pinene - 6.2mg, ?-Pinene - 24.8mg",,Capsule,255330,https://www.moph.gov.lb/en/Drugs/view/2485
1941,C10AA07,ROXARDIO,G,Rosuvastatin (calcium) - 10mg,10mg,"Tablet, film coated",749058,https://www.moph.gov.lb/en/Drugs/view/1941
1957,C10AA07,ROXARDIO,G,Rosuvastatin (calcium) - 20mg,20mg,"Tablet, film coated",749058,https://www.moph.gov.lb/en/Drugs/view/1957
1965,C10AA07,ROXARDIO,G,Rosuvastatin (calcium) - 40mg,40mg,"Tablet, film coated",749058,https://www.moph.gov.lb/en/Drugs/view/1965
2744,J01DB05,ROXIL,G,Cefadroxil (monohydrate) - 250mg/5ml,250mg/5ml,Powder for suspension,459594,https://www.moph.gov.lb/en/Drugs/view/2744
2748,J01DB05,ROXIL,G,Cefadroxil (monohydrate) - 500mg,500mg,Capsule,869466,https://www.moph.gov.lb/en/Drugs/view/2748
4240,M02AA31,ROXONIN,B,Loxoprofen (Sodium) - 60mg,60mg,Tablet,788836,https://www.moph.gov.lb/en/Drugs/view/4240
4241,M02AA31,ROXONIN,B,Loxoprofen (Sodium) - 60mg,60mg,Tablet,1295464,https://www.moph.gov.lb/en/Drugs/view/4241
4242,M02AA31,ROXONIN TAPE,B,Loxoprofen Sodium Hydrate - 100mg,100mg,Patch,983693,https://www.moph.gov.lb/en/Drugs/view/4242
4243,M02AA31,ROXONIN TAPE,B,Loxoprofen Sodium Hydrate - 50mg,50mg,Patch,893655,https://www.moph.gov.lb/en/Drugs/view/4243
2124,D06BX01,ROZEX,B,Metronidazole - 0.75g/100g,0.75%,Gel,513348,https://www.moph.gov.lb/en/Drugs/view/2124
3621,L01EX14,ROZLYTREK,B,Entrectinib - 100mg,100mg,"Capsule, hard",78552305,https://www.moph.gov.lb/en/Drugs/view/3621
3622,L01EX14,ROZLYTREK,B,Entrectinib - 200mg,200mg,"Capsule, hard",472298786,https://www.moph.gov.lb/en/Drugs/view/3622
4247,M03AC09,RUCORON,G,Rocuronium bromide - 50mg/5ml,50mg/5ml,Injectable solution,3711693,https://www.moph.gov.lb/en/Drugs/view/4247
5519,R06AX28,RUPATADINE BIOGARAN,G,Rupatadine - 10mg,10mg,Tablet,341336,https://www.moph.gov.lb/en/Drugs/view/5519
3630,L01FA01,RUXIENCE,BioTech,Rituximab - 100mg/10ml,100mg/10ml,Injectable concentrate for solution,13157756,https://www.moph.gov.lb/en/Drugs/view/3630
3639,L01FA01,RUXIENCE,BioTech,Rituximab - 500mg/50ml,500mg/50ml,Injectable concentrate for solution,59148151,https://www.moph.gov.lb/en/Drugs/view/3639
2259,D11AH09,RUXOTOP,G,Ruxolitinib - 1.5%,1.5%,Cream,12306475,https://www.moph.gov.lb/en/Drugs/view/2259
3697,L01FX18,RYBREVANT,BioTech,Amivantamab - 350mg,350mg,Injectable concentrate for solution,135818621,https://www.moph.gov.lb/en/Drugs/view/3697
3619,L01EX10,RYDAPT,B,Midostaurin - 25mg,25mg,"Capsule, soft",1213556561,https://www.moph.gov.lb/en/Drugs/view/3619
3620,L01EX10,RYDAPT,B,Midostaurin - 25mg,25mg,"Capsule, soft",606778281,https://www.moph.gov.lb/en/Drugs/view/3620
1293,C01BC03,RYTMONORM,B,Propafenone HCl - 150mg,150mg,"Tablet, film coated",1119850,https://www.moph.gov.lb/en/Drugs/view/1293
1294,C01BC03,RYTMONORM,B,Propafenone HCl - 300mg,300mg,"Tablet, film coated",1883860,https://www.moph.gov.lb/en/Drugs/view/1294
383,A10AD06,RYZODEG,BioTech,"Insulin degludec - 70%, Insulin aspart - 30%",100IU/ml,Injectable solution,7058661,https://www.moph.gov.lb/en/Drugs/view/383
4615,N03AG04,SABRIL,B,Vigabatrin - 500mg,500mg,"Tablet, film coated",2988706,https://www.moph.gov.lb/en/Drugs/view/4615
550,A10BH01,SAGIFOR,G,Sitagliptin (HCl monohydrate) - 100mg,100mg,"Tablet, film coated",1242606,https://www.moph.gov.lb/en/Drugs/view/550
486,A10BD07,SAGIMET,G,"Metformin HCl - 1000mg, Sitagliptin (HCl monohydrate) - 50mg",,"Tablet, film coated",1551690,https://www.moph.gov.lb/en/Drugs/view/486
490,A10BD07,SAGIMET,G,"Metformin HCl - 500mg, Sitagliptin (HCl monohydrate) - 50mg",,"Tablet, film coated",1432536,https://www.moph.gov.lb/en/Drugs/view/490
494,A10BD07,SAGIMET,G,"Metformin HCl - 850mg, Sitagliptin (HCl monohydrate) - 50mg",,"Tablet, film coated",1463892,https://www.moph.gov.lb/en/Drugs/view/494
3493,L01EA01,SAGITTA,G,Imatinib - 400mg,400mg,"Capsule, hard",51723840,https://www.moph.gov.lb/en/Drugs/view/3493
3504,L01EA01,SAGITTA,G,Imatinib - 100mg,100mg,"Capsule, hard",25170264,https://www.moph.gov.lb/en/Drugs/view/3504
2882,J01DE01,SALAPIME,G,Cefepime - 1g,1g,Injectable powder for solution,618168,https://www.moph.gov.lb/en/Drugs/view/2882
5240,R03AC02,SALBUTAMOL SULFATE,G,Salbutamol (sulfate) - 2mg,2mg,"Tablet, scored",401873,https://www.moph.gov.lb/en/Drugs/view/5240
316,A07EC02,SALCROZINE,G,Mesalazine - 500mg,500mg,"Tablet, gastroresistant",2013076,https://www.moph.gov.lb/en/Drugs/view/316
319,A07EC02,SALCROZINE,G,Mesalazine - 1g,1g,"Tablet, gastroresistant",4073187,https://www.moph.gov.lb/en/Drugs/view/319
324,A07EC02,SALCROZINE,G,Mesalazine - 500mg,500mg,Suppository,576508,https://www.moph.gov.lb/en/Drugs/view/324
325,A07EC02,SALCROZINE,G,Mesalazine - 1000mg,1000mg,Suppository,2306034,https://www.moph.gov.lb/en/Drugs/view/325
315,A07EC02,SALOFALK,B,Mesalazine - 500mg,500mg,"Tablet, enteric coated",2835508,https://www.moph.gov.lb/en/Drugs/view/315
320,A07EC02,SALOFALK,B,Mesalazine - 1000mg,1000mg,"Granules, gastro-resistant, prolonged release",3874298,https://www.moph.gov.lb/en/Drugs/view/320
327,A07EC02,SALOFALK,B,Mesalazine - 1g,1g,Suppository,3948209,https://www.moph.gov.lb/en/Drugs/view/327
328,A07EC02,SALOFALK,B,Mesalazine - 4g/60ml,4g/60ml,Enema,3796355,https://www.moph.gov.lb/en/Drugs/view/328
331,A07EC02,SALOFALK,B,Mesalazine - 1.5g,1.5g,"Granules, gastro-resistant, prolonged release",6150767,https://www.moph.gov.lb/en/Drugs/view/331
332,A07EC02,SALOFALK,B,Mesalazine - 3g,3g,"Granules, gastro-resistant, prolonged release",11256652,https://www.moph.gov.lb/en/Drugs/view/332
323,A07EC02,SALOFALK  500,B,Mesalazine - 500mg,500mg,Suppository,677297,https://www.moph.gov.lb/en/Drugs/view/323
40,A02BC01,SANAMIDOL,G,Omeprazole - 20mg,20mg,Capsule,456906,https://www.moph.gov.lb/en/Drugs/view/40
254,A04AA02,SANCUSO,G,Granisetron - 3.1mg/24h,3.1mg/24h,Patch,7590728,https://www.moph.gov.lb/en/Drugs/view/254
3966,L04AD01,SANDIMMUN,B,Ciclosporin - 50mg/ml,250mg/5ml,Injectable concentrated solution,6992013,https://www.moph.gov.lb/en/Drugs/view/3966
3970,L04AD01,SANDIMMUN NEORAL,B,Ciclosporin - 100mg/ml,100mg/ml,Solution,8264592,https://www.moph.gov.lb/en/Drugs/view/3970
3967,L04AD01,SANDIMMUN NEORAL SOFT GELATIN,B,Ciclosporin - 50mg,50mg,"Capsule, soft gelatin",4309703,https://www.moph.gov.lb/en/Drugs/view/3967
3968,L04AD01,SANDIMMUN NEORAL SOFT GELATIN,B,Ciclosporin - 25mg,25mg,"Capsule, soft gelatin",2385320,https://www.moph.gov.lb/en/Drugs/view/3968
3969,L04AD01,SANDIMMUN NEORAL SOFT GELATIN,B,Ciclosporin - 100mg,100mg,"Capsule, soft gelatin",8264592,https://www.moph.gov.lb/en/Drugs/view/3969
2543,H01CB02,SANDOSTATIN,B,Octreotide - 0.1mg/ml,0.1mg/ml,Injectable solution,1038790,https://www.moph.gov.lb/en/Drugs/view/2543
2544,H01CB02,SANDOSTATIN LAR,B,Octreotide (acetate) - 20mg,20mg,Injectable powder for suspension+diluent,38081642,https://www.moph.gov.lb/en/Drugs/view/2544
2545,H01CB02,SANDOSTATIN LAR,B,Octreotide (acetate) - 30mg,30mg,Injectable powder for suspension+diluent,57123171,https://www.moph.gov.lb/en/Drugs/view/2545
5779,H01CB02,SANDOSTATIN LAR,B,Octreotide (acetate) - 20mg,20mg,Injectable powder for suspension+diluent,,https://www.moph.gov.lb/en/Drugs/view/5779
5780,H01CB02,SANDOSTATIN LAR,B,Octreotide (acetate) - 30mg,30mg,Injectable powder for suspension+diluent,,https://www.moph.gov.lb/en/Drugs/view/5780
565,A10BJ02,SAXENDA,BioTech,Liraglutide - 6mg/ml,6mg/ml,Injectable solution,16747035,https://www.moph.gov.lb/en/Drugs/view/565
4375,N01BB03,SCANDINIBSA,G,Mepivacaine HCl - 3%,3%,Injectable solution,1191988,https://www.moph.gov.lb/en/Drugs/view/4375
4373,N01BB03,SCANDONEST 3% sans vasoconstricteur,B,Mepivacaine - 54mg/1.8ml,3%,Injectable solution,3461738,https://www.moph.gov.lb/en/Drugs/view/4373
3882,L04AA27,SCLEMOD,G,Fingolimod Hydrochloride - 0.5mg,0.5mg,Capsule,18264981,https://www.moph.gov.lb/en/Drugs/view/3882
3883,L04AA27,SCLEMOD,G,Fingolimod Hydrochloride - 0.5mg,0.5mg,Capsule,17079643,https://www.moph.gov.lb/en/Drugs/view/3883
5762,L04AA27,SCLEMOD,G,Fingolimod Hydrochloride - 0.5mg,0.5mg,Capsule,,https://www.moph.gov.lb/en/Drugs/view/5762
5815,L04AA27,SCLEMOD,G,Fingolimod Hydrochloride - 0.5mg,0.5mg,Capsule,,https://www.moph.gov.lb/en/Drugs/view/5815
172,A03BB01,SCOBUREN,G,Butylscopolamine bromide - 20mg/ml,20mg/ml,Injectable solution,370901,https://www.moph.gov.lb/en/Drugs/view/172
167,A03BB01,SCOPINAL,G,Butylscopolamine bromide - 10mg,10mg,"Tablet, film coated",162605,https://www.moph.gov.lb/en/Drugs/view/167
168,A03BB01,SCOPINAL,G,Butylscopolamine bromide - 5mg/5ml,5mg/5ml,Syrup,210983,https://www.moph.gov.lb/en/Drugs/view/168
173,A03BB01,SCOPINAL,G,Butylscopolamine bromide - 20mg/ml,20mg/ml,Injectable solution,178731,https://www.moph.gov.lb/en/Drugs/view/173
5155,P01AB07,SECNOL,G,Secnidazole - 2g,2g,Granules,842589,https://www.moph.gov.lb/en/Drugs/view/5155
5156,P01AB07,SECNOL,G,Secnidazole anhydre - 2g,2g,Granules,842589,https://www.moph.gov.lb/en/Drugs/view/5156
1424,C05AA01,SEDIPROCT,G,"Hydrocortisone - 500mg, Cinchocaine HCl - 500mg",,Cream,290270,https://www.moph.gov.lb/en/Drugs/view/1424
1425,C05AA01,SEDIPROCT,G,"Hydrocortisone - 5mg, Cinchocaine HCl - 5mg, Framycetin sulfate - 10mg, Esculoside - 10mg",,Suppository,237860,https://www.moph.gov.lb/en/Drugs/view/1425
4900,N05BA25,SEDOXIL,G,Mexazolam - 1mg,1mg,Tablet,1705336,https://www.moph.gov.lb/en/Drugs/view/4900
5310,R03BB06,SEEBRI BREEZHALER,B,Glycopyronium Bromide - 50mcg,50mcg,"Capsule, inhalation",2687685,https://www.moph.gov.lb/en/Drugs/view/5310
2866,J01DD15,SEFARIN,G,Cefdinir - 125mg/5ml,125mg/5ml,Suspension,1695929,https://www.moph.gov.lb/en/Drugs/view/2866
2867,J01DD15,SEFARIN,G,Cefdinir - 125mg/5ml,125mg/5ml,Suspension,939346,https://www.moph.gov.lb/en/Drugs/view/2867
2873,J01DD15,SEFARIN,G,Cefdinir - 300mg,300mg,Capsule,1490321,https://www.moph.gov.lb/en/Drugs/view/2873
2430,G04BE03,SEGUREX,G,Sildenafil (citrate) - 50mg,50mg,"Tablet, film coated",315803,https://www.moph.gov.lb/en/Drugs/view/2430
4624,N03AX09,SEIZET 25,G,Lamotrigine - 25mg,25mg,"Tablet, dispersible/ chewable",573821,https://www.moph.gov.lb/en/Drugs/view/4624
575,A10BJ06,SEMATIDE,G,Semaglutide - 1mg,1mg,Injectable solution,9288397,https://www.moph.gov.lb/en/Drugs/view/575
576,A10BJ06,SEMATIDE,G,Semaglutide - 0.25mg & 0.5mg,,Injectable solution,9288397,https://www.moph.gov.lb/en/Drugs/view/576
4384,N01BB58,SEPTANEST ADRENALINEE,B,"Articaine HCl - 72mg/1.8ml, Adrenaline (tartrate) - 0.033mg/1.8ml","1/100,000",Injectable solution,2945703,https://www.moph.gov.lb/en/Drugs/view/4384
5645,S02AA15,SEPTOCIPRO OTICO,B,Ciprofloxacine (HCl) - 1mg/0.5ml,1mg/0.5ml,Solution,473033,https://www.moph.gov.lb/en/Drugs/view/5645
5244,R03AK06,SERETIDE DISKUS 100,B,"Salmeterol (xinafoate) - 50mcg/inhalation, Fluticasone propionate - 100mcg/inhalation",,Inhalation powder,2276469,https://www.moph.gov.lb/en/Drugs/view/5244
5247,R03AK06,SERETIDE DISKUS 250,B,"Salmeterol (xinafoate) - 50mcg/inhalation, Fluticasone propionate - 250mcg/inhalation",,Inhalation powder,2830132,https://www.moph.gov.lb/en/Drugs/view/5247
5250,R03AK06,SERETIDE DISKUS 500,B,"Salmeterol (xinafoate) - 50mcg/inhalation, Fluticasone propionate - 500mcg/inhalation",,Inhalation powder,3199689,https://www.moph.gov.lb/en/Drugs/view/5250
5049,N06CA02,SERNIL,G,"Flupentixol - 0.5mg, Melitracen - 10mg",,Tablet,1003402,https://www.moph.gov.lb/en/Drugs/view/5049
2067,D03BA,SERODASE,G,Serratiopeptidase - 5mg,5mg,"Tablet, enteric coated",460938,https://www.moph.gov.lb/en/Drugs/view/2067
5256,R03AK06,SEROFLO 250,G,"Salmeterol (xinafoate) - 50mcg/inhalation, Fluticasone propionate - 250mcg/inhalation",,Inhalation suspension,1580359,https://www.moph.gov.lb/en/Drugs/view/5256
5253,R03AK06,SEROFLO 500,G,"Salmeterol (xinafoate) - 50mcg/inhalation, Fluticasone propionate - 500mcg/inhalation",,Inhalation suspension,2031890,https://www.moph.gov.lb/en/Drugs/view/5253
5254,R03AK06,SEROFLO-S 125,G,"Salmeterol (xinafoate) - 25mcg/inhalation, Fluticasone propionate - 125mcg/inhalation",,Inhalation suspension,1212146,https://www.moph.gov.lb/en/Drugs/view/5254
5257,R03AK06,SEROFLO-S 250,G,"Salmeterol (xinafoate) - 25mcg/inhalation, Fluticasone propionate - 250mcg/inhalation",,Inhalation suspension,1725494,https://www.moph.gov.lb/en/Drugs/view/5257
4802,N05AH04,SEROPINE 100,G,Quetiapine fumarate - 100mg,100mg,"Tablet, film coated",1996950,https://www.moph.gov.lb/en/Drugs/view/4802
4799,N05AH04,SEROPINE 25,G,Quetiapine fumarate - 25mg,25mg,"Tablet, film coated",1233647,https://www.moph.gov.lb/en/Drugs/view/4799
4811,N05AH04,SEROPINE XR 300,G,Quetiapine fumarate - 300mg,300mg,"Tablet, extended release",4744660,https://www.moph.gov.lb/en/Drugs/view/4811
4938,N06AB05,SEROXAT,B,Paroxetine (HCl) - 20mg,20mg,"Tablet, film coated",1586205,https://www.moph.gov.lb/en/Drugs/view/4938
4946,N06AB05,SEROXAT CR,B,Paroxetine (HCl) - 12.5mg,12.5mg,"Tablet, controlled release",2330541,https://www.moph.gov.lb/en/Drugs/view/4946
4947,N06AB05,SEROXAT CR,B,Paroxetine (HCl) - 25mg,25mg,"Tablet, controlled release",2845587,https://www.moph.gov.lb/en/Drugs/view/4947
4952,N06AB06,SERTINE,G,Sertraline HCl - 50mg,50mg,"Tablet, scored",520899,https://www.moph.gov.lb/en/Drugs/view/4952
4953,N06AB06,SERTINE,G,Sertraline HCl - 50mg,50mg,Tablet,714156,https://www.moph.gov.lb/en/Drugs/view/4953
4954,N06AB06,SERTRA TAD,G,Sertraline HCl - 50mg,50mg,"Tablet, film coated",689391,https://www.moph.gov.lb/en/Drugs/view/4954
4958,N06AB06,SERTRA TAD,G,Sertraline HCl - 100mg,100mg,"Tablet, film coated",1124796,https://www.moph.gov.lb/en/Drugs/view/4958
4955,N06AB06,SERTRALINE BIOGARAN,G,Sertraline HCl - 50mg,50mg,Capsule,520067,https://www.moph.gov.lb/en/Drugs/view/4955
4960,N06AB06,SERTRALINE BIOGARAN,G,Sertraline HCl - 25mg,25mg,Capsule,130353,https://www.moph.gov.lb/en/Drugs/view/4960
1141,B05CX01,SERUFLEX DEXTROSE 5% INJECTION USP,G,Glucose - 5%,5%,Injectable solution,171228,https://www.moph.gov.lb/en/Drugs/view/1141
1142,B05CX01,SERUFLEX DEXTROSE 5% INJECTION USP,G,Glucose - 5%,5%,Injectable solution,158587,https://www.moph.gov.lb/en/Drugs/view/1142
1143,B05CX01,"SERUFLEX DEXTROSE 5% INJECTION, USP",G,Glucose -  5%,5%,Injectable solution,171228,https://www.moph.gov.lb/en/Drugs/view/1143
1144,B05CX01,"SERUFLEX DEXTROSE 5% INJECTION, USP",G,Glucose - 5%,5%,Injectable solution,193062,https://www.moph.gov.lb/en/Drugs/view/1144
1042,B05BB02,"SERUFLEX DEXTROSE 5% SODIUM CHLORIDE 0.45% INJECTION, USP",G,"Sodium chloride - 0.45%, Glucose - 5%",,Injectable solution,193062,https://www.moph.gov.lb/en/Drugs/view/1042
1043,B05BB02,"SERUFLEX DEXTROSE 5% SODIUM CHLORIDE 0.45% INJECTION, USP",G,"Sodium chloride - 0.45%, Glucose - 5%",,Injectable solution,180421,https://www.moph.gov.lb/en/Drugs/view/1043
1026,B05BB02,"SERUFLEX DEXTROSE 5% SODIUM CHLORIDE 0.9% INJECTION, USP",G,"Sodium chloride - 0.9%, Glucose - 5%",,Injectable solution,194211,https://www.moph.gov.lb/en/Drugs/view/1026
1027,B05BB02,"SERUFLEX DEXTROSE 5% SODIUM CHLORIDE 0.9% INJECTION, USP",G,"Sodium chloride - 0.9%, Glucose - 5%",,Injectable solution,180421,https://www.moph.gov.lb/en/Drugs/view/1027
996,B05BB01,"SERUFLEX LACTATED RINGER'S INJECTION, USP",G,"Sodium lactate - 3.1g/l, Calcium chloride, 2H2O - 0.2g/l, Potassium chloride - 0.3g/l, Sodium chloride - 6g/l",,Injectable solution,232134,https://www.moph.gov.lb/en/Drugs/view/996
997,B05BB01,"SERUFLEX LACTATED RINGER'S INJECTION, USP",G,"Sodium lactate - 3.1g/l, Calcium chloride, 2H2O - 0.2g/l, Potassium chloride - 0.3g/l, Sodium chloride - 6g/l",,Injectable solution,216046,https://www.moph.gov.lb/en/Drugs/view/997
1080,B05BC01,"SERUFLEX MANNITOL 20% INJECTION, USP",G,Mannitol - 20g/100ml,20g/100ml,Injectable solution,402213,https://www.moph.gov.lb/en/Drugs/view/1080
1009,B05BB01,"SERUFLEX RINGER'S INJECTION, USP",G,"Calcium chloride, 2H2O - 0.33g/l, Potassium chloride - 0.3g/l, Sodium chloride - 8.6g/l",,Injectable solution,204554,https://www.moph.gov.lb/en/Drugs/view/1009
1211,B05XA03,SERUFLEX SODIUM CHLORIDE 0.9% INJECTION USP,G,Sodium chloride - 0.9%,0.9%,Injectable solution,156288,https://www.moph.gov.lb/en/Drugs/view/1211
1212,B05XA03,SERUFLEX SODIUM CHLORIDE 0.9% INJECTION USP,G,Sodium chloride - 0.9%,0.9%,Injectable solution,165482,https://www.moph.gov.lb/en/Drugs/view/1212
1213,B05XA03,"SERUFLEX SODIUM CHLORIDE 0.9% INJECTION, USP",G,Sodium chloride - 0.9%,0.9%,Injectable solution,176974,https://www.moph.gov.lb/en/Drugs/view/1213
1214,B05XA03,"SERUFLEX SODIUM CHLORIDE 0.9% INJECTION, USP",G,Sodium chloride - 0.9%,0.9%,Injectable solution,163184,https://www.moph.gov.lb/en/Drugs/view/1214
1215,B05XA03,"SERUFLEX SODIUM CHLORIDE 0.9% INJECTION, USP",G,Sodium chloride - 0.9%,0.9%,Injectable solution,156288,https://www.moph.gov.lb/en/Drugs/view/1215
5693,V03AE02,SEVELAMER CARBONATE ARROW,G,Sevelamer carbonate - 800mg,800mg,"Tablet, film coated",8645754,https://www.moph.gov.lb/en/Drugs/view/5693
5694,V03AE02,SEVELAMER CARBONATE ARROW,G,Sevelamer - 2.4g,2.4g,Powder for suspension,12969932,https://www.moph.gov.lb/en/Drugs/view/5694
5907,V03AE02,SEVELAMER CARBONATE ARROW,G,Sevelamer carbonate - 800mg,800mg,"Tablet, film coated",,https://www.moph.gov.lb/en/Drugs/view/5907
1794,C09DB02,SEVIKAR,B,"Olmesartan medoxomil - 20mg, Amlodipine - 5mg",,"Tablet, film coated",1019976,https://www.moph.gov.lb/en/Drugs/view/1794
1797,C09DB02,SEVIKAR,B,"Olmesartan medoxomil - 40mg, Amlodipine - 5mg",,"Tablet, film coated",1158392,https://www.moph.gov.lb/en/Drugs/view/1797
1800,C09DB02,SEVIKAR,B,"Olmesartan medoxomil - 40mg, Amlodipine - 10mg",,"Tablet, film coated",1245742,https://www.moph.gov.lb/en/Drugs/view/1800
4341,N01AB08,SEVOFLURANE,B,Sevoflurane -,,Inhalation,12327290,https://www.moph.gov.lb/en/Drugs/view/4341
4465,N02BE01,SICADOL,G,Paracetamol - 1000mg,1000mg,Tablet,423310,https://www.moph.gov.lb/en/Drugs/view/4465
4516,N02BE51,SICADOL EXTRA,G,"Paracetamol - 500mg, Caffeine - 65mg",,Tablet,147823,https://www.moph.gov.lb/en/Drugs/view/4516
4728,N04BC05,SIFROL,B,Pramipexole (dihydrochloride monohydrate) - 0.18mg,0.18mg,Tablet,631606,https://www.moph.gov.lb/en/Drugs/view/4728
4730,N04BC05,SIFROL,B,Pramipexole (dihydrochloride monohydrate) - 0.7mg,0.7mg,Tablet,2478046,https://www.moph.gov.lb/en/Drugs/view/4730
4732,N04BC05,SIFROL ER,B,Pramipexole (dihydrochloride monohydrate) - 0.75mg,0.75mg,"Tablet, extended release",942034,https://www.moph.gov.lb/en/Drugs/view/4732
4733,N04BC05,SIFROL ER,B,Pramipexole (dihydrochloride monohydrate) - 0.375mg,0.375mg,"Tablet, extended release",473033,https://www.moph.gov.lb/en/Drugs/view/4733
4734,N04BC05,SIFROL ER,B,Pramipexole (dihydrochloride monohydrate) - 1.5mg,1.5mg,"Tablet, extended release",1847783,https://www.moph.gov.lb/en/Drugs/view/4734
2548,H01CB05,SIGNIFOR,B,Pasireotide (diaspartate) - 0.3mg/ml,0.3mg/ml,Injectable solution,175400801,https://www.moph.gov.lb/en/Drugs/view/2548
2549,H01CB05,SIGNIFOR,B,Pasireotide (diaspartate) - 0.6mg/ml,0.6mg/ml,Injectable solution,187497407,https://www.moph.gov.lb/en/Drugs/view/2549
2550,H01CB05,SIGNIFOR,B,Pasireotide (diaspartate) - 0.9mg/ml,0.9mg/ml,Injectable solution,191126390,https://www.moph.gov.lb/en/Drugs/view/2550
3854,L03AX03,SII-ONCO-BCG,G,Bacillus Calmette- Guerin Strain - 40mg/ml (1-8x10?CFU),40mg/ml,Injectable dry powder,6987981,https://www.moph.gov.lb/en/Drugs/view/3854
2440,G04BE03,SILDENAFIL ARROW LAB,G,Sildenafil - 100mg,100mg,"Tablet, film coated",1427161,https://www.moph.gov.lb/en/Drugs/view/2440
2441,G04BE03,SILDENAFIL ARROW LAB,G,Sildenafil - 100mg,100mg,"Tablet, film coated",3192970,https://www.moph.gov.lb/en/Drugs/view/2441
2444,G04BE03,SILDENAFIL STRAGEN,G,Sildenafil - 20mg,20mg,"Tablet, coated",38048630,https://www.moph.gov.lb/en/Drugs/view/2444
2507,G04CA04,SILODOSINE ARROW,G,Silodosine - 4mg,4mg,Capsule,732394,https://www.moph.gov.lb/en/Drugs/view/2507
2510,G04CA04,SILODOSINE ARROW,G,Silodosine - 8mg,8mg,Capsule,732394,https://www.moph.gov.lb/en/Drugs/view/2510
2508,G04CA04,SILODOSINE BIOGARAN,G,Silodosine - 4mg,4mg,Capsule,555007,https://www.moph.gov.lb/en/Drugs/view/2508
2511,G04CA04,SILODOSINE BIOGARAN,G,Silodosine - 8mg,8mg,Capsule,555007,https://www.moph.gov.lb/en/Drugs/view/2511
2506,G04CA04,SILOSIN,B,Silodosine - 4mg,4mg,Capsule,1251693,https://www.moph.gov.lb/en/Drugs/view/2506
2509,G04CA04,SILOSIN,B,Silodosine - 8mg,8mg,Capsule,1927454,https://www.moph.gov.lb/en/Drugs/view/2509
2109,D06BA01,SILVEDERMA,G,Silver sulfadiazine - 1%,10mg/g,Cream,1220209,https://www.moph.gov.lb/en/Drugs/view/2109
2110,D06BA01,SILVEDERMA,G,Silver sulfadiazine - 1%,10mg/g,Cream,494534,https://www.moph.gov.lb/en/Drugs/view/2110
2117,D06BA51,SILVEZ PLUS,G,"Silver sulfadiazine - , Chlorhexidine -",,Cream,349399,https://www.moph.gov.lb/en/Drugs/view/2117
5588,S01EC54,SIMBRINZA,B,"Brinzolamide - 1%, Brimonidine tartrate - 0.2%",,Drops suspension,1259180,https://www.moph.gov.lb/en/Drugs/view/5588
155,A03AX13,SIMETHICONE,G,Dimethicone - 2g/100ml,2g/100ml,Emulsion,212327,https://www.moph.gov.lb/en/Drugs/view/155
4328,M05BA08,SIMPLA,G,Zoledronic acid - 5mg/100ml,5mg/100ml,Injectable solution,13071402,https://www.moph.gov.lb/en/Drugs/view/4328
3946,L04AB06,SIMPONI,BioTech,Golimumab - 50mg/0.5ml,50mg/0.5ml,Injectable solution,75599169,https://www.moph.gov.lb/en/Drugs/view/3946
3947,L04AB06,SIMPONI,BioTech,Golimumab - 100mg/1ml,100mg/1ml,Injectable solution,75599169,https://www.moph.gov.lb/en/Drugs/view/3947
3948,L04AC02,SIMULECT,BioTech,Basiliximab - 20mg,20mg,Injectable powder + solvent,97573579,https://www.moph.gov.lb/en/Drugs/view/3948
1849,C10AA01,SIMVAKEY,G,Simvastatin - 20mg,20mg,"Tablet, film coated",249955,https://www.moph.gov.lb/en/Drugs/view/1849
1846,C10AA01,SIMVASTATIN NORMON,G,Simvastatin - 10mg,10mg,"Tablet, film coated",264737,https://www.moph.gov.lb/en/Drugs/view/1846
1850,C10AA01,SIMVASTATIN NORMON,G,Simvastatin - 20mg,20mg,"Tablet, film coated",264737,https://www.moph.gov.lb/en/Drugs/view/1850
1854,C10AA01,SIMVASTATIN NORMON,G,Simvastatin - 40mg,40mg,"Tablet, film coated",264737,https://www.moph.gov.lb/en/Drugs/view/1854
1851,C10AA01,SIMVASTATIN-REMEDICA,G,Simvastatin - 20mg,20mg,"Tablet, film coated",542912,https://www.moph.gov.lb/en/Drugs/view/1851
1855,C10AA01,SIMVASTATIN-REMEDICA,G,Simvastatin - 40mg,40mg,"Tablet, film coated",780772,https://www.moph.gov.lb/en/Drugs/view/1855
1426,C05AA01,SINAHEAL-H,G,"Hydrocortisone acetate - 5mg, Lidocaine - 60mg, Zinc oxide - 400mg, Aluminium Subacetate - 50mg",,Suppository,501253,https://www.moph.gov.lb/en/Drugs/view/1426
1427,C05AA01,SINAHEAL-H,G,"Hydrocortisone acetate - 0.275g/100g, Lidocaine - 5g/100g, Zinc oxide - 18g/100g, Aluminium Subacetate - 3.5g/100g",,Ointment,330585,https://www.moph.gov.lb/en/Drugs/view/1427
5401,R05DB13,SINECOD,B,Butamirate dihydrogenocitrate - 15mg/10ml,15mg/10ml,"Syrup, sugar free",632950,https://www.moph.gov.lb/en/Drugs/view/5401
5405,R05DB13,SINECOD,B,Butamirate dihydrogenocitrate - 5mg/ml,5mg/ml,Drops,287582,https://www.moph.gov.lb/en/Drugs/view/5405
4719,N04BA02,SINEMET,B,"Levodopa - 250mg, Carbidopa - 25mg",,"Tablet, scored",1283690,https://www.moph.gov.lb/en/Drugs/view/4719
4721,N04BA02,SINEMET,B,"Levodopa - 100mg, Carbidopa - 25mg",,Tablet,2742335,https://www.moph.gov.lb/en/Drugs/view/4721
5331,R03DC03,SINGULAIR,B,Montelukast (sodium) - 10mg,10mg,"Tablet, film coated",1248430,https://www.moph.gov.lb/en/Drugs/view/5331
5324,R03DC03,SINGULAIR  (PEDIATRIC),B,Montelukast (sodium) - 5mg,5mg,"Tablet, chewable",1217521,https://www.moph.gov.lb/en/Drugs/view/5324
5341,R03DC03,SINGULAIR PEDIATRIC,B,Montelukast (sodium) - 4mg,4mg,"Tablet, chewable",1217521,https://www.moph.gov.lb/en/Drugs/view/5341
1942,C10AA07,SINLIP,G,Rosuvastatin (calcium) - 10mg,10mg,"Tablet, film coated",563070,https://www.moph.gov.lb/en/Drugs/view/1942
1958,C10AA07,SINLIP,G,Rosuvastatin (calcium) - 20mg,20mg,"Tablet, film coated",563070,https://www.moph.gov.lb/en/Drugs/view/1958
1969,C10AA07,SINLIP,G,Rosuvastatin (calcium) - 5mg,5mg,"Tablet, film coated",387027,https://www.moph.gov.lb/en/Drugs/view/1969
5211,R01AD09,SINOCORT METERED DOSE,G,Mometasone furoate - 0.05%,0.05%,"Spray, suspension",419279,https://www.moph.gov.lb/en/Drugs/view/5211
713,B01AA07,SINTROM,B,Acenocoumarol - 4mg,4mg,Tablet,490183,https://www.moph.gov.lb/en/Drugs/view/713
417,A10BA02,SIOFOR,G,Metformin HCl - 850mg,850mg,"Tablet, film coated",174700,https://www.moph.gov.lb/en/Drugs/view/417
4276,M03BX02,SIRDALUD,B,Tizanidine HCl - 2mg,2mg,Tablet,658420,https://www.moph.gov.lb/en/Drugs/view/4276
4277,M03BX02,SIRDALUD,B,Tizanidine HCl - 4mg,4mg,Tablet,861874,https://www.moph.gov.lb/en/Drugs/view/4277
3868,L04AA10,SIROMUNE,G,Sirolimus - 1mg,1mg,"Tablet, film coated",18729193,https://www.moph.gov.lb/en/Drugs/view/3868
4251,M03AC11,SISACURE,G,Cisatracurium (besylate) - 20mg/10ml,20mg/10ml,Injectable solution,1408347,https://www.moph.gov.lb/en/Drugs/view/4251
551,A10BH01,SITAGLIPTINE ARROW,G,Sitagliptin - 100mg,100mg,"Tablet, coated",1154361,https://www.moph.gov.lb/en/Drugs/view/551
554,A10BH01,SITAGLIPTINE ARROW,G,Sitagliptin - 50mg,50mg,"Tablet, coated",1139578,https://www.moph.gov.lb/en/Drugs/view/554
487,A10BD07,SITAMET,G,"Metformin - 1000mg, Sitagliptin - 50mg",,"Tablet, film coated",2541715,https://www.moph.gov.lb/en/Drugs/view/487
495,A10BD07,SITAMET,G,"Metformin - 850mg, Sitagliptin - 50mg",,"Tablet, film coated",2392203,https://www.moph.gov.lb/en/Drugs/view/495
552,A10BH01,SITAVITAE,G,Sitagliptin - 100mg,100mg,"Tablet, film coated",1412378,https://www.moph.gov.lb/en/Drugs/view/552
488,A10BD07,SITAVITAE PLUS,G,"Metformin - 1000mg, Sitagliptin - 50mg",,"Tablet, film coated",1079106,https://www.moph.gov.lb/en/Drugs/view/488
496,A10BD07,SITAVITAE PLUS,G,"Metformin - 850mg, Sitagliptin - 50mg",,"Tablet, film coated",1079106,https://www.moph.gov.lb/en/Drugs/view/496
553,A10BH01,SITAXIA 100,G,Sitagliptin - 100mg,100mg,"Tablet, film coated",1200499,https://www.moph.gov.lb/en/Drugs/view/553
4388,N02AA01,SKENAN LP,G,Morphine sulfate - 10mg,10mg,"Capsule, prolonged release microgranules",419279,https://www.moph.gov.lb/en/Drugs/view/4388
4390,N02AA01,SKENAN LP,G,Morphine sulfate - 30mg,30mg,"Capsule, prolonged release microgranules",972942,https://www.moph.gov.lb/en/Drugs/view/4390
4392,N02AA01,SKENAN LP,G,Morphine sulfate - 60mg,60mg,"Capsule, prolonged release microgranules",1990231,https://www.moph.gov.lb/en/Drugs/view/4392
2224,D10AX03,SKINOREN,B,Azelaic acid - 0.2g/g,0.2g/g,Cream,722987,https://www.moph.gov.lb/en/Drugs/view/2224
3965,L04AC18,SKYRIZI,BioTech,Risankizumab - 150mg,150mg,Injectable solution,276469860,https://www.moph.gov.lb/en/Drugs/view/3965
304,A07BC05,SMECTALIA,B,Diosmectite - 3g/sachet,3g/sachet,Powder for suspension,935570,https://www.moph.gov.lb/en/Drugs/view/304
305,A07BC05,SMECTALIA STRAWBERRY,B,Diosmectite - 3g/sachet,3g/sachet,Powder for suspension,935570,https://www.moph.gov.lb/en/Drugs/view/305
982,B05BA10,SMOFKABIVEN,G,"Glucose monohydrate - 462mg, Soya-bean oil, refined - 60mg, Triglycerides, Medium Chain - 60mg, Olive oil, refined - 50mg, Fish oil, rich in omega-3-acids - 30mg, Alanine - 14mg, Arginine - 12mg, Proline - 11.2mg, Glycine - 11mg, Lysine acetate - 9.3mg, Leucine - 7.4mg, Serine - 6.5mg, Valine - 6.2mg, Sodium acetate, 3H2O - 5.62mg, Phenylalanine - 5.1mg, Isoleucine - 5mg, Potassium chloride - 4.48mg, Threonine - 4.4mg, Methionine - 4.3mg, Sodium glycerophosphate, anhydrous - 4.18mg, Histidine - 3mg, Magnesium sulfate, 7H2O - 2.47mg, Tryptophan - 2mg, Taurine - 1mg, Calcium chloride 2H2O - 0.74mg, Tyrosine - 0.40mg, Zinc sulfate heptahydrate - 23mcg",,Injectable emulsion,3835326,https://www.moph.gov.lb/en/Drugs/view/982
983,B05BA10,SMOFKABIVEN PERIPHERAL,G,"Glucose monohydrate - 143mg, Soya-bean oil, refined - 60mg, Triglycerides, Medium Chain - 60mg, Olive oil, refined - 50mg, Fish oil, rich in omega-3-acids - 30mg, Alanine - 14mg, Arginine - 12mg, Proline - 11.2mg, Glycine - 11mg, Lysine acetate - 9.3mg, Leucine - 7.4mg, Serine - 6.5mg, Valine - 6.2mg, Sodium acetate, 3H2O - 5.62mg, Phenylalanine - 5.1mg, Isoleucine - 5mg, Potassium chloride - 4.48mg, Threonine - 4.4mg, Methionine - 4.3mg, Sodium glycerophosphate, anhydrous - 4.18mg, Histidine - 3mg, Magnesium sulfate, 7H2O - 2.47mg, Tryptophan - 2mg, Taurine - 1mg, Calcium chloride 2H2O - 0.74mg, Tyrosine - 0.40mg, Zinc sulfate heptahydrate - 23mcg",,Injectable emulsion,4571752,https://www.moph.gov.lb/en/Drugs/view/983
973,B05BA02,SMOFLIPID,G,"Soya oil - 6%, Olive oil - 5%, Fish oil - 3%, Medium chain triglycerides - 6%",20%,Injectable emulsion,1424473,https://www.moph.gov.lb/en/Drugs/view/973
5154,P01AB07,SNAD,G,Secnidazole - 500mg,500mg,Tablet,774053,https://www.moph.gov.lb/en/Drugs/view/5154
1190,B05XA02,SODIUM BICARBONATE,G,Sodium bicarbonate - 4.2g/100ml,4.2g/100ml,Injectable solution,742370,https://www.moph.gov.lb/en/Drugs/view/1190
1191,B05XA02,SODIUM BICARBONATE,G,Sodium bicarbonate - 8.4g/100ml,8.4%,Injectable solution,959565,https://www.moph.gov.lb/en/Drugs/view/1191
1192,B05XA02,SODIUM BICARBONATE,G,Sodium bicarbonate - 1.4g/100ml,1.4g/100ml,Injectable solution,258887,https://www.moph.gov.lb/en/Drugs/view/1192
1216,B05XA03,SODIUM CHLORIDE,G,Sodium chloride - 0.9%,0.9%,Injectable solution,4143943,https://www.moph.gov.lb/en/Drugs/view/1216
1217,B05XA03,SODIUM CHLORIDE,G,Sodium chloride - 0.9%,0.9%,Injectable solution,3985356,https://www.moph.gov.lb/en/Drugs/view/1217
1218,B05XA03,SODIUM CHLORIDE,G,Sodium chloride - 0.9%,0.9%,Injectable solution,5566628,https://www.moph.gov.lb/en/Drugs/view/1218
1219,B05XA03,SODIUM CHLORIDE,G,Sodium chloride - 0.9%,0.9%,Injectable solution,519736,https://www.moph.gov.lb/en/Drugs/view/1219
1220,B05XA03,SODIUM CHLORIDE,G,Sodium chloride - 0.9%,0.9%,Injectable solution,167780,https://www.moph.gov.lb/en/Drugs/view/1220
1221,B05XA03,SODIUM CHLORIDE,G,Sodium chloride - 0.9%,0.9%,Injectable solution,167780,https://www.moph.gov.lb/en/Drugs/view/1221
1222,B05XA03,SODIUM CHLORIDE,G,Sodium chloride - 0.9%,0.9%,Injectable solution,166708,https://www.moph.gov.lb/en/Drugs/view/1222
1223,B05XA03,SODIUM CHLORIDE,G,Sodium chloride - 0.9%,0.9%,Injectable solution,174553,https://www.moph.gov.lb/en/Drugs/view/1223
1224,B05XA03,SODIUM CHLORIDE,G,Sodium chloride - 0.9%,0.9%,Injectable solution,188772,https://www.moph.gov.lb/en/Drugs/view/1224
1225,B05XA03,SODIUM CHLORIDE,G,Sodium chloride - 0.9%,0.9%,Injectable solution,209151,https://www.moph.gov.lb/en/Drugs/view/1225
1226,B05XA03,SODIUM CHLORIDE,G,Sodium chloride - 0.9%,0.9%,Injectable solution,222941,https://www.moph.gov.lb/en/Drugs/view/1226
1227,B05XA03,SODIUM CHLORIDE,G,Sodium chloride - 0.9%,0.9%,Injectable solution,349596,https://www.moph.gov.lb/en/Drugs/view/1227
1228,B05XA03,SODIUM CHLORIDE,G,Sodium chloride - 0.9%,0.9%,Injectable solution,182720,https://www.moph.gov.lb/en/Drugs/view/1228
1229,B05XA03,SODIUM CHLORIDE,G,Sodium chloride - 0.9%,0.9%,Injectable solution,182720,https://www.moph.gov.lb/en/Drugs/view/1229
1230,B05XA03,SODIUM CHLORIDE,G,Sodium chloride - 0.9%,0.9%,Injectable solution,181908,https://www.moph.gov.lb/en/Drugs/view/1230
1250,B05XA03,SODIUM CHLORIDE,G,Sodium chloride - 0.45%,0.45%,Injectable solution,133856,https://www.moph.gov.lb/en/Drugs/view/1250
1251,B05XA03,SODIUM CHLORIDE,G,Sodium chloride - 0.45%,0.45%,Injectable solution,149393,https://www.moph.gov.lb/en/Drugs/view/1251
1252,B05XA03,SODIUM CHLORIDE,G,Sodium chloride - 0.45%,0.45%,Injectable solution,163184,https://www.moph.gov.lb/en/Drugs/view/1252
1253,B05XA03,SODIUM CHLORIDE,G,Sodium chloride - 0.45%,0.45%,Injectable solution,176974,https://www.moph.gov.lb/en/Drugs/view/1253
1254,B05XA03,SODIUM CHLORIDE,G,Sodium chloride - 0.45%,0.45%,Injectable solution,161805,https://www.moph.gov.lb/en/Drugs/view/1254
1255,B05XA03,SODIUM CHLORIDE,G,Sodium chloride - 0.45%,0.45%,Injectable solution,144797,https://www.moph.gov.lb/en/Drugs/view/1255
1261,B05XA03,SODIUM CHLORIDE,G,Sodium chloride - 10%,10%,Injectable solution,4129004,https://www.moph.gov.lb/en/Drugs/view/1261
1262,B05XA03,SODIUM CHLORIDE,G,Sodium chloride - 10%,10%,Injectable solution,5779226,https://www.moph.gov.lb/en/Drugs/view/1262
1263,B05XA03,SODIUM CHLORIDE,G,Sodium chloride - 20%,20%,Injectable solution,5675800,https://www.moph.gov.lb/en/Drugs/view/1263
1264,B05XA03,SODIUM CHLORIDE,G,Sodium chloride - 20%,20%,Injectable solution,784890,https://www.moph.gov.lb/en/Drugs/view/1264
1256,B05XA03,"SODIUM CHLORIDE 0.45% INJECTION, USP",G,Sodium chloride - 0.45%,0.45%,Injectable solution,161314,https://www.moph.gov.lb/en/Drugs/view/1256
1257,B05XA03,"SODIUM CHLORIDE 0.45% INJECTION, USP",G,Sodium chloride - 0.45%,0.45%,Injectable solution,149393,https://www.moph.gov.lb/en/Drugs/view/1257
1258,B05XA03,"SODIUM CHLORIDE 0.45% INJECTION, USP",G,Sodium chloride - 0.45%,0.45%,Injectable solution,148566,https://www.moph.gov.lb/en/Drugs/view/1258
1231,B05XA03,SODIUM CHLORIDE 0.9% INJECTION USP,G,Sodium chloride - 0.9%,0.9%,Injectable solution,156288,https://www.moph.gov.lb/en/Drugs/view/1231
1232,B05XA03,SODIUM CHLORIDE 0.9% INJECTION USP,G,Sodium chloride - 0.9%,0.9%,Injectable solution,165482,https://www.moph.gov.lb/en/Drugs/view/1232
1233,B05XA03,"SODIUM CHLORIDE 0.9% INJECTION, USP",G,Sodium chloride - 0.9%,0.9%,Injectable solution,176974,https://www.moph.gov.lb/en/Drugs/view/1233
1234,B05XA03,"SODIUM CHLORIDE 0.9% INJECTION, USP",G,Sodium chloride - 0.9%,0.9%,Injectable solution,163184,https://www.moph.gov.lb/en/Drugs/view/1234
1235,B05XA03,"SODIUM CHLORIDE 0.9% INJECTION, USP",G,Sodium chloride - 0.9%,0.9%,Injectable solution,156288,https://www.moph.gov.lb/en/Drugs/view/1235
1236,B05XA03,SODIUM CHLORIDE INJECTION/ DEMO,G,Sodium chloride - 0.9% w/v,0.9% w/v,Injectable solution,1182581,https://www.moph.gov.lb/en/Drugs/view/1236
1237,B05XA03,SODIUM CHLORIDE INJECTION/ DEMO,G,Sodium chloride - 0.9% w/v,0.9% w/v,Injectable solution,1419098,https://www.moph.gov.lb/en/Drugs/view/1237
1238,B05XA03,SODIUM CHLORIDE INJECTION/ DEMO,G,Sodium chloride - 0.9% w/v,0.9% w/v,Injectable solution,567102,https://www.moph.gov.lb/en/Drugs/view/1238
280,A06AD61,SOFLAX,G,"Lactose - less than 6g/100ml, Galactose - less than 11g/100ml, Lactulose - 67g/100ml",,Solution,258018,https://www.moph.gov.lb/en/Drugs/view/280
123,A02BC05,SOLEZOL,G,Esomeprazole - 40mg,40mg,Injectable powder for solution,301021,https://www.moph.gov.lb/en/Drugs/view/123
4817,N05AL05,SOLIAN,B,Amisulpride - 100mg,100mg,"Tablet, scored",1048197,https://www.moph.gov.lb/en/Drugs/view/4817
4818,N05AL05,SOLIAN,B,Amisulpride - 400mg,400mg,"Tablet, film-scored",1764465,https://www.moph.gov.lb/en/Drugs/view/4818
2415,G04BD08,SOLIFAS,G,Solifenacin succinate - 5mg,5mg,"Tablet, film coated",971598,https://www.moph.gov.lb/en/Drugs/view/2415
2421,G04BD08,SOLIFAS,G,Solifenacin succinate - 10mg,10mg,"Tablet, film coated",971598,https://www.moph.gov.lb/en/Drugs/view/2421
2416,G04BD08,SOLIFENACINE ARROW,G,Solifenacin succinate - 5mg,5mg,"Tablet, coated",952784,https://www.moph.gov.lb/en/Drugs/view/2416
2422,G04BD08,SOLIFENACINE ARROW,G,Solifenacin succinate - 10mg,10mg,"Tablet, coated",952784,https://www.moph.gov.lb/en/Drugs/view/2422
3992,L04AJ01,SOLIRIS,BioTech,Eculizumab - 300mg,300mg,Injectable concentrate for solution,218073569,https://www.moph.gov.lb/en/Drugs/view/3992
4166,M01AE03,SOLKET,G,Ketoprofen Lysine salt - 80mg,80mg,Powder for solution,636981,https://www.moph.gov.lb/en/Drugs/view/4166
4167,M01AE03,SOLKET INFLAMMATION AND PAIN,G,Ketoprofen Lysine salt - 0.16%,0.16%,Spray,946065,https://www.moph.gov.lb/en/Drugs/view/4167
4956,N06AB06,SOLOTIK,G,Sertraline HCl - 50mg,50mg,"Tablet, film coated",428686,https://www.moph.gov.lb/en/Drugs/view/4956
4959,N06AB06,SOLOTIK,G,Sertraline HCl - 100mg,100mg,"Tablet, film coated",616824,https://www.moph.gov.lb/en/Drugs/view/4959
4523,N02BE51,SOLPADEINE,B,"Paracetamol - 500mg, Caffeine - 30mg, Codeine - 8mg",,Tablet,319835,https://www.moph.gov.lb/en/Drugs/view/4523
4524,N02BE51,SOLPADEINE SOLUBLE,B,"Paracetamol - 500mg, Caffeine - 30mg, Codeine - 8mg",,"Tablet, effervescent",326554,https://www.moph.gov.lb/en/Drugs/view/4524
4525,N02BE51,SOLPEX,G,"Paracetamol - 500mg, Caffeine - 30mg, Codeine - 8mg",,Tablet,243172,https://www.moph.gov.lb/en/Drugs/view/4525
2603,H02AB09,SOLU CORTEF ACT-O-VIAL,B,Hydrocortisone (sodium succinate) - 250mg,250mg,Injectable lyophilised powder for solution+diluent,421967,https://www.moph.gov.lb/en/Drugs/view/2603
2580,H02AB04,SOLU MEDROL,B,Methylprednisolone sodium succinate - 500mg,500mg,Injectable powder for solution,718956,https://www.moph.gov.lb/en/Drugs/view/2580
2582,H02AB04,SOLU MEDROL,B,Methylprednisolone sodium succinate - 1g,1g,Injectable powder for solution,1444631,https://www.moph.gov.lb/en/Drugs/view/2582
2571,H02AB04,SOLU MEDROL Act-O-Vial,B,Methylprednisolone sodium succinate - 40mg,40mg,Injectable powder for solution+diluent,318491,https://www.moph.gov.lb/en/Drugs/view/2571
1105,B05CX01,"SOLUFLEX DEXTROSE 10% INJECTION, USP",G,Glucose - 10%,10%,Injectable solution,219493,https://www.moph.gov.lb/en/Drugs/view/1105
1106,B05CX01,"SOLUFLEX DEXTROSE 10% INJECTION, USP",G,Glucose - 10%,10%,Injectable solution,251670,https://www.moph.gov.lb/en/Drugs/view/1106
1107,B05CX01,"SOLUFLEX DEXTROSE 10% INJECTION, USP",G,Glucose - 10%,10%,Injectable solution,283847,https://www.moph.gov.lb/en/Drugs/view/1107
1056,B05BB02,"SOLUFLEX DEXTROSE 2.5% SODIUM CHLORIDE 0.45% INJECTION, USP",G,"Sodium chloride - 0.45%, Glucose - 2.5%",,Injectable solution,150543,https://www.moph.gov.lb/en/Drugs/view/1056
1057,B05BB02,"SOLUFLEX DEXTROSE 2.5% SODIUM CHLORIDE 0.45% INJECTION, USP",G,"Sodium chloride - 0.45%, Glucose - 2.5%",,Injectable solution,222941,https://www.moph.gov.lb/en/Drugs/view/1057
1145,B05CX01,SOLUFLEX DEXTROSE 5% INJECTION USP,G,Glucose - 5%,5%,Injectable solution,186167,https://www.moph.gov.lb/en/Drugs/view/1145
1146,B05CX01,SOLUFLEX DEXTROSE 5% INJECTION USP,G,Glucose - 5%,5%,Injectable solution,186167,https://www.moph.gov.lb/en/Drugs/view/1146
1147,B05CX01,"SOLUFLEX DEXTROSE 5% INJECTION, USP",G,Glucose - 5%,5%,Injectable solution,205703,https://www.moph.gov.lb/en/Drugs/view/1147
1148,B05CX01,"SOLUFLEX DEXTROSE 5% INJECTION, USP",G,Glucose - 5%,5%,Injectable solution,221792,https://www.moph.gov.lb/en/Drugs/view/1148
1149,B05CX01,"SOLUFLEX DEXTROSE 5% INJECTION, USP",G,Glucose - 5%,5%,Injectable solution,185018,https://www.moph.gov.lb/en/Drugs/view/1149
1044,B05BB02,"SOLUFLEX DEXTROSE 5% SODIUM CHLORIDE 0.45% INJECTION, USP",G,"Sodium chloride - 0.45%, Glucose - 5%",,Injectable solution,236731,https://www.moph.gov.lb/en/Drugs/view/1044
1045,B05BB02,"SOLUFLEX DEXTROSE 5% SODIUM CHLORIDE 0.45% INJECTION, USP",G,"Sodium chloride - 0.45%, Glucose - 5%",,Injectable solution,211449,https://www.moph.gov.lb/en/Drugs/view/1045
1028,B05BB02,"SOLUFLEX DEXTROSE 5% SODIUM CHLORIDE 0.9% INJECTION, USP",G,"Sodium chloride - 0.9%, Glucose - 5%",,Injectable solution,222941,https://www.moph.gov.lb/en/Drugs/view/1028
1029,B05BB02,"SOLUFLEX DEXTROSE 5% SODIUM CHLORIDE 0.9% INJECTION, USP",G,"Sodium chloride - 0.9%, Glucose - 5%",,Injectable solution,158587,https://www.moph.gov.lb/en/Drugs/view/1029
998,B05BB01,"SOLUFLEX LACTATED RINGER'S INJECTION, USP",G,"Sodium lactate - 3.1g/l, Calcium chloride, 2H2O - 0.2g/l, Potassium chloride - 0.3g/l, Sodium chloride - 6g/l",,Injectable solution,264311,https://www.moph.gov.lb/en/Drugs/view/998
999,B05BB01,"SOLUFLEX LACTATED RINGER'S INJECTION, USP",G,"Sodium lactate - 3.1g/l, Calcium chloride, 2H2O - 0.2g/l, Potassium chloride - 0.3g/l, Sodium chloride - 6g/l",,Injectable solution,236731,https://www.moph.gov.lb/en/Drugs/view/999
1081,B05BC01,"SOLUFLEX MANNITOL 20% INJECTION, USP",G,Mannitol - 20g/100ml,20g/100ml,Injectable solution,603320,https://www.moph.gov.lb/en/Drugs/view/1081
5142,P01AB01,SOLUFLEX METRONIDAZOLE,G,Metronidazole - 500mg/100ml,500mg/100ml,Injectable solution,162541,https://www.moph.gov.lb/en/Drugs/view/5142
4506,N02BE01,SOLUFLEX PARACETAMOL,G,Paracetamol - 1g/100ml,1g/100ml,Injectable solution,211175,https://www.moph.gov.lb/en/Drugs/view/4506
955,B05,SOLUFLEX POTASSIUM CHLORIDE 20meq/l SODIUM CHLORIDE 0.9% INJECTION USP,G,"Sodium chloride - 0.9%, Potassium chloride - 20meq/l",,Injectable solution,232134,https://www.moph.gov.lb/en/Drugs/view/955
956,B05,SOLUFLEX POTASSIUM CHLORIDE 40meq/l SODIUM CHLORIDE 0.9% INJECTION USP,G,"Sodium chloride - 0.9%, Potassium chloride - 40meq/l",,Injectable solution,293041,https://www.moph.gov.lb/en/Drugs/view/956
1010,B05BB01,"SOLUFLEX RINGER'S INJECTION, USP",G,"Calcium chloride, 2H2O - 0.33g/l, Potassium chloride - 0.3g/l, Sodium chloride - 8.6g/l",,Injectable solution,221792,https://www.moph.gov.lb/en/Drugs/view/1010
1011,B05BB01,"SOLUFLEX RINGER'S INJECTION, USP",G,"Calcium chloride 2H2O - 0.33g/l, Potassium chloride - 0.3g/l, Sodium chloride - 8.6g/l",,Injectable solution,216046,https://www.moph.gov.lb/en/Drugs/view/1011
1012,B05BB01,"SOLUFLEX RINGER'S INJECTION, USP",G,"Calcium chloride 2H2O - 0.33g/l, Potassium chloride - 0.3g/l, Sodium chloride - 8.6g/l",,Injectable solution,216046,https://www.moph.gov.lb/en/Drugs/view/1012
1259,B05XA03,"SOLUFLEX SODIUM CHLORIDE 0.45% INJECTION, USP",G,Sodium chloride - 0.45%,0.45%,Injectable solution,176974,https://www.moph.gov.lb/en/Drugs/view/1259
1260,B05XA03,"SOLUFLEX SODIUM CHLORIDE 0.45% INJECTION, USP",G,Sodium chloride - 0.45%,0.45%,Injectable solution,158587,https://www.moph.gov.lb/en/Drugs/view/1260
1239,B05XA03,SOLUFLEX SODIUM CHLORIDE 0.9% INJECTION USP,G,Sodium chloride - 0.9%,0.9%,Injectable solution,180421,https://www.moph.gov.lb/en/Drugs/view/1239
1240,B05XA03,SOLUFLEX SODIUM CHLORIDE 0.9% INJECTION USP,G,Sodium chloride - 0.9%,0.9%,Injectable solution,180421,https://www.moph.gov.lb/en/Drugs/view/1240
1241,B05XA03,"SOLUFLEX SODIUM CHLORIDE 0.9% INJECTION, USP",G,Sodium chloride - 0.9%,0.9%,Injectable solution,218344,https://www.moph.gov.lb/en/Drugs/view/1241
1242,B05XA03,"SOLUFLEX SODIUM CHLORIDE 0.9% INJECTION, USP",G,Sodium chloride - 0.9%,0.9%,Injectable solution,203405,https://www.moph.gov.lb/en/Drugs/view/1242
1243,B05XA03,"SOLUFLEX SODIUM CHLORIDE 0.9% INJECTION, USP",G,Sodium chloride - 0.9%,0.9%,Injectable solution,179272,https://www.moph.gov.lb/en/Drugs/view/1243
5394,R05CB06,SOLVAMUC SR,G,Ambroxol - 75mg,75mg,Capsule,276448,https://www.moph.gov.lb/en/Drugs/view/5394
2546,H01CB03,SOMATULINE AUTOGEL,B,Lanreotide (acetate) - 90mg,90mg,Injectable solution,48383450,https://www.moph.gov.lb/en/Drugs/view/2546
2547,H01CB03,SOMATULINE AUTOGEL,B,Lanreotide (acetate) - 120mg,120mg,Injectable solution,57492826,https://www.moph.gov.lb/en/Drugs/view/2547
5835,H01CB03,SOMATULINE AUTOGEL,B,Lanreotide (acetate) - 120mg,120mg,Injectable solution,,https://www.moph.gov.lb/en/Drugs/view/5835
5045,N06BX06,SOMAZINA,B,Citicoline - 1000mg/sachet,1000mg/sachet,Solution,974286,https://www.moph.gov.lb/en/Drugs/view/5045
5046,N06BX06,SOMAZINA,B,"Citicoline (sodium) - 1,000mg/4ml","1,000mg/4ml",Injectable solution,1087169,https://www.moph.gov.lb/en/Drugs/view/5046
2277,D11AX22,SOOLANTRA,B,Ivermectin - 10mg/g,10mg/g,Cream,2154180,https://www.moph.gov.lb/en/Drugs/view/2277
2278,D11AX22,SOOLANTRA,B,Ivermectin - 10mg/g,10mg/g,Cream,1053573,https://www.moph.gov.lb/en/Drugs/view/2278
4123,M01AC02,SORAL,G,Tenoxicam - 20mg/2ml,20mg/2ml,Injectable lyophilised powder for solution+solvent,360150,https://www.moph.gov.lb/en/Drugs/view/4123
1463,C07AA07,SOTALOL BIOGARAN,G,Sotalol hydrochloride - 160mg,160mg,"Tablet, scored",353431,https://www.moph.gov.lb/en/Drugs/view/1463
1464,C07AA07,SOTALOL BIOGARAN,G,Sotalol hydrochloride - 80mg,80mg,"Tablet, scored",288926,https://www.moph.gov.lb/en/Drugs/view/1464
4011,L04AX04,SOTIRA,G,Lenalidomide - 5mg,5mg,Capsule,68908116,https://www.moph.gov.lb/en/Drugs/view/4011
4021,L04AX04,SOTIRA,G,Lenalidomide - 10mg,10mg,Capsule,72248183,https://www.moph.gov.lb/en/Drugs/view/4021
4030,L04AX04,SOTIRA,G,Lenalidomide - 15mg,15mg,Capsule,76208289,https://www.moph.gov.lb/en/Drugs/view/4030
4040,L04AX04,SOTIRA,G,Lenalidomide - 25mg,25mg,Capsule,76719234,https://www.moph.gov.lb/en/Drugs/view/4040
3598,L01EX01,SOVIDEX,G,Sunitinib malate - 12.5mg,12.5mg,Capsule,36042560,https://www.moph.gov.lb/en/Drugs/view/3598
3601,L01EX01,SOVIDEX,G,Sunitinib malate - 25mg,25mg,Capsule,64804314,https://www.moph.gov.lb/en/Drugs/view/3601
3603,L01EX01,SOVIDEX,G,Sunitinib malate - 50mg,50mg,Capsule,118623323,https://www.moph.gov.lb/en/Drugs/view/3603
152,A03AX12,SPASFON,B,"Phloroglucinol hydrate - 80mg, Trimethylphloroglucinol - 80mg",,"Tablet, coated",278175,https://www.moph.gov.lb/en/Drugs/view/152
2425,G04BD09,SPASMEX,B,Trospium chloride - 30mg,30mg,"Tablet, film coated",2564051,https://www.moph.gov.lb/en/Drugs/view/2425
2426,G04BD09,SPASMEX,B,Trospium chloride - 30mg,30mg,"Tablet, film coated",2564051,https://www.moph.gov.lb/en/Drugs/view/2426
143,A03AA04,SPASMINE (Mebeverine HCl 200mg SR),G,Mebeverine HCl - 200mg,200mg,"Capsule, slow release",712876,https://www.moph.gov.lb/en/Drugs/view/143
151,A03AX,SPASMO-DIGESTIN,B,"Simethicone - 30mg, Dicyclomine HCl - 5mg, Sodium dihydrocholate - 10mg, Sanzyme 3500 - 36mg, Papain - 100mg",,"Tablet, enteric coated",260705,https://www.moph.gov.lb/en/Drugs/view/151
141,A03A,SPASMOBROM,B,Pipethanate Ethobromide - 20mg,20mg,"Tablet, coated",705517,https://www.moph.gov.lb/en/Drugs/view/141
147,A03AB06,SPASMOMEN,B,Otilonium bromide - 40mg,40mg,"Tablet, film coated",438093,https://www.moph.gov.lb/en/Drugs/view/147
3759,L01XX02,SPECTRILA,BioTech,"Asparaginase, recombinant - 10,000IU","10,000IU",Injectable powder for concentrate for solution,21370813,https://www.moph.gov.lb/en/Drugs/view/3759
4128,M01AE01,SPIDIFEN,B,Ibuprofen alginate - 400mg,400mg,"Tablet, film coated",330585,https://www.moph.gov.lb/en/Drugs/view/4128
5181,P03AX01,SPIDOGALE,G,"Benzyl benzoate - 10g/100ml, Sulfur colloïdal - 5g/100ml",,Lotion,207336,https://www.moph.gov.lb/en/Drugs/view/5181
5280,R03AL06,SPIOLTO RESPIMAT,B,"Olodaterol HCl - 2.5mcg/puff, Tiotropium bromide monohydrate - 2.5mcg/puff",,Inhalation solution,5087788,https://www.moph.gov.lb/en/Drugs/view/5280
3058,J01RA,SPIRAGYL,G,"Metronidazole - 125mg, Spiramycin - 750,000IU",,"Tablet, scored",474824,https://www.moph.gov.lb/en/Drugs/view/3058
3060,J01RA,SPIRAGYL FORTE,G,"Metronidazole - 250mg, Spiramycin - 1,500,000IU",,"Tablet, scored",474824,https://www.moph.gov.lb/en/Drugs/view/3060
5306,R03BB04,SPIRIVA WITH HANDIHALER,B,Tiotropium bromide - 18mcg,18mcg,"Capsule, inhalation",3179531,https://www.moph.gov.lb/en/Drugs/view/5306
2219,D10AF02,SPOTEX,G,Erythromycin - 4%,4%,Gel,854684,https://www.moph.gov.lb/en/Drugs/view/2219
5021,N06AX27,SPRAVATO,B,Esketamine - 28mg/device,28mg/device,Solution,25122440,https://www.moph.gov.lb/en/Drugs/view/5021
5022,N06AX27,SPRAVATO,B,Esketamine (HCl) - 28mg,28mg/device,Solution,66978978,https://www.moph.gov.lb/en/Drugs/view/5022
5023,N06AX27,SPRAVATO,B,Esketamine (HCl) - 28mg,28mg/device,Solution,44561381,https://www.moph.gov.lb/en/Drugs/view/5023
5024,N06AX27,SPRAVATO,B,Esketamine (HCl) - 28mg,28mg/device,Solution,25122440,https://www.moph.gov.lb/en/Drugs/view/5024
5025,N06AX27,SPRAVATO,B,Esketamine (HCl) - 28mg,28mg/device,Solution,66978978,https://www.moph.gov.lb/en/Drugs/view/5025
5026,N06AX27,SPRAVATO,B,Esketamine (HCl) - 28mg,28mg/device,Solution,44561381,https://www.moph.gov.lb/en/Drugs/view/5026
3505,L01EA02,SPRYCEL,B,Dasatinib - 70mg,70mg,Tablet,212274841,https://www.moph.gov.lb/en/Drugs/view/3505
3510,L01EA02,SPRYCEL,B,Dasatinib - 50mg,50mg,Tablet,212274841,https://www.moph.gov.lb/en/Drugs/view/3510
3102,J02AC01,STABILANOL,G,Fluconazole - 2mg/ml,2mg/ml,Injectable solution,1291789,https://www.moph.gov.lb/en/Drugs/view/3102
3112,J02AC01,STABILANOL,G,Fluconazole - 100mg,100mg,Capsule,1432331,https://www.moph.gov.lb/en/Drugs/view/3112
3128,J02AC01,STABILANOL,G,Fluconazole - 150mg,150mg,Capsule,264637,https://www.moph.gov.lb/en/Drugs/view/3128
4293,M04AA03,STABURIC,G,Febuxostat - 120mg,120mg,"Tablet, film coated",1420889,https://www.moph.gov.lb/en/Drugs/view/4293
4298,M04AA03,STABURIC,G,Febuxostat - 80mg,80mg,"Tablet, film coated",1355489,https://www.moph.gov.lb/en/Drugs/view/4298
4301,M04AA03,STABURIC,G,Febuxostat - 40mg,40mg,"Tablet, film coated",1081345,https://www.moph.gov.lb/en/Drugs/view/4301
5659,V01AA,STALORAL,B,Allergen extracts - 2 x 100IR ou IC/ml,,Solution,8449319,https://www.moph.gov.lb/en/Drugs/view/5659
5660,V01AA,STALORAL,B,Allergen extracts - 300 IR ou IC/ml,,Solution,6598267,https://www.moph.gov.lb/en/Drugs/view/5660
5661,V01AA,STALORAL,B,Allergen extracts - 10-100-100 IR ou IC/ml,10-100-100 IR ou IC/ml,Solution,9129688,https://www.moph.gov.lb/en/Drugs/view/5661
5662,V01AA,STALORAL,B,Allergen extracts - 10-300 IR ou IC/ml,10-300 IR ou IC/ml,Solution,7206963,https://www.moph.gov.lb/en/Drugs/view/5662
1861,C10AA03,STAVACOR,G,Pravastatin sodium - 40mg,40mg,"Tablet, scored",891799,https://www.moph.gov.lb/en/Drugs/view/1861
1864,C10AA03,STAVACOR,G,Pravastatin sodium - 20mg,20mg,"Tablet, scored",725419,https://www.moph.gov.lb/en/Drugs/view/1864
1865,C10AA03,STAVACOR,G,Pravastatin sodium - 10mg,10mg,"Tablet, scored",1695801,https://www.moph.gov.lb/en/Drugs/view/1865
1847,C10AA01,STAVINE,G,Simvastatin - 10mg,10mg,Tablet,207336,https://www.moph.gov.lb/en/Drugs/view/1847
1852,C10AA01,STAVINE,G,Simvastatin - 20mg,20mg,Tablet,207336,https://www.moph.gov.lb/en/Drugs/view/1852
1856,C10AA01,STAVINE,G,Simvastatin - 40mg,40mg,"Tablet, scored",207336,https://www.moph.gov.lb/en/Drugs/view/1856
3949,L04AC05,STELARA,BioTech,Ustekinumab - 45mg,45mg,Injectable solution,157788549,https://www.moph.gov.lb/en/Drugs/view/3949
3950,L04AC05,STELARA,BioTech,Ustekinumab - 45mg,45mg,Injectable solution,157788549,https://www.moph.gov.lb/en/Drugs/view/3950
3952,L04AC05,STELARA,BioTech,Ustekinumab - 90mg,90mg,Injectable solution,157788549,https://www.moph.gov.lb/en/Drugs/view/3952
3953,L04AC05,STELARA,BioTech,Ustekinumab - 90mg,90mg,Injectable solution,157788549,https://www.moph.gov.lb/en/Drugs/view/3953
3955,L04AC05,STELARA,BioTech,Ustekinumab - 130mg,130mg,Injectable concentrate for solution,66388357,https://www.moph.gov.lb/en/Drugs/view/3955
5803,L04AC05,STELARA,BioTech,Ustekinumab - 90mg,90mg,Injectable solution,,https://www.moph.gov.lb/en/Drugs/view/5803
5848,L04AC05,STELARA,BioTech,Ustekinumab - 130mg,130mg,Injectable concentrate for solution,,https://www.moph.gov.lb/en/Drugs/view/5848
5885,L04AC05,STELARA,BioTech,Ustekinumab - 45mg,45mg,Injectable solution,,https://www.moph.gov.lb/en/Drugs/view/5885
2520,G04CB01,STERIFINE 5,G,Finasteride - 5mg,5mg,"Tablet, film coated",733354,https://www.moph.gov.lb/en/Drugs/view/2520
5711,V07AB01,STERILE WATER FOR INJECTION,G,Water for Injection -,,"Water for injection, irrigation",188772,https://www.moph.gov.lb/en/Drugs/view/5711
5712,V07AB01,STERILE WATER FOR INJECTION,G,Water for Injection -,,"Water for injection, irrigation",203481,https://www.moph.gov.lb/en/Drugs/view/5712
5713,V07AB01,STERILE WATER FOR INJECTION,G,Water for injection -,,"Water for injection, irrigation",264311,https://www.moph.gov.lb/en/Drugs/view/5713
5714,V07AB01,STERILE WATER FOR INJECTION,G,Water for injection -,,"Water for injection, irrigation",204554,https://www.moph.gov.lb/en/Drugs/view/5714
5715,V07AB01,STERILE WATER FOR INJECTION USP,G,Water for injection -,,"Water for injection, irrigation",203405,https://www.moph.gov.lb/en/Drugs/view/5715
5716,V07AB01,STERILE WATER FOR INJECTION USP,G,Water for injection -,,"Water for injection, irrigation",264311,https://www.moph.gov.lb/en/Drugs/view/5716
5717,V07AB01,STERILE WATER FOR IRRIGATION,G,Water for Irrigation -,,"Water for injection, irrigation",203481,https://www.moph.gov.lb/en/Drugs/view/5717
238,A04AA01,STEROVAL ODT,G,Ondansetron - 8mg,8mg,"Tablet, orodispersible",998283,https://www.moph.gov.lb/en/Drugs/view/238
4279,M03BX04,STIFFANO,G,Tolperisone - 150mg,150mg,Tablet,651764,https://www.moph.gov.lb/en/Drugs/view/4279
4905,N05CF02,STILNOX,B,Zolpidem (tartrate) - 10mg,10mg,"Tablet, film coated, scored",96757,https://www.moph.gov.lb/en/Drugs/view/4905
3681,L01FG01,STIVANT,BioTech,Bevacizumab - 400mg/16ml,400mg/16ml,Injectable concentrate for solution,27359527,https://www.moph.gov.lb/en/Drugs/view/3681
3688,L01FG01,STIVANT,BioTech,Bevacizumab - 100mg/4ml,100mg/4ml,Injectable concentrate for solution,14719570,https://www.moph.gov.lb/en/Drugs/view/3688
3610,L01EX05,STIVARGA,B,Regorafenib - 40mg,40mg,"Tablet, film coated",264753324,https://www.moph.gov.lb/en/Drugs/view/3610
5723,L01EX05,STIVARGA,B,Regorafenib - 40mg,40mg,"Tablet, film coated",,https://www.moph.gov.lb/en/Drugs/view/5723
41,A02BC01,STOMAZOLE,G,Omeprazole - 20mg,20mg,Capsule,593850,https://www.moph.gov.lb/en/Drugs/view/41
42,A02BC01,STOMAZOLE,G,Omeprazole - 20mg,20mg,Capsule,15757784,https://www.moph.gov.lb/en/Drugs/view/42
4499,N02BE01,STOPALGIC,G,Paracetamol - 1g/100ml,1g/100ml,Injectable solution,1536012,https://www.moph.gov.lb/en/Drugs/view/4499
2776,J01DD01,STOPAREN,G,Cefotaxime (sodium) - 1g,1g,Injectable lyophilised powder for solution+diluent,213671,https://www.moph.gov.lb/en/Drugs/view/2776
1879,C10AA05,STORVAS,G,Atorvastatin (calcium) - 10mg,10mg,"Tablet, film coated",362837,https://www.moph.gov.lb/en/Drugs/view/1879
1901,C10AA05,STORVAS,G,Atorvastatin (calcium) - 20mg,20mg,"Tablet, film coated",362837,https://www.moph.gov.lb/en/Drugs/view/1901
3199,J05AG03,STOVIRENZ,G,Efavirenz - 600mg,600mg,"Tablet, film coated",6857456,https://www.moph.gov.lb/en/Drugs/view/3199
4309,M05BA04,STRONDEX 70,G,Alendronate sodium - 70mg,70mg,Tablet,1305447,https://www.moph.gov.lb/en/Drugs/view/4309
2853,J01DD08,SUBIFIX,G,Cefixime (trihydrate) - 400mg,400mg,"Tablet, film coated",2392040,https://www.moph.gov.lb/en/Drugs/view/2853
5105,N07BC51,SUBOXONE,G,"Buprenorphine HCl - 2mg, Naloxone HCl - 0.5mg",,"Tablet, sublingual",1473590,https://www.moph.gov.lb/en/Drugs/view/5105
5106,N07BC51,SUBOXONE,G,"Buprenorphine HCl - 8mg, Naloxone HCl - 2mg",,"Tablet, sublingual",7382584,https://www.moph.gov.lb/en/Drugs/view/5106
5107,N07BC51,SUBOXONE,G,"Buprenorphine HCl - 16mg, Naloxone HCl - 4mg",,"Tablet, sublingual",14284125,https://www.moph.gov.lb/en/Drugs/view/5107
132,A02BX02,SUCRATE GEL,G,Sucralfate - 1g,1g,Gel,1259180,https://www.moph.gov.lb/en/Drugs/view/132
4346,N01AH03,SUFENTANIL RENAUDIN,G,Sufentanil (citrate) - 250mcg/5ml,250mcg/5ml,Injectable solution,3524899,https://www.moph.gov.lb/en/Drugs/view/4346
4347,N01AH03,SUFENTANIL RENAUDIN,G,Sufentanil (citrate) - 5mcg/ml,10mcg/2ml,Injectable solution,755239,https://www.moph.gov.lb/en/Drugs/view/4347
3357,L01BA04,SUKUBA,G,Pemetrexed (disodium) - 500mg,500mg,Injectable lyophilised powder,34786563,https://www.moph.gov.lb/en/Drugs/view/3357
5357,R05C,SULDEX,G,"Caffein anyhdrous - 0.216g, Antipyrine - 0.972g, Potassium sulfaguaiacolate - 1.44g",,Syrup,152302,https://www.moph.gov.lb/en/Drugs/view/5357
4481,N02BE01,SULDEX 125,G,Paracetamol - 125mg,125mg,Suppository,110067,https://www.moph.gov.lb/en/Drugs/view/4481
4473,N02BE01,SULDEX 250,G,Paracetamol - 250mg,250mg,Suppository,127985,https://www.moph.gov.lb/en/Drugs/view/4473
4476,N02BE01,SULDEX A,G,Paracetamol - 600mg,600mg,Suppository,200936,https://www.moph.gov.lb/en/Drugs/view/4476
4467,N02BE01,SULDEX B,G,Paracetamol - 150mg,150mg,Suppository,117746,https://www.moph.gov.lb/en/Drugs/view/4467
5657,S03AA30,SULFACHLOR,G,"Sulfacetamide sodium - 110mg/ml, Chloramphenicol - 5mg/ml",,Drops solution,202216,https://www.moph.gov.lb/en/Drugs/view/5657
2113,D06BA05,SULFANILAMIDE,G,Sulfanilamide - 12g,12g,Powder,151022,https://www.moph.gov.lb/en/Drugs/view/2113
1267,B05XA05,SULFATE DE MAGNESIUM PROAMP,G,Magnesium sulfate - 0.15g/ml,0.15g/ml,Injectable solution,1400284,https://www.moph.gov.lb/en/Drugs/view/1267
1268,B05XA05,SULFATE DE MAGNESIUM RENAUDIN,G,Magnesium sulfate - 1.5g/10ml,15%,Injectable solution,434061,https://www.moph.gov.lb/en/Drugs/view/1268
394,A10AE54,SULIQUA,BioTech,"Insulin glargine - 100IU/ml, Lixisenatide - 50mcg/ml",,Injectable solution,11286573,https://www.moph.gov.lb/en/Drugs/view/394
395,A10AE54,SULIQUA,BioTech,"Insulin glargine - 100IU/ml, Lixisenatide - 33mcg/ml",,Injectable solution,7975793,https://www.moph.gov.lb/en/Drugs/view/395
4578,N02CC01,SUMAREX,G,Sumatriptan (succinate) - 100mg,100mg,"Tablet, film coated",1088512,https://www.moph.gov.lb/en/Drugs/view/4578
3599,L01EX01,SUNITINIB AQVIDA,G,Sunitinib malate - 12.5mg,12.5mg,"Capsule, hard",41490007,https://www.moph.gov.lb/en/Drugs/view/3599
3604,L01EX01,SUNITINIB AQVIDA,G,Sunitinib malate - 50mg,50mg,"Capsule, hard",151885541,https://www.moph.gov.lb/en/Drugs/view/3604
5962,L01EX01,SUNITINIB AQVIDA,G,Sunitinib malate - 12.5mg,12.5mg,"Capsule, hard",,https://www.moph.gov.lb/en/Drugs/view/5962
2995,J01MA02,SUPERFLOX,G,Ciprofloxacine (HCl) - 500mg,500mg,"Tablet, film-scored",458250,https://www.moph.gov.lb/en/Drugs/view/2995
1943,C10AA07,SUPERSTAT,G,Rosuvastatin (calcium) - 10mg,10mg,"Tablet, coated",517379,https://www.moph.gov.lb/en/Drugs/view/1943
1959,C10AA07,SUPERSTAT,G,Rosuvastatin (calcium) - 20mg,20mg,"Tablet, coated",517379,https://www.moph.gov.lb/en/Drugs/view/1959
4513,N02BE01,SUPOFEN,G,Paracetamol - 10mg/ml,10mg/ml,Injectable solution,7675286,https://www.moph.gov.lb/en/Drugs/view/4513
270,A06AB02,SUPPOLAX,G,Bisacodyl - 10mg,10mg,Suppository,598051,https://www.moph.gov.lb/en/Drugs/view/270
287,A06AX01,SUPPOSITOIRE GLYCERINE ADULTE,G,Glycerol Stearate USP -,,Suppository,179179,https://www.moph.gov.lb/en/Drugs/view/287
285,A06AX01,SUPPOSITOIRE GLYCERINE ENFANT,G,Glycerol Stearate USP -,,Suppository,179179,https://www.moph.gov.lb/en/Drugs/view/285
286,A06AX01,SUPPOSITOIRE GLYCERINE ENFANT,G,Glycerol Stearate USP -,,Suppository,179179,https://www.moph.gov.lb/en/Drugs/view/286
4340,N01AB07,"SUPRANE (DESFLURANE, USP)",B,Desflurane -,,Inhalation,9371654,https://www.moph.gov.lb/en/Drugs/view/4340
2839,J01DD08,SUPRAX,B,Cefixime (trihydrate) - 200mg,200mg,Capsule,1067011,https://www.moph.gov.lb/en/Drugs/view/2839
2840,J01DD08,SUPRAX,B,Cefixime (trihydrate) - 200mg,200mg,Capsule,1067011,https://www.moph.gov.lb/en/Drugs/view/2840
2844,J01DD08,SUPRAX,B,Cefixime (trihydrate) - 400mg,400mg,Capsule,2053391,https://www.moph.gov.lb/en/Drugs/view/2844
2845,J01DD08,SUPRAX,B,Cefixime (trihydrate) - 400mg,400mg,Capsule,2053391,https://www.moph.gov.lb/en/Drugs/view/2845
2825,J01DD08,SUPRAX 100,B,Cefixime (trihydrate) - 100mg/5ml,100mg/5ml,Powder for suspension,581884,https://www.moph.gov.lb/en/Drugs/view/2825
2826,J01DD08,SUPRAX 100,B,Cefixime (trihydrate) - 100mg/5ml,100mg/5ml,Powder for suspension,581884,https://www.moph.gov.lb/en/Drugs/view/2826
2830,J01DD08,SUPRAX 100,B,Cefixime (trihydrate) - 100mg/5ml,100mg/5ml,Powder for suspension,1166455,https://www.moph.gov.lb/en/Drugs/view/2830
2831,J01DD08,SUPRAX 100,B,Cefixime (trihydrate) - 100mg/5ml,100mg/5ml,Powder for suspension,1166455,https://www.moph.gov.lb/en/Drugs/view/2831
2855,J01DD08,SUPRAX DS,B,Cefixime (trihydrate) - 200mg/5ml,200mg/5ml,Powder for suspension,2117896,https://www.moph.gov.lb/en/Drugs/view/2855
5523,R07AA,SURFACTANTE B RICHET,G,"Pulmonary surfactant, bovine - 200mg/8ml",200mg/8ml,Suspension,26568472,https://www.moph.gov.lb/en/Drugs/view/5523
4168,M01AE11,SURGAM,B,Tiaprofenic acid - 300mg,300mg,Tablet,849308,https://www.moph.gov.lb/en/Drugs/view/4168
5526,R07AA01,SURVANTA,B,Colfosceril palmitate - 200mg/8ml,200mg/8ml,Suspension,36957499,https://www.moph.gov.lb/en/Drugs/view/5526
3597,L01EX01,SUTENT,B,Sunitinib malate - 12.5mg,12.5mg,Capsule,54006801,https://www.moph.gov.lb/en/Drugs/view/3597
3600,L01EX01,SUTENT,B,Sunitinib malate - 25mg,25mg,Capsule,98852769,https://www.moph.gov.lb/en/Drugs/view/3600
3602,L01EX01,SUTENT,B,Sunitinib malate - 50mg,50mg,Capsule,197706574,https://www.moph.gov.lb/en/Drugs/view/3602
5740,L01EX01,SUTENT,B,Sunitinib malate - 12.5mg,12.5mg,Capsule,,https://www.moph.gov.lb/en/Drugs/view/5740
5741,L01EX01,SUTENT,B,Sunitinib malate - 50mg,50mg,Capsule,,https://www.moph.gov.lb/en/Drugs/view/5741
4245,M03AB01,SUXAMETHONIUM AGUETTANT,G,Suxamethonium Chloride - 10mg/ml,10mg/ml,Injectable solution,14907089,https://www.moph.gov.lb/en/Drugs/view/4245
5258,R03AK07,SYMBICORT,B,"Formoterol fumarate dihydrate - 4.5mcg/Inhalation, Budesonide - 160mcg/Inhalation",,Inhalation powder,3378420,https://www.moph.gov.lb/en/Drugs/view/5258
5262,R03AK07,SYMBICORT,B,"Formoterol fumarate dihydrate - 9mcg/Inhalation, Budesonide - 320mcg/Inhalation",,Inhalation powder,3378420,https://www.moph.gov.lb/en/Drugs/view/5262
5259,R03AK07,SYMBICORT TURBUHALER,B,"Formoterol fumarate dihydrate - 4.5mcg/inhalation, Budesonide - 160mcg/inhalation",,Inhalation powder,1689210,https://www.moph.gov.lb/en/Drugs/view/5259
4727,N04BB01,SYMMETREL,B,Amantadine - 100mg,100mg,Capsule,568253,https://www.moph.gov.lb/en/Drugs/view/4727
3255,J06BD01,SYNAGIS,BioTech,Palivizumab - 100mg/ml,100mg/ml,Injectable solution,57429464,https://www.moph.gov.lb/en/Drugs/view/3255
3256,J06BD01,SYNAGIS,BioTech,Palivizumab - 50mg/0.5ml,50mg/0.5ml,Injectable solution,38316693,https://www.moph.gov.lb/en/Drugs/view/3256
2916,J01DH51,SYNERGIC,G,"Imipenem - 500mg, Cilastatin - 500mg",,Injectable powder,1142266,https://www.moph.gov.lb/en/Drugs/view/2916
3264,J07AL02,SYNFLORIX,B,"Polysaccharide from each of 10 capsular types of pneumococcus (conjugated to carrier proteins) adsorbed onto aluminium phosphate - 1mcg/0.5ml, Polysaccharide of serotypes 41,2, 18C1,3 and 19F1,4 - 3mcg/0.5ml, 1  adsorbed onto aluminium phosphate - 0.5mg Al3+, 2  conjugated to protein D (derived from NTHi) carrier protein - ~ 13mcg, 3  conjugated to tetanos toxoid carrier protein - ~ 8mcg, 4  conjugated to diphteria toxoid carrier protein - ~ 5mcg",,Injectable suspension,4675228,https://www.moph.gov.lb/en/Drugs/view/3264
532,A10BD20,SYNJARDY,B,"Empagliflozin - 12.5mg, Metformin HCl - 1000mg",12.5mg/1000mg,"Tablet, film coated",3399653,https://www.moph.gov.lb/en/Drugs/view/532
533,A10BD20,SYNJARDY,B,"Empagliflozin - 12.5mg, Metformin HCl - 1000mg",12.5mg/1000mg,"Tablet, film coated",3500441,https://www.moph.gov.lb/en/Drugs/view/533
537,A10BD20,SYNJARDY,B,"Empagliflozin - 12.5mg, Metformin HCl - 850mg",12.5mg/850mg,"Tablet, film coated",3378958,https://www.moph.gov.lb/en/Drugs/view/537
538,A10BD20,SYNJARDY,B,"Empagliflozin - 5mg, Metformin HCl - 850mg",5mg/850mg,"Tablet, film coated",3378958,https://www.moph.gov.lb/en/Drugs/view/538
539,A10BD20,SYNJARDY,B,"Empagliflozin - 5mg, Metformin HCl - 1000mg",5mg/1000mg,"Tablet, film coated",3500441,https://www.moph.gov.lb/en/Drugs/view/539
5212,R01AD09,TABUNEX,G,Mometasone furoate - 0.05%,0.05%,Spray,419279,https://www.moph.gov.lb/en/Drugs/view/5212
1656,C09CA03,TABUVAN,G,Valsartan - 80mg,80mg,"Tablet, film coated",387027,https://www.moph.gov.lb/en/Drugs/view/1656
1663,C09CA03,TABUVAN,G,Valsartan - 160mg,160mg,"Tablet, film coated",544256,https://www.moph.gov.lb/en/Drugs/view/1663
1364,C02CA06,TACHYBEN,G,Urapidil - 25mg/5ml,25mg/5ml,Injectable solution,1439255,https://www.moph.gov.lb/en/Drugs/view/1364
3979,L04AD02,TACROGRAF 0.5,G,Tacrolimus - 0.5mg,0.5mg,Capsule,7004024,https://www.moph.gov.lb/en/Drugs/view/3979
3973,L04AD02,TACROGRAF 1,G,Tacrolimus - 1mg,1mg,Capsule,12679940,https://www.moph.gov.lb/en/Drugs/view/3973
3976,L04AD02,TACROGRAF 5,G,Tacrolimus - 5mg,5mg,Capsule,67507154,https://www.moph.gov.lb/en/Drugs/view/3976
2253,D11AH01,TACRUS,G,Tacrolimus monohydrate - 0.1%,0.1%,Ointment,1857190,https://www.moph.gov.lb/en/Drugs/view/2253
2468,G04BE08,TADALAFIL BIOGARAN,G,Tadalafil - 5mg,5mg,"Tablet, coated",3369013,https://www.moph.gov.lb/en/Drugs/view/2468
2475,G04BE08,TADALAFIL BIOGARAN,G,Tadalafil - 10mg,10mg,"Tablet, coated",1397596,https://www.moph.gov.lb/en/Drugs/view/2475
2455,G04BE08,TADALAGEN,G,Tadalafil - 20mg,20mg,"Tablet, film coated",1032839,https://www.moph.gov.lb/en/Drugs/view/2455
2469,G04BE08,TADALAGEN,G,Tadalafil - 5mg,5mg,"Tablet, film coated",1766193,https://www.moph.gov.lb/en/Drugs/view/2469
2456,G04BE08,TADAPRESS,G,Tadalafil - 20mg,20mg,"Tablet, film coated",13621308,https://www.moph.gov.lb/en/Drugs/view/2456
2457,G04BE08,TADILAS,G,Tadalafil - 20mg,20mg,"Tablet, film coated",607417,https://www.moph.gov.lb/en/Drugs/view/2457
2470,G04BE08,TADILAS,G,Tadalafil - 5mg,5mg,"Tablet, film coated",1583046,https://www.moph.gov.lb/en/Drugs/view/2470
5175,P02DA01,TAENIASAN,G,Niclosamide - 500mg,500mg,Tablet,94709,https://www.moph.gov.lb/en/Drugs/view/5175
5612,S01EE05,TAFLUPRO,G,Tafluprost - 0.0015%,0.0015%,Solution,1912288,https://www.moph.gov.lb/en/Drugs/view/5612
2643,J01AA12,TAGIX,G,Tigecycline - 50mg,50mg,Injectable lyophilised powder for solution,2436386,https://www.moph.gov.lb/en/Drugs/view/2643
3540,L01EB04,TAGRISSO,B,Osimertinib - 80mg,80mg,"Tablet, film coated",603192941,https://www.moph.gov.lb/en/Drugs/view/3540
5845,L01EB04,TAGRISSO,B,Osimertinib - 80mg,80mg,"Tablet, film coated",,https://www.moph.gov.lb/en/Drugs/view/5845
1289,B06AC05,TAKHZYRO,BioTech,Lanadelumab - 300mg/2ml,300mg,Injectable solution,1202366121,https://www.moph.gov.lb/en/Drugs/view/1289
1290,B06AC05,TAKHZYRO,BioTech,Lanadelumab - 300mg/2ml,,Injectable solution,1204227927,https://www.moph.gov.lb/en/Drugs/view/1290
5945,B06AC05,TAKHZYRO,BioTech,Lanadelumab - 300mg/2ml,300mg,Injectable solution,,https://www.moph.gov.lb/en/Drugs/view/5945
3961,L04AC13,TALTZ,BioTech,Ixekizumab - 80mg/ml,80mg/ml,Injectable solution,85080792,https://www.moph.gov.lb/en/Drugs/view/3961
2504,G04CA02,TALUSIN,G,Tamsulosin HCl - 0.4mg,0.4mg,"Capsule, modified release",683440,https://www.moph.gov.lb/en/Drugs/view/2504
3704,L01FX29,TALVEY,B,Talquetamab - 2mg/ml,3mg/1.5ml,Injectable solution,45594403,https://www.moph.gov.lb/en/Drugs/view/3704
3705,L01FX29,TALVEY,B,Talquetamab - 40mg/ml,40mg/ml,Injectable solution,555916745,https://www.moph.gov.lb/en/Drugs/view/3705
2458,G04BE08,TALYS,G,Tadalafil - 20mg,20mg,"Tablet, film coated",1032839,https://www.moph.gov.lb/en/Drugs/view/2458
2459,G04BE08,TALYS,G,Tadalafil - 20mg,20mg,"Tablet, film coated",275680,https://www.moph.gov.lb/en/Drugs/view/2459
2471,G04BE08,TALYS,G,Tadalafil - 5mg,5mg,"Tablet, film coated",1574216,https://www.moph.gov.lb/en/Drugs/view/2471
3754,L01XK04,TALZENNA,B,Talazoparib - 1mg,1mg,Capsule,401512167,https://www.moph.gov.lb/en/Drugs/view/3754
3755,L01XK04,TALZENNA,B,Talazoparib - 0.25mg,0.25mg,Capsule,133836699,https://www.moph.gov.lb/en/Drugs/view/3755
3201,J05AH02,TAMIFLU,B,Oseltamivir (phosphate) - 75mg,75mg,Capsule,1464788,https://www.moph.gov.lb/en/Drugs/view/3201
3202,J05AH02,TAMIFLU,B,Oseltamivir (phosphate) - 75mg,75mg,Capsule,1464788,https://www.moph.gov.lb/en/Drugs/view/3202
3787,L02BA01,TAMOXIFEN SANDOZ,G,Tamoxifen (citrate) - 20mg,20mg,"Tablet, film coated",497222,https://www.moph.gov.lb/en/Drugs/view/3787
3786,L02BA01,TAMOXIFENE BIOGARAN,G,Tamoxifen (citrate) - 10mg,10mg,Tablet,415247,https://www.moph.gov.lb/en/Drugs/view/3786
3788,L02BA01,TAMOXIFENE BIOGARAN,G,Tamoxifen (citrate) - 20mg,20mg,Tablet,858715,https://www.moph.gov.lb/en/Drugs/view/3788
2505,G04CA02,TAMSU GENERICON RETARD,G,Tamsulosin - 0.4mg,0.4mg,"Capsule, hard, modified release",615480,https://www.moph.gov.lb/en/Drugs/view/2505
1452,C05CX,TANAKAN,B,Ginkgo biloba - 40mg,40mg,"Tablet, film coated",661171,https://www.moph.gov.lb/en/Drugs/view/1452
1453,C05CX,TANAKAN,B,Ginkgo biloba - 40mg,40mg,"Tablet, film coated",1662333,https://www.moph.gov.lb/en/Drugs/view/1453
2613,H03BB02,TAPAZOLE,B,Methimazole (Thiamazole) - 5mg,5mg,Tablet,565694,https://www.moph.gov.lb/en/Drugs/view/2613
1880,C10AA05,TARDELIP,G,Atorvastatin - 10mg,10mg,"Tablet, film coated",688559,https://www.moph.gov.lb/en/Drugs/view/1880
1902,C10AA05,TARDELIP,G,Atorvastatin - 20mg,20mg,"Tablet, film coated",880537,https://www.moph.gov.lb/en/Drugs/view/1902
1921,C10AA05,TARDELIP,G,Atorvastatin - 40mg,40mg,"Tablet, film coated",1055876,https://www.moph.gov.lb/en/Drugs/view/1921
1928,C10AA05,TARDELIP,G,Atorvastatin - 80mg,80mg,"Tablet, film coated",1055876,https://www.moph.gov.lb/en/Drugs/view/1928
1881,C10AA05,TARDEN,G,Atorvastatin (calcium) - 10mg,10mg,"Tablet, film coated",688559,https://www.moph.gov.lb/en/Drugs/view/1881
1903,C10AA05,TARDEN,G,Atorvastatin (calcium) - 20mg,20mg,"Tablet, film coated",880537,https://www.moph.gov.lb/en/Drugs/view/1903
1922,C10AA05,TARDEN,G,Atorvastatin (calcium) - 40mg,40mg,"Tablet, film coated",1055876,https://www.moph.gov.lb/en/Drugs/view/1922
3536,L01EB02,TARESSA 100,G,Erlotinib (HCl) - 100mg,100mg,"Tablet, film coated",82247256,https://www.moph.gov.lb/en/Drugs/view/3536
3539,L01EB02,TARESSA 150,G,Erlotinib (HCl) - 150mg,150mg,"Tablet, film coated",98617813,https://www.moph.gov.lb/en/Drugs/view/3539
3072,J01XA02,TARGOCID,B,Teicoplanin - 400mg,400mg,Injectable lyophilised powder for solution+diluent,1331748,https://www.moph.gov.lb/en/Drugs/view/3072
3074,J01XA02,TARGOCID,B,Teicoplanin - 200mg,200mg,Injectable powder for solution+solvent,714924,https://www.moph.gov.lb/en/Drugs/view/3074
1580,C08DA51,TARKA,B,"Verapamil - 180mg, Trandolapril - 2mg",,"Capsule, modified release",2422948,https://www.moph.gov.lb/en/Drugs/view/1580
1581,C08DA51,TARKA,B,"Verapamil - 240mg, Trandolapril - 4mg",,"Tablet, modified release",3797532,https://www.moph.gov.lb/en/Drugs/view/1581
3522,L01EA03,TASIGNA,B,Nilotinib - 200mg,200mg,Capsule,314303808,https://www.moph.gov.lb/en/Drugs/view/3522
3525,L01EA03,TASIGNA,B,Nilotinib - 150mg,150mg,Capsule,247861853,https://www.moph.gov.lb/en/Drugs/view/3525
5850,L01EA03,TASIGNA,B,Nilotinib - 150mg,150mg,Capsule,,https://www.moph.gov.lb/en/Drugs/view/5850
5858,L01EA03,TASIGNA,B,Nilotinib - 200mg,200mg,Capsule,,https://www.moph.gov.lb/en/Drugs/view/5858
3019,J01MA12,TAVANIC,B,Levofloxacin - 500mg,500mg,"Tablet, film-scored",1150329,https://www.moph.gov.lb/en/Drugs/view/3019
3020,J01MA12,TAVANIC,B,Levofloxacin - 500mg,500mg,"Tablet, film coated, scored",1150329,https://www.moph.gov.lb/en/Drugs/view/3020
3008,J01MA12,TAVANIC 500MG,B,Levofloxacin - 500mg/100ml,500mg/100ml,Injectable solution,1988887,https://www.moph.gov.lb/en/Drugs/view/3008
3009,J01MA12,TAVANIC 500MG,B,Levofloxacin - 500mg/100ml,500mg/100ml,Injectable solution,1988887,https://www.moph.gov.lb/en/Drugs/view/3009
3042,J01MA12,TAVAQUIN,G,Levofloxacin (hemihydrate) - 750mg,750mg,"Tablet, film coated",1389533,https://www.moph.gov.lb/en/Drugs/view/3042
3035,J01MA12,TAVAQUIN 500MG,G,Levofloxacin - 500mg,500mg,"Tablet, film coated",787492,https://www.moph.gov.lb/en/Drugs/view/3035
3443,L01CD02,TAXOTERE,B,Docetaxel (trihydrated) - 80mg/4ml,80mg/4ml,Injectable concentrated solution+diluent,24150868,https://www.moph.gov.lb/en/Drugs/view/3443
3444,L01CD02,TAXOTERE,B,Docetaxel (trihydrated) - 80mg/4ml,80mg/4ml,Injectable concentrated solution+diluent,24150868,https://www.moph.gov.lb/en/Drugs/view/3444
3449,L01CD02,TAXOTERE,B,Docetaxel (trihydrated) - 20mg/ml,20mg/ml,Injectable concentrated solution+diluent,6574078,https://www.moph.gov.lb/en/Drugs/view/3449
3450,L01CD02,TAXOTERE,B,Docetaxel (trihydrated) - 20mg/ml,20mg/ml,Injectable concentrated solution+diluent,6574078,https://www.moph.gov.lb/en/Drugs/view/3450
2732,J01CR05,TAZOBACT,G,"Piperacillin sodium - 4g, Tazobactam (sodium) - 500mg",,Injectable powder for solution,783460,https://www.moph.gov.lb/en/Drugs/view/2732
2722,J01CR05,TAZOCIN,B,"Piperacillin (sodium) - 4g, Tazobactam (sodium) - 0.5g",,Injectable lyophilised powder for solution,1306215,https://www.moph.gov.lb/en/Drugs/view/2722
3673,L01FF05,TECENTRIQ,BioTech,Atezolizumab - 1200mg,1200mg,Injectable concentrate for solution,375054619,https://www.moph.gov.lb/en/Drugs/view/3673
3674,L01FF05,TECENTRIQ,BioTech,Atezolizumab - 1200mg,1200mg,Injectable concentrate for solution,375054619,https://www.moph.gov.lb/en/Drugs/view/3674
3675,L01FF05,TECENTRIQ,BioTech,Atezolizumab - 1875mg/15ml,1875mg/15ml,Injectable solution,375054619,https://www.moph.gov.lb/en/Drugs/view/3675
5736,L01FF05,TECENTRIQ,BioTech,Atezolizumab - 1200mg,1200mg,Injectable concentrate for solution,,https://www.moph.gov.lb/en/Drugs/view/5736
4053,L04AX07,TECFEO 240,G,Dimethyl Fumarate - 240mg,240mg,"Capsule, delayed release",67784092,https://www.moph.gov.lb/en/Drugs/view/4053
5878,L04AX07,TECFEO 240,G,Dimethyl Fumarate - 240mg,240mg,"Capsule, delayed release",,https://www.moph.gov.lb/en/Drugs/view/5878
3700,L01FX24,TECVAYLI,BioTech,Teclistamab - 10mg/ml,10mg/ml,Injectable solution,95166436,https://www.moph.gov.lb/en/Drugs/view/3700
3701,L01FX24,TECVAYLI,BioTech,Teclistamab - 90mg/ml,90mg/ml,Injectable solution,483720518,https://www.moph.gov.lb/en/Drugs/view/3701
5882,L01FX24,TECVAYLI,BioTech,Teclistamab - 90mg/ml,90mg/ml,Injectable solution,,https://www.moph.gov.lb/en/Drugs/view/5882
5900,L01FX24,TECVAYLI,BioTech,Teclistamab - 10mg/ml,10mg/ml,Injectable solution,,https://www.moph.gov.lb/en/Drugs/view/5900
2644,J01AA12,TEGADIS,G,Tigecycline - 50mg,50mg,Injectable powder for solution,2418917,https://www.moph.gov.lb/en/Drugs/view/2644
5126,N07XX02,TEGLUTIK,G,Riluzole - 5mg/ml,5mg/ml,Suspension,9574189,https://www.moph.gov.lb/en/Drugs/view/5126
3329,L01AX03,TEGOZOL,G,Temozolomide - 250mg,250mg,Capsule,13397927,https://www.moph.gov.lb/en/Drugs/view/3329
3334,L01AX03,TEGOZOL,G,Temozolomide - 100mg,100mg,Capsule,5005813,https://www.moph.gov.lb/en/Drugs/view/3334
3341,L01AX03,TEGOZOL,G,Temozolomide - 20mg,100mg,Capsule,967567,https://www.moph.gov.lb/en/Drugs/view/3341
5889,L01AX03,TEGOZOL,G,Temozolomide - 100mg,100mg,Capsule,,https://www.moph.gov.lb/en/Drugs/view/5889
5926,L01AX03,TEGOZOL,G,Temozolomide - 250mg,250mg,Capsule,,https://www.moph.gov.lb/en/Drugs/view/5926
4601,N03AF01,TEGRETOL,B,Carbamazepine - 2%,2%,Suspension,456906,https://www.moph.gov.lb/en/Drugs/view/4601
5930,N03AF01,TEGRETOL,B,Carbamazepine - 2%,2%,Suspension,,https://www.moph.gov.lb/en/Drugs/view/5930
3075,J01XA02,TEICO MEDIS 200,G,Teicoplanin - 200mg,200mg,Injectable lyophilised powder,428686,https://www.moph.gov.lb/en/Drugs/view/3075
3073,J01XA02,TEICO MEDIS 400,G,Teicoplanin - 400mg,400mg,Injectable lyophilised powder,1157048,https://www.moph.gov.lb/en/Drugs/view/3073
3214,J05AR12,TELADINE,G,"Lamivudine - 300mg, Tenofovir disoproxil fumarate - 300mg",,Tablet,17454739,https://www.moph.gov.lb/en/Drugs/view/3214
1699,C09CA07,TELMICARD 40,G,Telmisartan - 40mg,40mg,Tablet,659123,https://www.moph.gov.lb/en/Drugs/view/1699
1704,C09CA07,TELMICARD 80,G,Telmisartan - 80mg,80mg,Tablet,865179,https://www.moph.gov.lb/en/Drugs/view/1704
1764,C09DA07,TELMICARD 80 PLUS,G,"Telmisartan - 80mg, Hydrochlorothiazide - 12.5mg",,Tablet,954768,https://www.moph.gov.lb/en/Drugs/view/1764
3328,L01AX03,TEMODAL,B,Temozolomide - 250mg,250mg,Capsule,15698694,https://www.moph.gov.lb/en/Drugs/view/3328
3333,L01AX03,TEMODAL,B,Temozolomide - 100mg,100mg,Capsule,6834783,https://www.moph.gov.lb/en/Drugs/view/3333
3338,L01AX03,TEMODAL,B,Temozolomide - 20mg,20mg,Capsule,1393565,https://www.moph.gov.lb/en/Drugs/view/3338
3339,L01AX03,TEMOZOLOMIDE  PHARMINICIO,G,Temozolomide - 20mg,20mg,"Capsule, hard",920532,https://www.moph.gov.lb/en/Drugs/view/3339
3330,L01AX03,TEMOZOLOMIDE ACCORD,G,Temozolomide - 250mg,250mg,"Capsule, hard",13397927,https://www.moph.gov.lb/en/Drugs/view/3330
3335,L01AX03,TEMOZOLOMIDE ACCORD,G,Temozolomide - 100mg,100mg,"Capsule, hard",5590385,https://www.moph.gov.lb/en/Drugs/view/3335
3340,L01AX03,TEMOZOLOMIDE ACCORD,G,Temozolomide - 20mg,20mg,"Capsule, hard",1153017,https://www.moph.gov.lb/en/Drugs/view/3340
3342,L01AX03,TEMOZOLOMIDE ACCORD,G,Temozolomide - 5mg,5mg,"Capsule, hard",1153017,https://www.moph.gov.lb/en/Drugs/view/3342
5905,L01AX03,TEMOZOLOMIDE ACCORD,G,Temozolomide - 20mg,20mg,"Capsule, hard",,https://www.moph.gov.lb/en/Drugs/view/5905
3331,L01AX03,TEMOZOLOMIDE GP PHARM,G,Temozolomide - 250mg,250mg,"Capsule, hard",12058004,https://www.moph.gov.lb/en/Drugs/view/3331
3336,L01AX03,TEMOZOLOMIDE GP PHARM,G,Temozolomide - 100mg,100mg,"Capsule, hard",4511279,https://www.moph.gov.lb/en/Drugs/view/3336
3332,L01AX03,TEMOZOLOMIDE PHARMINICIO,G,Temozolomide - 250mg,250mg,"Capsule, hard",12058004,https://www.moph.gov.lb/en/Drugs/view/3332
3337,L01AX03,TEMOZOLOMIDE PHARMINICIO,G,Temozolomide - 100mg,100mg,"Capsule, hard",4511279,https://www.moph.gov.lb/en/Drugs/view/3337
3343,L01AX03,TEMOZOLOMIDE PHARMINICIO,G,Temozolomide - 5mg,5mg,"Capsule, hard",1153017,https://www.moph.gov.lb/en/Drugs/view/3343
5176,P02DA01,TENIADEX,G,Niclosamide - 500mg,500mg,Tablet,70392,https://www.moph.gov.lb/en/Drugs/view/5176
3182,J05AF07,TENOFOVIR DISOPROXIL ARROW,G,Tenofovir disoproxil - 245mg,245mg,"Tablet, film coated",9747613,https://www.moph.gov.lb/en/Drugs/view/3182
3183,J05AF07,TENOFOVIR DISOPROXIL BIOGARAN,G,Tenofovir disoproxil - 245mg,245mg,"Tablet, film coated",9747613,https://www.moph.gov.lb/en/Drugs/view/3183
3184,J05AF07,TENOREAD,G,Tenofovir disoproxil fumarate - 300mg,300mg,"Tablet, film coated",7129777,https://www.moph.gov.lb/en/Drugs/view/3184
1523,C07BB03,TENORETIC,B,"Chlortalidone - 25mg, Atenolol - 100mg",,"Tablet, film coated",291614,https://www.moph.gov.lb/en/Drugs/view/1523
1469,C07AB03,TENORMIN,B,Atenolol - 50mg,50mg,"Tablet, film coated",393746,https://www.moph.gov.lb/en/Drugs/view/1469
1474,C07AB03,TENORMIN,B,Atenolol - 100mg,100mg,"Tablet, film coated",279519,https://www.moph.gov.lb/en/Drugs/view/1474
1596,C09AA03,TENSIKEY,G,Lisinopril - 5mg,5mg,Tablet,456906,https://www.moph.gov.lb/en/Drugs/view/1596
1599,C09AA03,TENSIKEY,G,Lisinopril - 20mg,20mg,Tablet,460938,https://www.moph.gov.lb/en/Drugs/view/1599
1622,C09BA03,TENSIKEY COMPLEX,G,"Lisinopril - 20mg, Hydrochlorothiazide - 12.5mg",,Tablet,536193,https://www.moph.gov.lb/en/Drugs/view/1622
3185,J05AF07,TENVOR,G,Tenofovir disoproxil fumarate - 300mg,300mg,"Tablet, film coated",3753352,https://www.moph.gov.lb/en/Drugs/view/3185
3326,L01AC01,TEPADINA,G,Thiotepa - 100mg,100mg,Injectable powder for concentrate for solution,98197306,https://www.moph.gov.lb/en/Drugs/view/3326
2038,D01AE15,TERAFAN,G,Terbinafine HCl - 1%,1%,Cream,499142,https://www.moph.gov.lb/en/Drugs/view/2038
2041,D01AE15,TERAFAN,G,Terbinafine HCl - 1%,1%,Solution,355798,https://www.moph.gov.lb/en/Drugs/view/2041
2051,D01BA02,TERAFAN,G,Terbinafine HCl - 250mg,250mg,"Tablet, scored",725675,https://www.moph.gov.lb/en/Drugs/view/2051
3895,L04AA31,TERAGIO,G,Teriflunomide - 14mg,14mg,"Tablet, film coated",24725612,https://www.moph.gov.lb/en/Drugs/view/3895
3896,L04AA31,TERAGIO,G,Teriflunomide - 14mg,14mg,"Tablet, film coated",23076914,https://www.moph.gov.lb/en/Drugs/view/3896
5879,L04AA31,TERAGIO,G,Teriflunomide - 14mg,14mg,"Tablet, film coated",,https://www.moph.gov.lb/en/Drugs/view/5879
2282,G01AA51,TERGYNAN,G,"Nystatin - 100000IU, Neomycin (sulfate) - 65000IU, Metronidazole - 500mg",,Tablet,348055,https://www.moph.gov.lb/en/Drugs/view/2282
3897,L04AA31,TERIFLUNOMID ARROW,G,Teriflunomide - 14mg,14mg,"Tablet, coated",27116694,https://www.moph.gov.lb/en/Drugs/view/3897
2039,D01AE15,TERMINUS,G,Terbinafine HCl - 1%,1%,Cream,747176,https://www.moph.gov.lb/en/Drugs/view/2039
2052,D01BA02,TERMINUS,G,Terbinafine HCl - 250mg,250mg,Tablet,483783,https://www.moph.gov.lb/en/Drugs/view/2052
3833,L02BX03,TEROPROS,G,Abiraterone acetate - 500mg,500mg,"Tablet, film coated",47290487,https://www.moph.gov.lb/en/Drugs/view/3833
2337,G03BA03,TESTOVIRON DEPOT,B,Testosterone  Enantate - 250mg/ml,250mg/ml,Injectable solution,467657,https://www.moph.gov.lb/en/Drugs/view/2337
3250,J06BB02,TETAGAM P,BioHuman,Human Tetanus Immunoglobulin - 250IU/ml,250IU/ml,Injectable solution,3075475,https://www.moph.gov.lb/en/Drugs/view/3250
3251,J06BB02,TETANUS GAMMA,BioHuman,Human Tetanus Immunoglobulin - 250IU/ml,250IU/ml,Injectable solution,3077399,https://www.moph.gov.lb/en/Drugs/view/3251
2636,J01AA07,TETRACYCLINE,G,Tetracycline HCl - 250mg,250mg,Capsule,3906998,https://www.moph.gov.lb/en/Drugs/view/2636
2637,J01AA07,TETRACYCLINE,G,Tetracycline HCl - 250mg,250mg,Capsule,1247086,https://www.moph.gov.lb/en/Drugs/view/2637
2090,D06AA04,TETRACYCLINE OINTMENT,G,Tetracycline HCl - 3%,3%,Ointment,107507,https://www.moph.gov.lb/en/Drugs/view/2090
2635,J01AA04,TETRALYSAL,B,Lymecycline - 300mg,300mg,Capsule,796899,https://www.moph.gov.lb/en/Drugs/view/2635
2638,J01AA07,TETRAN,G,Tetracycline HCl - 250mg,250mg,Capsule,168940,https://www.moph.gov.lb/en/Drugs/view/2638
3304,J07CA02,"TETRAXIM (Vaccin Diphterique, tetanique, coquelucheux acellulaire et Poliomyelitique inactivé adsorbé)",B,"Diphteria toxoid purified - ?30IU, Tetanus toxoid purified - ?40IU, Poliomyelitis virus type 1 inactivated - 40D.U., Poliomyelitis virus type 2 inactivated - 8D.U., Poliomyelitis virus type 3 inactivated - 32D.U., Bordetella Pertussis Antigens: toxoid - 25mcg, Bordetella Pertussis Antigens: filamentous haemagglutinin - 25mcg",,Injectable suspension,1628737,https://www.moph.gov.lb/en/Drugs/view/3304
3995,L04AX02,THALIDOMIDE BMS,B,Thalidomide - 50mg,50mg,Capsule,27387764,https://www.moph.gov.lb/en/Drugs/view/3995
3996,L04AX02,THALODOMIDE SHIPA,G,Thalidomide - 50mg,50mg,"Capsule, hard",17619185,https://www.moph.gov.lb/en/Drugs/view/3996
5313,R03DA04,THEODEX,G,Theophylline - 80mg/15ml,80mg/15ml,Elixir,156142,https://www.moph.gov.lb/en/Drugs/view/5313
5312,R03DA04,THEOSOL ELIXIR,G,Théophylline - 25mg/5ml,25mg/5ml,Elixir,312283,https://www.moph.gov.lb/en/Drugs/view/5312
4342,N01AF03,THIOPENTAL PANPHARMA,G,Thiopental - 500mg,500mg,Injectable powder for solution,8446717,https://www.moph.gov.lb/en/Drugs/view/4342
770,B01AC04,THROMBO,G,Clopidogrel - 75mg,75mg,"Tablet, film coated",764646,https://www.moph.gov.lb/en/Drugs/view/770
3859,L04AA04,THYMOGLOBULINE 5mg/ml,BioTech,Rabbit anti-human thymocyte immunoglobulin - 25mg/5ml,25mg/5ml,Injectable powder for solution,21928334,https://www.moph.gov.lb/en/Drugs/view/3859
5912,L04AA04,THYMOGLOBULINE 5mg/ml,BioTech,Rabbit anti-human thymocyte immunoglobulin - 25mg/5ml,25mg/5ml,Injectable powder for solution,,https://www.moph.gov.lb/en/Drugs/view/5912
2526,H01AB01,THYROGEN,BioHuman,Thyrotropin alfa - 0.9mg,0.9mg,Injectable lyophilised powder for solution+diluent,65558997,https://www.moph.gov.lb/en/Drugs/view/2526
2614,H03BB02,THYROZOL,B,Methimazole (Thiamazole) - 5mg,5mg,"Tablet, film coated",233829,https://www.moph.gov.lb/en/Drugs/view/2614
2615,H03BB02,THYROZOL,B,Methimazole (Thiamazole) - 10mg,10mg,"Tablet, film coated",326554,https://www.moph.gov.lb/en/Drugs/view/2615
5202,R01AD08,TICANASE,G,Fluticasone propionate - 50mcg/actuation,12g/Bottle,"Spray, suspension",405840,https://www.moph.gov.lb/en/Drugs/view/5202
2645,J01AA12,TIGECYCLINE /ANFARM,G,Tigecycline - 50mg,50mg,Injectable powder for solution,15214166,https://www.moph.gov.lb/en/Drugs/view/2645
895,B03AA07,TIMOFEROL,G,"Iron bivalent (as dried ferrous sulfate) - 50mg (172.73mg), Ascorbic acid - 30mg",,Capsule,678787,https://www.moph.gov.lb/en/Drugs/view/895
4971,N06AB10,TIOPRAM,G,Escitalopram (oxalate) - 10mg,10mg,"Tablet, film coated",671921,https://www.moph.gov.lb/en/Drugs/view/4971
5308,R03BB04,TIOVA-T,G,Tiotropium bromide monohydrate - 18mcg,18mcg,Rotacaps,384339,https://www.moph.gov.lb/en/Drugs/view/5308
782,B01AC17,TIROPREST,G,Tirofiban - 12.5mg/50ml,12.5mg/50ml,Injectable concentrate for solution,18279605,https://www.moph.gov.lb/en/Drugs/view/782
850,B02BC30-V03AK,TISSEEL LYO,B,"Fibrinogen, human (clottable protein) (I) - 91mg/ml, Aprotinin, synthetic (I) - 3000KIU/ml, Thrombin, Human (II) - 500IU/ml, Calcium chloride (II) - 40?mol/ml",,Injectable powder for solution + solution,53437592,https://www.moph.gov.lb/en/Drugs/view/850
851,B02BC30-V03AK,TISSEEL LYO,B,"Fibrinogen, human (clottable protein) (I) - 91mg/ml, Aprotinin, synthetic (I) - 3000KIU/ml, Thrombin, Human (II) - 500IU/ml, Calcium chloride (II) - 40?mol/ml",,Injectable powder for solution + solution,24369850,https://www.moph.gov.lb/en/Drugs/view/851
852,B02BC30-V03AK,TISSEEL LYO,B,"Fibrinogen, human (clottable protein) (I) - 91mg/ml, Aprotinin, synthetic (I) - 3000KIU/ml, Thrombin, Human (II) - 500IU/ml, Calcium chloride (II) - 40?mol/ml",,Injectable powder for solution + solution,13394024,https://www.moph.gov.lb/en/Drugs/view/852
3220,J05AX12,TIVICAY,B,Dolutegravir - 50mg,50mg,"Tablet, film coated",54508037,https://www.moph.gov.lb/en/Drugs/view/3220
3221,J05AX12,TIVICAY,B,Dolutegravir - 50mg,50mg,"Tablet, film coated",54508037,https://www.moph.gov.lb/en/Drugs/view/3221
5527,S01AA12,TOBRACIN,G,Tobramycin - 0.3%,0.3%,Drops,322522,https://www.moph.gov.lb/en/Drugs/view/5527
5530,S01AA12,TOBRACIN,G,Tobramycin - 0.3%,0.3%,Ointment,280863,https://www.moph.gov.lb/en/Drugs/view/5530
5528,S01AA12,TOBRASTILL,G,Tobramycin - 0.3%,0.3%,Drops solution,255330,https://www.moph.gov.lb/en/Drugs/view/5528
5529,S01AA12,TOBRIN,G,Tobramycin - 0.3%,0.3%,Drops,169324,https://www.moph.gov.lb/en/Drugs/view/5529
3886,L04AA29,TOFALYX,G,Tofacitinib - 5mg,5mg,"Tablet, film coated",31462830,https://www.moph.gov.lb/en/Drugs/view/3886
4915,N06AA02,TOFRANIL 10,B,Imipramine  HCl - 10mg,10mg,"Tablet, sugar coated",579772,https://www.moph.gov.lb/en/Drugs/view/4915
4916,N06AA02,TOFRANIL 25,B,Imipramine  HCl - 25mg,25mg,"Tablet, sugar coated",1002123,https://www.moph.gov.lb/en/Drugs/view/4916
2634,J01AA02,TOLEXINE,G,Doxycycline (monohydrate) - 100mg,100mg,"Tablet, microgranules",589947,https://www.moph.gov.lb/en/Drugs/view/2634
1700,C09CA07,TOLURA,G,Telmisartan - 40mg,40mg,Tablet,532162,https://www.moph.gov.lb/en/Drugs/view/1700
1705,C09CA07,TOLURA,G,Telmisartan - 80mg,80mg,Tablet,698798,https://www.moph.gov.lb/en/Drugs/view/1705
3887,L04AA29,TOLVAR,G,Tofacitinib - 5mg,5mg,"Tablet, film coated",48411736,https://www.moph.gov.lb/en/Drugs/view/3887
4633,N03AX11,TOPAMAX,B,Topiramate - 50mg,50mg,"Tablet, film coated",1568264,https://www.moph.gov.lb/en/Drugs/view/4633
4637,N03AX11,TOPAMAX,B,Topiramate - 100mg,100mg,"Tablet, film coated",3006176,https://www.moph.gov.lb/en/Drugs/view/4637
4630,N03AX11,TOPAMAX 25,B,Topiramate - 25mg,25mg,"Tablet, film coated",858715,https://www.moph.gov.lb/en/Drugs/view/4630
4634,N03AX11,TOPIRAMATE ARROW LAB,G,Topiramate - 50mg,50mg,"Tablet, film coated",819744,https://www.moph.gov.lb/en/Drugs/view/4634
4638,N03AX11,TOPIRAMATE ARROW LAB,G,Topiramate - 100mg,100mg,"Tablet, film coated",1542731,https://www.moph.gov.lb/en/Drugs/view/4638
4640,N03AX11,TOPIRAMATE ARROW LAB,G,Topiramate - 200mg,200mg,"Tablet, coated",1542731,https://www.moph.gov.lb/en/Drugs/view/4640
4639,N03AX11,TOPIRATE 100 BENTA,G,Topiramate - 100mg,100mg,"Tablet, film coated",2559700,https://www.moph.gov.lb/en/Drugs/view/4639
4641,N03AX11,TOPIRATE 200 BENTA,G,Topiramate - 200mg,200mg,"Tablet, film coated",7039175,https://www.moph.gov.lb/en/Drugs/view/4641
4631,N03AX11,TOPIRATE 25 BENTA,G,Topiramate - 25mg,25mg,"Tablet, film coated",671921,https://www.moph.gov.lb/en/Drugs/view/4631
4635,N03AX11,TOPIRATE 50 BENTA,G,Topiramate - 50mg,50mg,"Tablet, film coated",1407835,https://www.moph.gov.lb/en/Drugs/view/4635
2170,D07CC01,TOPIZONE,G,"Fusidic acid - 20mg/g, Betamethasone (valerate) - 1mg/g",,Cream,216359,https://www.moph.gov.lb/en/Drugs/view/2170
5445,R06AD08,TOPLEXIL,B,Oxomemazine HCl - 0.33mg/ml,0.33mg/ml,Syrup,615480,https://www.moph.gov.lb/en/Drugs/view/5445
3461,L01CE01,TOPOTU,G,Topotecan HCl - 4mg/4ml,4mg/4ml,Injectable concentrated solution,7253796,https://www.moph.gov.lb/en/Drugs/view/3461
4632,N03AX11,TORAMAT,G,Topiramate - 25mg,25mg,"Tablet, film coated",522755,https://www.moph.gov.lb/en/Drugs/view/4632
4636,N03AX11,TORAMAT,G,Topiramate - 50mg,50mg,"Tablet, film coated",1032071,https://www.moph.gov.lb/en/Drugs/view/4636
1557,C08CA01,TORANS,G,Amlodipine (besylate) - 5mg,5mg,Tablet,518339,https://www.moph.gov.lb/en/Drugs/view/1557
1566,C08CA01,TORANS,G,Amlodipine (besylate) - 10mg,10mg,Tablet,716716,https://www.moph.gov.lb/en/Drugs/view/1566
2412,G04BD07,TOREDA,G,Tolterodine (tartrate) - 2mg,2mg,"Tablet, film coated",2311409,https://www.moph.gov.lb/en/Drugs/view/2412
1882,C10AA05,TORVACOL 10,G,Atorvastatin (calcium) - 10mg,10mg,"Tablet, coated",1128828,https://www.moph.gov.lb/en/Drugs/view/1882
1904,C10AA05,TORVACOL 20,G,Atorvastatin (calcium) - 20mg,20mg,"Tablet, coated",1128828,https://www.moph.gov.lb/en/Drugs/view/1904
1923,C10AA05,TORVACOL 40,G,Atorvastatin (calcium) - 40mg,40mg,"Tablet, film coated",2363819,https://www.moph.gov.lb/en/Drugs/view/1923
1883,C10AA05,TORVALIP 10,G,Atorvastatin (calcium) - 10mg,10mg,"Tablet, film coated",767910,https://www.moph.gov.lb/en/Drugs/view/1883
1905,C10AA05,TORVALIP 20,G,Atorvastatin (calcium) - 20mg,20mg,"Tablet, film coated",972686,https://www.moph.gov.lb/en/Drugs/view/1905
1924,C10AA05,TORVALIP 40,G,Atorvastatin (calcium) - 40mg,40mg,"Tablet, film coated",1164664,https://www.moph.gov.lb/en/Drugs/view/1924
919,B03AE10,TOT'HEMA,B,"Copper (gluconate) - 0.70mg/10ml, Manganese (gluconate) - 1.33mg/10ml, Iron (gluconate) - 50mg/10ml",,Solution,595322,https://www.moph.gov.lb/en/Drugs/view/919
5367,R05CA12,TOUCALM,G,Dried Ivy leaf extract - 0.7g/100ml,0.7g/100ml,Syrup,300765,https://www.moph.gov.lb/en/Drugs/view/5367
392,A10AE04,TOUJEO,BioTech,Insulin glargine - 300Units/ml,300Units/ml,Injectable solution,4559658,https://www.moph.gov.lb/en/Drugs/view/392
2431,G04BE03,TOURNES,G,Sildenafil - 50mg,50mg,Tablet,994259,https://www.moph.gov.lb/en/Drugs/view/2431
2442,G04BE03,TOURNES,G,Sildenafil - 100mg,100mg,Tablet,1592310,https://www.moph.gov.lb/en/Drugs/view/2442
1884,C10AA05,TOVAST,G,Atorvastatin (calcium) - 10mg,10mg,"Tablet, film coated",1127484,https://www.moph.gov.lb/en/Drugs/view/1884
1906,C10AA05,TOVAST,G,Atorvastatin (calcium) - 20mg,20mg,"Tablet, film coated",1127484,https://www.moph.gov.lb/en/Drugs/view/1906
1925,C10AA05,TOVAST,G,Atorvastatin (calcium) - 40mg,40mg,"Tablet, film coated",2412197,https://www.moph.gov.lb/en/Drugs/view/1925
3471,L01CX01,TRABECTEDIN EVER PHARMA,G,Trabectedin - 1mg,1mg,Injectable powder for concentrate for solution,88574985,https://www.moph.gov.lb/en/Drugs/view/3471
5228,R02A,TRACHISAN,G,"Lidocaine HCl - 1mg, Tyrothricin - 0.5mg, Chlorhexidine gluconate - 1mg",,Lozenge,228453,https://www.moph.gov.lb/en/Drugs/view/5228
3136,J02AC02,TRACON,G,Itraconazole - 100mg,100mg,Capsule,559038,https://www.moph.gov.lb/en/Drugs/view/3136
1367,C02KX01,TRACTAN,G,Bosentan (monohydrate) - 125mg,125mg,"Tablet, film coated",47747570,https://www.moph.gov.lb/en/Drugs/view/1367
1370,C02KX01,TRACTAN,G,Bosentan (monohydrate) - 62.5mg,62.5mg,"Tablet, film coated",47747570,https://www.moph.gov.lb/en/Drugs/view/1370
2324,G02CX01,TRACTOCILE,B,Atosiban acetate - 7.5mg/ml,7.5mg/ml,Injectable solution,2592272,https://www.moph.gov.lb/en/Drugs/view/2324
2325,G02CX01,TRACTOCILE,B,Atosiban acetate - 7.5mg/ml,7.5mg/ml,Injectable solution,8282804,https://www.moph.gov.lb/en/Drugs/view/2325
562,A10BH05,TRAJENTA,B,Linagliptin - 5mg,5mg,"Tablet, film coated",3213127,https://www.moph.gov.lb/en/Drugs/view/562
4430,N02AX02,TRAMADOL ARROW,G,Tramadol HCl - 100mg/2ml,100mg/2ml,Injectable solution,318491,https://www.moph.gov.lb/en/Drugs/view/4430
4435,N02AX02,TRAMADOL DENK 50,G,Tramadol HCl - 50mg,50mg,"Tablet, effervescent",256674,https://www.moph.gov.lb/en/Drugs/view/4435
4425,N02AJ13,TRAMADOL/PARACETAMOL ARROW LAB,G,"Tramadol - 37.5mg, Paracetamol - 325mg",,"Tablet, coated",205608,https://www.moph.gov.lb/en/Drugs/view/4425
4427,N02AX02,TRAMAL,B,Tramadol HCl - 50mg,50mg,Capsule,470345,https://www.moph.gov.lb/en/Drugs/view/4427
4428,N02AX02,TRAMAL 100MG,B,Tramadol HCl - 100mg/2ml,100mg/2ml,Injectable solution,243235,https://www.moph.gov.lb/en/Drugs/view/4428
4434,N02AX02,TRAMAL RAPIDE,B,Tramadol HCl - 50mg,50mg,Tablet,388370,https://www.moph.gov.lb/en/Drugs/view/4434
4431,N02AX02,TRAMAL RETARD,B,Tramadol HCl - 100mg,100mg,"Tablet, modified release",236516,https://www.moph.gov.lb/en/Drugs/view/4431
4432,N02AX02,TRAMAL RETARD,B,Tramadol HCl - 150mg,150mg,"Tablet, modified release",356118,https://www.moph.gov.lb/en/Drugs/view/4432
4433,N02AX02,TRAMAL RETARD,B,Tramadol HCl - 200mg,200mg,"Tablet, modified release",474376,https://www.moph.gov.lb/en/Drugs/view/4433
4266,M03BB52,TRANCODEX,G,"Paracetamol - 450mg, Chlormezanone - 100mg",,Tablet,99828,https://www.moph.gov.lb/en/Drugs/view/4266
4896,N05BA12,TRANQUINAL 0.5,G,Alprazolam - 0.5mg,0.5mg,Tablet,267425,https://www.moph.gov.lb/en/Drugs/view/4896
4899,N05BA12,TRANQUINAL 0.5 SUBLINGUAL,G,Alprazolam - 0.5mg,0.5mg,"Tablet, sublingual",459594,https://www.moph.gov.lb/en/Drugs/view/4899
3652,L01FD01,TRASTUREL,BioTech,Trastuzumab - 440mg,440mg,Injectable lyophilised powder,52047114,https://www.moph.gov.lb/en/Drugs/view/3652
5764,L01FD01,TRASTUREL,BioTech,Trastuzumab - 440mg,440mg,Injectable lyophilised powder,,https://www.moph.gov.lb/en/Drugs/view/5764
4057,M01AB05,TRATUL,G,Diclofenac Deanol - 90mg,90mg,Injectable solution,490503,https://www.moph.gov.lb/en/Drugs/view/4057
4073,M01AB05,TRATUL RETARD,G,Diclofenac Sodium - 100mg,100mg,"Tablet, film coated",866778,https://www.moph.gov.lb/en/Drugs/view/4073
5044,N06BX06,TRAUSAN,G,Citicoline - 100mg/ml,100mg/ml,Drops solution,807649,https://www.moph.gov.lb/en/Drugs/view/5044
5609,S01EE04,TRAVATAN,B,Travoprost - 40mcg/ml,0.004%,Drops solution,549632,https://www.moph.gov.lb/en/Drugs/view/5609
2819,J01DD04,TRAVILAN IM,G,Ceftriaxone (sodium) - 1g,1g,Injectable lyophilised powder for solution+diluent,438093,https://www.moph.gov.lb/en/Drugs/view/2819
2181,D07XC04,TRAVOCORT,B,"Diflucortolone valerate - 0.1%, Isoconazole nitrate - 1%",,Cream,435405,https://www.moph.gov.lb/en/Drugs/view/2181
5610,S01EE04,TRAVONORM,G,Travoprost - 0.004%,0.004%,Drops,919188,https://www.moph.gov.lb/en/Drugs/view/5610
5611,S01EE04,TRAVOPROST BIOGARAN,G,Travoprost - 40mcg/ml,40mcg/ml,Drops solution,384339,https://www.moph.gov.lb/en/Drugs/view/5611
5600,S01ED51,TRAVOPROST/TIMOLOL BIOGARAN,G,"Travoprost - 40mcg/ml, Timolol - 5mg/ml",,Drops solution,501253,https://www.moph.gov.lb/en/Drugs/view/5600
3653,L01FD01,TRAZIMERA,BioTech,Trastuzumab - 440mg,440mg,Injectable powder for solution+solvent,75295202,https://www.moph.gov.lb/en/Drugs/view/3653
3656,L01FD01,TRAZIMERA,BioTech,Trastuzumab - 150mg,150mg,Injectable powder for solution,28550630,https://www.moph.gov.lb/en/Drugs/view/3656
5376,R05CB01,TREBON N,G,Acetylcysteine - 600mg,600mg,Granules for suspension,596666,https://www.moph.gov.lb/en/Drugs/view/5376
5378,R05CB01,TREBON-N,G,Acetylcysteine - 200mg/5ml,200mg/5ml,Powder for suspension,556351,https://www.moph.gov.lb/en/Drugs/view/5378
2251,D11AH01,TRECZIMUS,G,Tacrolimus monohydrate - 0.03%,0.03%,Ointment,1276650,https://www.moph.gov.lb/en/Drugs/view/2251
3962,L04AC16,TREMFYA,BioTech,Guselkumab - 100mg/ml,100mg/ml,Injectable solution,190195151,https://www.moph.gov.lb/en/Drugs/view/3962
3963,L04AC16,TREMFYA,BioTech,Guselkumab - 100mg/ml,100mg/ml,Injectable solution,190195151,https://www.moph.gov.lb/en/Drugs/view/3963
3964,L04AC16,TREMFYA,BioTech,Guselkumab - 200mg/2ml,200mg/2ml,Injectable solution,214466967,https://www.moph.gov.lb/en/Drugs/view/3964
5849,L04AC16,TREMFYA,BioTech,Guselkumab - 100mg/ml,100mg/ml,Injectable solution,,https://www.moph.gov.lb/en/Drugs/view/5849
4694,N03AX18,TREPADIO,G,Lacosamide - 50mg,50mg,"Tablet, film coated",606073,https://www.moph.gov.lb/en/Drugs/view/4694
4698,N03AX18,TREPADIO,G,Lacosamide - 100mg,100mg,"Tablet, film coated",5202014,https://www.moph.gov.lb/en/Drugs/view/4698
4701,N03AX18,TREPADIO,G,Lacosamide - 150mg,150mg,"Tablet, film coated",7555604,https://www.moph.gov.lb/en/Drugs/view/4701
4705,N03AX18,TREPADIO,G,Lacosamide - 200mg,200mg,"Tablet, film coated",8876013,https://www.moph.gov.lb/en/Drugs/view/4705
4706,N03AX18,TREPADIO,G,Lacosamide - 10mg/ml,10mg/ml,Syrup,948753,https://www.moph.gov.lb/en/Drugs/view/4706
4708,N03AX18,TREPADIO,G,Lacosamide - 200mg/20ml,200mg/20ml,Injectable solution,9569390,https://www.moph.gov.lb/en/Drugs/view/4708
393,A10AE06,TRESIBA,BioTech,Insulin degludec - 100IU/ml,100IU/ml,Injectable solution,6223335,https://www.moph.gov.lb/en/Drugs/view/393
2194,D10AD01,TRETINOIN,G,Tretinoin - 0.05%,0.05%,Solution,623287,https://www.moph.gov.lb/en/Drugs/view/2194
2195,D10AD01,TRETINOIN,G,Tretinoin - 0.025%,0.025%,Solution,564414,https://www.moph.gov.lb/en/Drugs/view/2195
2196,D10AD01,TRETINOIN,G,Tretinoin - 0.1%,0.1%,Solution,682160,https://www.moph.gov.lb/en/Drugs/view/2196
4872,N05AX13,TREVICTA,B,Paliperidone - 175mg,175mg,"Injectable suspension, prolonged release",35006803,https://www.moph.gov.lb/en/Drugs/view/4872
4873,N05AX13,TREVICTA,B,Paliperidone - 263mg,263mg,"Injectable suspension, prolonged release",40713289,https://www.moph.gov.lb/en/Drugs/view/4873
4874,N05AX13,TREVICTA,B,Paliperidone - 350mg,350mg,"Injectable suspension, prolonged release",50113451,https://www.moph.gov.lb/en/Drugs/view/4874
4875,N05AX13,TREVICTA,B,Paliperidone - 525mg,525mg,"Injectable suspension, prolonged release",75169610,https://www.moph.gov.lb/en/Drugs/view/4875
5943,N05AX13,TREVICTA,B,Paliperidone - 350mg,350mg,"Injectable suspension, prolonged release",,https://www.moph.gov.lb/en/Drugs/view/5943
5944,N05AX13,TREVICTA,B,Paliperidone - 525mg,525mg,"Injectable suspension, prolonged release",,https://www.moph.gov.lb/en/Drugs/view/5944
2599,H02AB08,TRIACORT,G,Triamcinolone acetonide - 40mg/ml,40mg/ml,Injectable suspension,923220,https://www.moph.gov.lb/en/Drugs/view/2599
2791,J01DD04,TRIAXONE,G,"Ceftriaxone (sodium) - 500mg, Lidocaine - 1%",500mg,Injectable powder for solution+diluent,356118,https://www.moph.gov.lb/en/Drugs/view/2791
2820,J01DD04,TRIAXONE,G,"Ceftriaxone (sodium) - 1g, Lidocaine - 1%",1g,Injectable powder for solution+diluent,438093,https://www.moph.gov.lb/en/Drugs/view/2820
2821,J01DD04,TRIAXONE,G,Ceftriaxone (sodium) - 1g,1g,Injectable powder for solution,4542188,https://www.moph.gov.lb/en/Drugs/view/2821
3888,L04AA29,TRIJAN,G,Tofacitinib - 5mg,5mg,"Tablet, film coated",54863315,https://www.moph.gov.lb/en/Drugs/view/3888
3890,L04AA29,TRIJAN,G,Tofacitinib - 10mg,10mg,"Tablet, film coated",84793962,https://www.moph.gov.lb/en/Drugs/view/3890
670,A11DB,TRILAGAVIT,G,"Vitamin B12 - 1mg, Vitamin B6 - 100mg, Vitamin B1 - 200mg",,"Tablet, film coated",399121,https://www.moph.gov.lb/en/Drugs/view/670
672,A11DB,TRILAGAVIT,G,"Vitamin B12 - 1mg/3ml, Vitamin B6 - 100mg/3ml, Vitamin B1 - 100mg/3ml",,Injectable solution,579196,https://www.moph.gov.lb/en/Drugs/view/672
5621,S01GA52,TRILLERG,G,"Antazoline HCl - 0.5mg, Tetryzoline HCl - 0.4mg",,Drops solution,503941,https://www.moph.gov.lb/en/Drugs/view/5621
1602,C09AA05,TRILTEC,G,Ramipril - 1.25mg,1.25mg,Capsule,524739,https://www.moph.gov.lb/en/Drugs/view/1602
1607,C09AA05,TRILTEC,G,Ramipril - 2.5mg,2.5mg,Capsule,255970,https://www.moph.gov.lb/en/Drugs/view/1607
1613,C09AA05,TRILTEC,G,Ramipril - 5mg,5mg,Capsule,447948,https://www.moph.gov.lb/en/Drugs/view/1613
1619,C09AA05,TRILTEC,G,Ramipril - 10mg,10mg,Capsule,575933,https://www.moph.gov.lb/en/Drugs/view/1619
1626,C09BA05,TRILTEC PLUS,G,"Ramipril - 10mg, Hydrochlorothiazide - 12.5mg",,Tablet,2243577,https://www.moph.gov.lb/en/Drugs/view/1626
1627,C09BA05,TRILTEC PLUS,G,"Ramipril - 5mg, Hydrochlorothiazide - 12.5mg",,Tablet,2189823,https://www.moph.gov.lb/en/Drugs/view/1627
5422,R05X,TRIMEDIL FORTE,G,"O-(ß-hydroxyethyl)-rutosides - 30mg, Ascorbic acid - 80mg, Dimethindene - 0.5mg, Phenylephrine HCl - 2.5mg, Paracetamol - 200mg",,Capsule,386515,https://www.moph.gov.lb/en/Drugs/view/5422
1326,C01DA02,TRINITRINA,G,Nitroglycerine - 50mg/50ml,50mg/50ml,Injectable concentrate for solution,6212584,https://www.moph.gov.lb/en/Drugs/view/1326
2021,C10BX06,TRINOMIA,B,"Acetylsalicylic acid - 100mg, Atorvastatin - 20mg, Ramipril - 2.5mg",,"Capsule, hard",1029383,https://www.moph.gov.lb/en/Drugs/view/2021
2022,C10BX06,TRINOMIA,B,"Acetylsalicylic acid - 100mg, Atorvastatin - 20mg, Ramipril - 5mg",,"Capsule, hard",1236335,https://www.moph.gov.lb/en/Drugs/view/2022
2023,C10BX06,TRINOMIA,B,"Acetylsalicylic acid - 100mg, Atorvastatin - 20mg, Ramipril - 10mg",,"Capsule, hard",1596485,https://www.moph.gov.lb/en/Drugs/view/2023
2260,D11AX,TRIO-2000,G,"Hydroquinone - 4%, Tretinoin - 0.05%, Hydrocortisone acetate - 1%",,Ointment,2495068,https://www.moph.gov.lb/en/Drugs/view/2260
2053,D02,TRIO-CID,G,Salicylic acid - 24%,24%,Film forming solution,870298,https://www.moph.gov.lb/en/Drugs/view/2053
5194,R01AB06,TRIOFAN,B,"Xylometazoline HCl - 0.5mg/ml, Carbocysteine - 5mg/ml",,"Spray, solution",608761,https://www.moph.gov.lb/en/Drugs/view/5194
5195,R01AB06,TRIOFAN,B,"Xylometazoline HCl - 1mg/ml, Carbocysteine - 10mg/ml",,"Spray, solution",646388,https://www.moph.gov.lb/en/Drugs/view/5195
2094,D06AX,TRIPLE ANTIBIOTIC ORIGINAL OINTMENT,,"Bacitracin - 400U, Neomycin (sulfate) - 3.5mg, Polymyxin B (sulfate) - 5000U",,,580540,https://www.moph.gov.lb/en/Drugs/view/2094
1640,C09BX01,TRIPLIXAM,B,"Perindopril arginine - 5mg, Indapamide - 1.25mg, Amlodipine - 5mg",,"Tablet, film coated",968910,https://www.moph.gov.lb/en/Drugs/view/1640
1641,C09BX01,TRIPLIXAM,B,"Perindopril arginine - 10mg, Indapamide - 2.5mg, Amlodipine - 5mg",,"Tablet, film coated",1237679,https://www.moph.gov.lb/en/Drugs/view/1641
1642,C09BX01,TRIPLIXAM,B,"Perindopril arginine - 10mg, Indapamide - 2.5mg, Amlodipine - 10mg",,"Tablet, film coated",1315622,https://www.moph.gov.lb/en/Drugs/view/1642
1603,C09AA05,TRITACE,B,Ramipril - 2.5mg,2.5mg,Tablet,263393,https://www.moph.gov.lb/en/Drugs/view/1603
1608,C09AA05,TRITACE,B,Ramipril - 5mg,5mg,Tablet,509316,https://www.moph.gov.lb/en/Drugs/view/1608
1614,C09AA05,TRITACE,B,Ramipril - 10mg,10mg,Tablet,689391,https://www.moph.gov.lb/en/Drugs/view/1614
3215,J05AR13,TRIUMEQ,B,"Dolutegravir - 50mg, Abacavir sulfate - 600mg, Lamivudine - 300mg",,"Tablet, film coated",74756237,https://www.moph.gov.lb/en/Drugs/view/3215
771,B01AC04,TROKEN,G,Clopidogrel (Bisulfate) - 75mg,75mg,"Tablet, film coated",1148985,https://www.moph.gov.lb/en/Drugs/view/771
224,A04AA01,TRONDAMET,G,Ondansetron (HCl) - 4mg/2ml,4mg/2ml,Injectable solution,2027858,https://www.moph.gov.lb/en/Drugs/view/224
231,A04AA01,TRONDAMET,G,Ondansetron (HCl) - 8mg/4ml,2mg/ml,Injectable solution,2027858,https://www.moph.gov.lb/en/Drugs/view/231
5616,S01FA06,TROPICIL TOP,G,Tropicamide - 10mg/ml,10mg/ml,Drops solution,200233,https://www.moph.gov.lb/en/Drugs/view/5616
566,A10BJ05,TRULICITY,BioTech,Dulaglutide - 0.75mg/0.5ml,0.75mg/0.5ml,Injectable solution,10165201,https://www.moph.gov.lb/en/Drugs/view/566
567,A10BJ05,TRULICITY,BioTech,Dulaglutide - 1.5mg/0.5ml,1.5mg/0.5ml,Injectable solution,10165201,https://www.moph.gov.lb/en/Drugs/view/567
3623,L01EX27,TRUQAP,B,Capivasertib - 160mg,160mg,"Tablet, film coated",659577281,https://www.moph.gov.lb/en/Drugs/view/3623
3624,L01EX27,TRUQAP,B,Capivasertib - 200mg,200mg,"Tablet, film coated",659577281,https://www.moph.gov.lb/en/Drugs/view/3624
3210,J05AR03,TRUVADA,B,"Emtricitabine - 200mg, Tenofovir disoproxil - 245mg",,"Tablet, film coated",21319383,https://www.moph.gov.lb/en/Drugs/view/3210
3631,L01FA01,TRUXIMA,BioTech,Rituximab - 100mg/10ml,100mg/10ml,Injectable concentrate for solution,31102895,https://www.moph.gov.lb/en/Drugs/view/3631
3640,L01FA01,TRUXIMA,BioTech,Rituximab - 500mg/50ml,500mg/50ml,Injectable concentrate for solution,69144591,https://www.moph.gov.lb/en/Drugs/view/3640
4917,N06AA09,TRYPTIZOL,B,Amitryptiline (HCl) - 10mg,10mg,"Tablet, coated",695234,https://www.moph.gov.lb/en/Drugs/view/4917
4918,N06AA09,TRYPTIZOL,B,Amitryptiline (HCl) - 25mg,25mg,"Tablet, coated",716716,https://www.moph.gov.lb/en/Drugs/view/4918
1885,C10AA05,TULIP,G,Atorvastatin (calcium) - 10mg,10mg,"Tablet, film coated",899031,https://www.moph.gov.lb/en/Drugs/view/1885
1907,C10AA05,TULIP,G,Atorvastatin (calcium) - 20mg,20mg,"Tablet, film coated",1263212,https://www.moph.gov.lb/en/Drugs/view/1907
7,A02AC10,TUMS EXTRA STRENGTH 750 ASSORTED FRUIT,B,Calcium carbonate - 750mg,,"Tablet, chewable",421967,https://www.moph.gov.lb/en/Drugs/view/7
5409,R05FA02,TUSCALMAN A,B,"Noscapine HCl - 5mg, Guaifenesin - 25mg",,Suppository,624963,https://www.moph.gov.lb/en/Drugs/view/5409
5410,R05FA02,TUSCALMAN B,B,"Noscapine HCl - 10mg, Guaifenesin - 50mg",,Suppository,615992,https://www.moph.gov.lb/en/Drugs/view/5410
5403,R05DB13,TUSSIN,G,Butamirate citrate - 7.5mg/5ml,7.5mg/5ml,"Syrup, sugar free",296925,https://www.moph.gov.lb/en/Drugs/view/5403
5404,R05DB13,TUSSIN,G,Butamirate citrate - 7.5mg/5ml,7.5mg/5ml,"Syrup, sugar free",154862,https://www.moph.gov.lb/en/Drugs/view/5404
1803,C09DB04,TWINCARD 80/10,G,"Telmisartan - 80mg, Amlodipine - 10mg",,Tablet,1460309,https://www.moph.gov.lb/en/Drugs/view/1803
1805,C09DB04,TWINCARD 80/5,G,"Telmisartan - 80mg, Amlodipine - 5mg",,Tablet,1131387,https://www.moph.gov.lb/en/Drugs/view/1805
5592,S01ED51,TWINZOL,G,"Dorzolamide HCl - 2%, Timolol - 0.5%",,Drops solution,632950,https://www.moph.gov.lb/en/Drugs/view/5592
1802,C09DB04,TWYNSTA,B,"Telmisartan - 80mg, Amlodipine - 10mg",,Tablet,991756,https://www.moph.gov.lb/en/Drugs/view/1802
1804,C09DB04,TWYNSTA,B,"Telmisartan - 80mg, Amlodipine - 5mg",,Tablet,991756,https://www.moph.gov.lb/en/Drugs/view/1804
2642,J01AA12,TYGACIL,B,Tigecycline - 50mg,50mg,Injectable lyophilised powder for solution,25356524,https://www.moph.gov.lb/en/Drugs/view/2642
3581,L01EH01,TYKERB,B,Lapatinib ditosylate - 250mg,250mg,"Tablet, film coated",101971611,https://www.moph.gov.lb/en/Drugs/view/3581
4466,N02BE01,TYLENOL,B,Paracetamol - 100mg,100mg,Suppository,190826,https://www.moph.gov.lb/en/Drugs/view/4466
4468,N02BE01,TYLENOL,B,Paracetamol - 200mg,200mg,Suppository,235172,https://www.moph.gov.lb/en/Drugs/view/4468
4482,N02BE01,TYLENOL,B,Paracetamol - 350mg,350mg,Suppository,239204,https://www.moph.gov.lb/en/Drugs/view/4482
5545,S01AE06,TYMER,G,Gatifloxacin (sesquihydrate) - 3mg/ml,3mg/ml,Drops solution,427342,https://www.moph.gov.lb/en/Drugs/view/5545
5647,S02AA30,TYOTOCIN,B,"Hexylresorcinol - 0.1%, Antipyrine - 5%, Benzocaine - 1.25%, Tyrothricin - 0.05%",,Drops solution,409552,https://www.moph.gov.lb/en/Drugs/view/5647
3269,J07AP03,TYPHIBEV TYPHOID CONJUGATED VACCINE (MONOVALENT),B,Salmonella typhi polysaccharides Vi purified - 25mcg of Vi-PS2/0.5ml,,Injectable suspension,4020777,https://www.moph.gov.lb/en/Drugs/view/3269
3268,J07AP03,TYPHIM VI,B,Salmonella typhi polysaccharides - 0.025mg/0.5ml,0.025mg/0.5ml,Injectable solution,1118077,https://www.moph.gov.lb/en/Drugs/view/3268
2460,G04BE08,TYRA,G,Tadalafil - 20mg,20mg,"Tablet, film coated",1369376,https://www.moph.gov.lb/en/Drugs/view/2460
2472,G04BE08,TYRA,G,Tadalafil - 5mg,5mg,"Tablet, film coated",3566558,https://www.moph.gov.lb/en/Drugs/view/2472
2107,D06AX08,TYROSUR,G,Tyrothricin - 1mg/g,1mg/g,Gel,510660,https://www.moph.gov.lb/en/Drugs/view/2107
3875,L04AA23,TYRUKO,BioTech,Natalizumab - 300mg/15ml,300mg/15ml,Injectable concentrate for solution,90231010,https://www.moph.gov.lb/en/Drugs/view/3875
5892,L04AA23,TYSABRI,BioTech,Natalizumab - 300mg/15ml,300mg/15ml,Injectable concentrated solution,,https://www.moph.gov.lb/en/Drugs/view/5892
3876,L04AA23,TYSABRI,BioTech,Natalizumab - 300mg/15ml,300mg/15ml,Injectable concentrated solution,126830594,https://www.moph.gov.lb/en/Drugs/view/3876
632,A11CC05,UBSA-D,G,"Vitamin D3 - 10,000IU","10,000IU","Capsule, soft gelatin",935570,https://www.moph.gov.lb/en/Drugs/view/632
4458,N02BE01,UBSADOL,G,Paracetamol - 500mg,500mg,Tablet,89590,https://www.moph.gov.lb/en/Drugs/view/4458
4490,N02BE01,UBSADOL BABY,G,Paracetamol - 120mg/5ml,120mg/5ml,Suspension,168940,https://www.moph.gov.lb/en/Drugs/view/4490
4494,N02BE01,UBSADOL CHILDREN'S,G,Paracetamol - 240mg/5ml,240mg/5ml,Elixir,284127,https://www.moph.gov.lb/en/Drugs/view/4494
4143,M01AE01,UBSAFEN,G,Ibuprofen - 600mg,600mg,"Tablet, film coated",153582,https://www.moph.gov.lb/en/Drugs/view/4143
1944,C10AA07,UBSATOR-CA,G,Rosuvastatin (calcium) - 10mg,10mg,"Tablet, film coated",499142,https://www.moph.gov.lb/en/Drugs/view/1944
1960,C10AA07,UBSATOR-CA,G,Rosuvastatin (calcium) - 20mg,20mg,"Tablet, film coated",499142,https://www.moph.gov.lb/en/Drugs/view/1960
55,A02BC01,ULCAZAL,G,Omeprazole (sodium) - 40mg,40mg,Injectable sterile lyophilised powder for solution,895895,https://www.moph.gov.lb/en/Drugs/view/55
56,A02BC01,ULCAZAL,G,Omeprazole (sodium) - 40mg,40mg,Injectable sterile lyophilised powder for solution,5916747,https://www.moph.gov.lb/en/Drugs/view/56
180,A03CA02,ULCEDEX,G,"Clidinium bromide - 2.5mg, Chlordiazepoxide - 5mg",,Tablet,222694,https://www.moph.gov.lb/en/Drugs/view/180
5279,R03AL04,ULTIBRO BREEZHALER,B,"Indacaterol - 110mcg, Glycopyronium - 50mcg",,"Capsule, inhalation",4031528,https://www.moph.gov.lb/en/Drugs/view/5279
4349,N01AH06,ULTIVA,B,Remifentanil (HCl) - 5mg,5mg,Injectable powder for solution,2990050,https://www.moph.gov.lb/en/Drugs/view/4349
4351,N01AH06,ULTIVA,B,Remifentanil (HCl) - 2mg,2mg,Injectable powder for solution,1632769,https://www.moph.gov.lb/en/Drugs/view/4351
336,A07FA02,ULTRA LEVURE,B,Saccharomyces boulardii - 50mg,50mg,Capsule,381651,https://www.moph.gov.lb/en/Drugs/view/336
337,A07FA02,ULTRA LEVURE,B,Saccharomyces boulardii - 200mg,200mg,Capsule,513348,https://www.moph.gov.lb/en/Drugs/view/337
338,A07FA02,ULTRA LEVURE,B,Saccharomyces boulardii - 100mg,100mg,Powder for suspension,536193,https://www.moph.gov.lb/en/Drugs/view/338
3036,J01MA12,ULTRAFLOX 500,G,Levofloxacin (hemihydrate) - 500mg,500mg,Tablet,1100413,https://www.moph.gov.lb/en/Drugs/view/3036
966,B05AA01,UMAN ALBUMIN,BioHuman,Albumin human - 20g/100ml,10g/50ml,Injectable solution,3598810,https://www.moph.gov.lb/en/Drugs/view/966
3129,J02AC01,UNAZOL,G,Fluconazole - 150mg,150mg,Capsule,149742,https://www.moph.gov.lb/en/Drugs/view/3129
355,A08AB01,UNI-CAL,G,Orlistat - 120mg,120mg,Capsule,1174518,https://www.moph.gov.lb/en/Drugs/view/355
5330,R03DC03,UNICAST,G,Montelukast (sodium) - 5mg,5mg,"Tablet, chewable",783460,https://www.moph.gov.lb/en/Drugs/view/5330
5340,R03DC03,UNICAST,G,Montelukast (sodium) - 10mg,10mg,"Tablet, film coated",802274,https://www.moph.gov.lb/en/Drugs/view/5340
5347,R03DC03,UNICAST,G,Montelukast (sodium) - 4mg,4mg,"Tablet, chewable",783460,https://www.moph.gov.lb/en/Drugs/view/5347
3763,L01XX05,UNIDREA,G,Hydroxycarbamide (or Hydroxyurea) - 500mg,500mg,"Capsule, hard",2539862,https://www.moph.gov.lb/en/Drugs/view/3763
548,A10BG03,UNIGLIT,G,Pioglitazone HCl - 15mg,15mg,Tablet,685360,https://www.moph.gov.lb/en/Drugs/view/548
1363,C02CA04,UNIPROST,G,Doxazosin - 4mg,4mg,Tablet,452875,https://www.moph.gov.lb/en/Drugs/view/1363
4944,N06AB05,UNIROX,G,Paroxetine (HCl) - 20mg,20mg,"Tablet, film coated",854684,https://www.moph.gov.lb/en/Drugs/view/4944
3103,J02AC01,UNIZOL MS,G,Fluconazole - 200mg/100ml,200mg/100ml,Injectable solution,1419098,https://www.moph.gov.lb/en/Drugs/view/3103
791,B01AC27,UPTRAVI,B,Selexipag - 200mcg,200mcg,"Tablet, film coated",242569645,https://www.moph.gov.lb/en/Drugs/view/791
792,B01AC27,UPTRAVI,B,Selexipag - 200mcg,200mcg,"Tablet, film coated",552391145,https://www.moph.gov.lb/en/Drugs/view/792
793,B01AC27,UPTRAVI,B,Selexipag - 400mcg,400mcg,"Tablet, film coated",242569645,https://www.moph.gov.lb/en/Drugs/view/793
794,B01AC27,UPTRAVI,B,Selexipag - 600mcg,600mcg,"Tablet, film coated",242569645,https://www.moph.gov.lb/en/Drugs/view/794
795,B01AC27,UPTRAVI,B,Selexipag - 800mcg,800mcg,"Tablet, film coated",242569645,https://www.moph.gov.lb/en/Drugs/view/795
796,B01AC27,UPTRAVI,B,Selexipag - 1000mcg,1000mcg,"Tablet, film coated",242569645,https://www.moph.gov.lb/en/Drugs/view/796
797,B01AC27,UPTRAVI,B,Selexipag - 1200mcg,1200mcg,"Tablet, film coated",242569645,https://www.moph.gov.lb/en/Drugs/view/797
798,B01AC27,UPTRAVI,B,Selexipag - 1400mcg,1400mcg,"Tablet, film coated",242569645,https://www.moph.gov.lb/en/Drugs/view/798
799,B01AC27,UPTRAVI,B,Selexipag - 1600mcg,1600mcg,"Tablet, film coated",242569645,https://www.moph.gov.lb/en/Drugs/view/799
2405,G04BC,URALYT-U,B,Potassium Sodium Hydrogen Citrate - 2427.7mg,2427.7mg,Granules,1323685,https://www.moph.gov.lb/en/Drugs/view/2405
2417,G04BD08,URICARE,G,Solifenacin succinate - 5mg,5mg,"Tablet, film coated",1334884,https://www.moph.gov.lb/en/Drugs/view/2417
2423,G04BD08,URICARE,G,Solifenacin succinate - 10mg,10mg,"Tablet, film coated",1334884,https://www.moph.gov.lb/en/Drugs/view/2423
2418,G04BD08,URISOL,G,Solifenacin succinate - 5mg,5mg,"Tablet, film coated",1334884,https://www.moph.gov.lb/en/Drugs/view/2418
2424,G04BD08,URISOL,G,Solifenacin succinate - 10mg,10mg,"Tablet, film coated",1334884,https://www.moph.gov.lb/en/Drugs/view/2424
2406,G04BD02,URISPAS,B,Flavoxate HCl - 200mg,200mg,"Tablet, film coated",1094272,https://www.moph.gov.lb/en/Drugs/view/2406
1394,C03CA01,URO-CARE,G,Furosemide - 20mg/2ml,20mg/2ml,Injectable solution,1630081,https://www.moph.gov.lb/en/Drugs/view/1394
3270,J07AX,URO-VAXOM,B,Lyophilized bacterial lysates of E-Coli - 6mg,6mg,Capsule,2689029,https://www.moph.gov.lb/en/Drugs/view/3270
700,A12BA02,UROKIT,G,Potassium Citrate - 3g,3g,Powder for solution,1628737,https://www.moph.gov.lb/en/Drugs/view/700
5698,V03AF01,UROMITEXAN,B,Mesna - 400mg/4ml,400mg/4ml,Injectable solution,2632587,https://www.moph.gov.lb/en/Drugs/view/5698
5699,V03AF01,UROMITEXAN,B,Mesna - 400mg,400mg/4ml,Injectable solution,2632587,https://www.moph.gov.lb/en/Drugs/view/5699
4299,M04AA03,UROSAT,G,Febuxostat - 80mg,80mg,"Tablet, film coated",1402972,https://www.moph.gov.lb/en/Drugs/view/4299
264,A05AA02,URSOFALK,B,Ursodeoxycholic acid - 250mg,250mg,Capsule,2823413,https://www.moph.gov.lb/en/Drugs/view/264
3951,L04AC05,USTEKIREL,BioTech,Ustekinumab - 45mg,45mg,Injectable solution,62284555,https://www.moph.gov.lb/en/Drugs/view/3951
3954,L04AC05,USTEKIREL,BioTech,Ustekinumab - 90mg,90mg,Injectable solution,94672508,https://www.moph.gov.lb/en/Drugs/view/3954
5939,L04AC05,USTEKIREL,BioTech,Ustekinumab - 90mg,90mg,Injectable solution,,https://www.moph.gov.lb/en/Drugs/view/5939
5182,R01AA05,UTABON,G,Oxymetazoline HCl - 0.5mg/ml,0.5mg/ml,"Spray, solution",302365,https://www.moph.gov.lb/en/Drugs/view/5182
2348,G03DA04,UTROGESTAN,B,Progesterone micronised natural - 100mg,100mg,Capsule,525442,https://www.moph.gov.lb/en/Drugs/view/2348
2349,G03DA04,UTROGESTAN,B,Progesterone micronised natural - 100mg,100mg,Capsule,525442,https://www.moph.gov.lb/en/Drugs/view/2349
2350,G03DA04,UTROGESTAN,B,Progesterone micronised natural - 100mg,100mg,Capsule,525442,https://www.moph.gov.lb/en/Drugs/view/2350
2353,G03DA04,UTROGESTAN,B,Progesterone micronised natural - 200mg,200mg,Capsule,587259,https://www.moph.gov.lb/en/Drugs/view/2353
2354,G03DA04,UTROGESTAN,B,Progesterone micronised natural - 200mg,200mg,Capsule,587259,https://www.moph.gov.lb/en/Drugs/view/2354
2355,G03DA04,UTROGESTAN,B,Progesterone micronised natural - 200mg,200mg,Capsule,587259,https://www.moph.gov.lb/en/Drugs/view/2355
3084,J01XE01,UVAMIN RETARD,G,Nitrofurantoin (macrocrystals) - 100mg,100mg,Capsule,360150,https://www.moph.gov.lb/en/Drugs/view/3084
3141,J02AC03,V-FEND,B,Voriconazole - 200mg,200mg,Injectable powder for solution,8078564,https://www.moph.gov.lb/en/Drugs/view/3141
2676,J01CR02,VAAMOX IV,G,"Amoxicillin - 1g, Clavulanic Acid - 200mg",,Injectable powder,225766,https://www.moph.gov.lb/en/Drugs/view/2676
2677,J01CR02,VAAMOX IV,G,"Amoxicillin - 1g, Clavulanic Acid - 200mg",,Injectable powder,2150148,https://www.moph.gov.lb/en/Drugs/view/2677
2917,J01DH52,VABOMERE,G,"Meropenem (trihydrate) - 1000mg, Vaborbactam - 1000mg",,Injectable powder for concentrate for solution,44384874,https://www.moph.gov.lb/en/Drugs/view/2917
5638,S01LA09,VABYSMO,B,Faricimab - 6mg/0.05ml,6mg/0.05ml,Injectable solution,54991170,https://www.moph.gov.lb/en/Drugs/view/5638
5840,S01LA09,VABYSMO,B,Faricimab - 6mg/0.05ml,6mg/0.05ml,Injectable solution,,https://www.moph.gov.lb/en/Drugs/view/5840
2343,G03CA03,VAGIFEM,G,Estradiol (hemihydrate) - 10mcg,10mcg,Tablet,2254968,https://www.moph.gov.lb/en/Drugs/view/2343
3174,J05AB14,VAGLONAX,G,Valganciclovir (HCl) - 450mg,450mg,"Tablet, film coated",49858549,https://www.moph.gov.lb/en/Drugs/view/3174
4776,N05AH03,VAINCOR,G,Olanzapine - 5mg,5mg,"Tablet, coated, scored",806306,https://www.moph.gov.lb/en/Drugs/view/4776
4785,N05AH03,VAINCOR,G,Olanzapine - 10mg,10mg,"Tablet, coated, scored",1209458,https://www.moph.gov.lb/en/Drugs/view/4785
3169,J05AB11,VALACICLOVIR ARROW,G,Valaciclovir - 500mg,500mg,"Tablet, film coated, breakable",753896,https://www.moph.gov.lb/en/Drugs/view/3169
3170,J05AB11,VALACICLOVIR ARROW,G,Valaciclovir - 500mg,500mg,"Tablet, film coated, breakable",2889261,https://www.moph.gov.lb/en/Drugs/view/3170
1841,C09DX04,VALBITRYL 24/26,G,"Sacubitril - 24mg, Valsartan - 26mg",,"Tablet, film coated",5490557,https://www.moph.gov.lb/en/Drugs/view/1841
1843,C09DX04,VALBITRYL 49/51,G,"Sacubitril - 49mg, Valsartan - 51mg",,"Tablet, film coated",5490557,https://www.moph.gov.lb/en/Drugs/view/1843
1845,C09DX04,VALBITRYL 97/103,G,"Sacubitril - 97mg, Valsartan - 103mg",,"Tablet, film coated",10531062,https://www.moph.gov.lb/en/Drugs/view/1845
3171,J05AB11,VALCYK BENTA,G,Valaciclovir - 500mg,500mg,"Tablet, film coated",4318214,https://www.moph.gov.lb/en/Drugs/view/3171
3172,J05AB11,VALCYK BENTA,G,Valaciclovir - 500mg,500mg,"Tablet, film coated",945809,https://www.moph.gov.lb/en/Drugs/view/3172
3173,J05AB14,VALCYTE,B,Valganciclovir (HCl) - 450mg,450mg,"Tablet, film coated",63612039,https://www.moph.gov.lb/en/Drugs/view/3173
3175,J05AB14,VALGANCICLOVIR ARROW,G,Valganciclovir (HCl) - 450mg,450mg,"Tablet, coated",46063879,https://www.moph.gov.lb/en/Drugs/view/3175
5921,J05AB14,VALGANCICLOVIR ARROW,G,Valganciclovir (HCl) - 450mg,450mg,"Tablet, coated",,https://www.moph.gov.lb/en/Drugs/view/5921
4882,N05BA01,VALIUM,B,Diazepam - 5mg,5mg,"Tablet, scored",384339,https://www.moph.gov.lb/en/Drugs/view/4882
4612,N03AG01,VALPROATE DE SODIUM ARROW LP,G,Sodium valproate - 500mg,500mg,"Tablet, coated, scored, prolonged release",253986,https://www.moph.gov.lb/en/Drugs/view/4612
1657,C09CA03,VALSANET,G,Valsartan - 80mg,80mg,"Tablet, film coated",479944,https://www.moph.gov.lb/en/Drugs/view/1657
1664,C09CA03,VALSANET,G,Valsartan - 160mg,160mg,"Tablet, film coated",560574,https://www.moph.gov.lb/en/Drugs/view/1664
1658,C09CA03,VALSARTAN ARROW LAB,G,Valsartan - 80mg,80mg,"Tablet, film coated, breakable",387027,https://www.moph.gov.lb/en/Drugs/view/1658
1665,C09CA03,VALSARTAN ARROW LAB,G,Valsartan - 160mg,160mg,"Tablet, film coated, breakable",473033,https://www.moph.gov.lb/en/Drugs/view/1665
3167,J05AB11,VALTREX,B,Valaciclovir - 500mg,500mg,"Tablet, film coated",1147641,https://www.moph.gov.lb/en/Drugs/view/3167
3168,J05AB11,VALTREX,B,Valaciclovir - 500mg,500mg,"Tablet, film coated",4481715,https://www.moph.gov.lb/en/Drugs/view/3168
1666,C09CA03,VALUSTAR,G,Valsartan - 160mg,160mg,"Tablet, film coated",634294,https://www.moph.gov.lb/en/Drugs/view/1666
1734,C09DA03,VALUSTAR PLUS,G,"Valsartan - 160mg, Hydrochlorothiazide - 12.5mg",,"Tablet, film coated",592635,https://www.moph.gov.lb/en/Drugs/view/1734
3069,J01XA01,VANCO MEDIS,G,Vancomycin - 1g,1g,Injectable lyophilisate for solution,1276650,https://www.moph.gov.lb/en/Drugs/view/3069
3061,J01XA01,VANCO MEDIS 500MG,G,Vancomycin - 500mg,500mg,Injectable powder for solution,998475,https://www.moph.gov.lb/en/Drugs/view/3061
3062,J01XA01,VANCOLON,G,Vancomycin (HCl) - 0.5g,0.5g,Injectable lyophilised powder for solution,1009226,https://www.moph.gov.lb/en/Drugs/view/3062
3063,J01XA01,VANCOMYCIN HIKMA,G,Vancomycin (HCl) - 500mg,500mg,Injectable powder for solution,998475,https://www.moph.gov.lb/en/Drugs/view/3063
3064,J01XA01,VANCOMYCINE VIATRIS 500MG,G,Vancomycin - 500mg,500mg,Injectable dry powder for solution,885115,https://www.moph.gov.lb/en/Drugs/view/3064
3065,J01XA01,VANCOTEN,G,Vancomycin (HCl) - 500mg,500mg,Injectable powder for solution,537537,https://www.moph.gov.lb/en/Drugs/view/3065
5193,R01AB01,VAPICIL MICRODOSER,G,"Phenylephrine - 2.5mg/ml, Dimethindene maleate - 0.25mg/ml",,Spray,239204,https://www.moph.gov.lb/en/Drugs/view/5193
3285,J07BC02,VAQTA,B,"Hepatitis A, inactivated, whole virus - 25U/0.5ml",25U/0.5ml,Injectable suspension,2539862,https://www.moph.gov.lb/en/Drugs/view/3285
2481,G04BE09,VARI,G,Vardenafil (HCl) - 20mg,20mg,Tablet,1331044,https://www.moph.gov.lb/en/Drugs/view/2481
3299,J07BK01,VARICELLA VACCINE LIVE,BioTech,"Varicella-herpes zoster virus (Oka strain), grown in human diploid cells (SV-cell line), live attenuated -",,Injectable suspension,3104276,https://www.moph.gov.lb/en/Drugs/view/3299
3297,J07BK01,VARILRIX + SOLVENT IN SYRINGE,B,"Varicella virus, live attenuated - ?1033 PFU",?1033 PFU,Injectable lyophilised powder for solution+diluent,3473833,https://www.moph.gov.lb/en/Drugs/view/3297
3298,J07BK01,VARIVAX,B,"Varicella virus, live attenuated - 1350PFU",,Injectable powder for suspension+diluent,4102751,https://www.moph.gov.lb/en/Drugs/view/3298
815,B01AF01,VAROXA,G,Rivaroxaban - 15mg,15mg,"Tablet, film coated",1343843,https://www.moph.gov.lb/en/Drugs/view/815
822,B01AF01,VAROXA,G,Rivaroxaban - 20mg,20mg,"Tablet, film coated",1343843,https://www.moph.gov.lb/en/Drugs/view/822
828,B01AF01,VAROXA,G,Rivaroxaban - 10mg,10mg,"Tablet, film coated",2879854,https://www.moph.gov.lb/en/Drugs/view/828
1991,C10AX06,VASCEPA,B,Eicosapentaenoic acid (Ethyl ester) - 1g,1g,Capsule,21464912,https://www.moph.gov.lb/en/Drugs/view/1991
1848,C10AA01,VASCOR,G,Simvastatin - 10mg,10mg,"Tablet, scored",284127,https://www.moph.gov.lb/en/Drugs/view/1848
1853,C10AA01,VASCOR,G,Simvastatin - 20mg,20mg,"Tablet, scored",284127,https://www.moph.gov.lb/en/Drugs/view/1853
1857,C10AA01,VASCOR,G,Simvastatin - 40mg,40mg,"Tablet, scored",284127,https://www.moph.gov.lb/en/Drugs/view/1857
2084,D05AA,VASELINE ICHTYOLEE,G,Ichthyamol - 10%,10%,Ointment,103668,https://www.moph.gov.lb/en/Drugs/view/2084
2054,D02AC,VASELINE PURE,G,Vaseline pure - 20g,20g,Ointment,103668,https://www.moph.gov.lb/en/Drugs/view/2054
2055,D02AC,VASIDEX,G,Vaseline pure - 15g,15g,Ointment,78071,https://www.moph.gov.lb/en/Drugs/view/2055
5114,N07CA01,VASOSERC,G,Betahistine dihydrochloride - 8mg,8mg,Tablet,1334884,https://www.moph.gov.lb/en/Drugs/view/5114
5116,N07CA01,VASOSERC BID,G,Betahistine dihydrochloride - 24mg,24mg,Tablet,840861,https://www.moph.gov.lb/en/Drugs/view/5116
5111,N07CA01,VASOSERC FORTE,G,Betahistine dihydrochloride - 16mg,16mg,Tablet,944529,https://www.moph.gov.lb/en/Drugs/view/5111
1341,C01EB15,VASTAREL,B,Trimetazidine - 35mg,35mg,"Tablet, film coated, modified release",1053573,https://www.moph.gov.lb/en/Drugs/view/1341
3273,J07BB01,VAXIGRIP,B,Influenza vaccine virus inactivated - 15mcg/3strains/0.5ml,15mcg/3strains/0.5ml,Injectable suspension,768678,https://www.moph.gov.lb/en/Drugs/view/3273
3274,J07BB01,VAXIGRIP,B,Influenza vaccine virus inactivated - 15mcg/3strains/0.5ml,15mcg/3strains/0.5ml,Injectable suspension,158573,https://www.moph.gov.lb/en/Drugs/view/3274
3276,J07BB01,"VAXIGRIPTETRA, VACCIN GRIPPAL QUADRIVALENT (INACTIVE A VIRION FRAGMENTE)",B,"Influenza vaccine virus (inactivated, split) - 15mcg/4strains/0.5ml",,Injectable suspension,970254,https://www.moph.gov.lb/en/Drugs/view/3276
3267,J07AL02,VAXNEUVANCE,B,"Pneumococcal polysaccharide for serotypes 1, 3, 4, 5 , 6A, 7F, 9V,14, 18C, 19A, 19F, 22F, 23F,33F (2mcg) Pneumococcal polysaccharide for serotypes 6B (4.4mcg) Conjugated to CRM197 carrier protein and adsorbed on aluminium phosphate adjuvant -",,Injectable suspension,6988413,https://www.moph.gov.lb/en/Drugs/view/3267
3665,L01FE02,VECTIBIX,BioTech,Panitumumab - 400mg/20ml,400mg/20ml,Injectable concentrated solution,147763999,https://www.moph.gov.lb/en/Drugs/view/3665
3666,L01FE02,VECTIBIX,BioTech,Panitumumab - 100mg/5ml,100mg/5ml,Injectable concentrated solution,40364800,https://www.moph.gov.lb/en/Drugs/view/3666
5785,L01FE02,VECTIBIX,BioTech,Panitumumab - 400mg/20ml,400mg/20ml,Injectable concentrated solution,,https://www.moph.gov.lb/en/Drugs/view/5785
5786,L01FE02,VECTIBIX,BioTech,Panitumumab - 100mg/5ml,100mg/5ml,Injectable concentrated solution,,https://www.moph.gov.lb/en/Drugs/view/5786
3736,L01XG01,VELCADE,B,Bortezomib - 3.5mg,3.5mg,Injectable lyophilised powder for solution,23616000,https://www.moph.gov.lb/en/Drugs/view/3736
3745,L01XG01,VELZOME,G,Bortezomib - 3.5mg,3.5mg,Injectable powder for solution,18154041,https://www.moph.gov.lb/en/Drugs/view/3745
3197,J05AF13,VEMLIDY,B,Tenofovir alafenamide fumarate - 25mg,25mg,"Tablet, film coated",26997299,https://www.moph.gov.lb/en/Drugs/view/3197
3772,L01XX52,VENCLEXTA,B,Venetoclax - 100mg,100mg,Tablet,707858935,https://www.moph.gov.lb/en/Drugs/view/3772
3774,L01XX52,VENCLEXTA,B,"Venetoclax - 10mg week 1, Venetoclax - 50mg week 2, Venetoclax - 100mg week 3&4",,Tablet,190943809,https://www.moph.gov.lb/en/Drugs/view/3774
5855,L01XX52,VENCLEXTA,B,Venetoclax - 100mg,100mg,Tablet,,https://www.moph.gov.lb/en/Drugs/view/5855
5940,L01XX52,VENCLEXTA,B,"Venetoclax - 10mg week 1, Venetoclax - 50mg week 2, Venetoclax - 100mg week 3&4",,Tablet,,https://www.moph.gov.lb/en/Drugs/view/5940
4993,N06AX16,VENLAFAXINE ARROW GENERIQUES LP,G,Venlafaxine - 75mg,75mg,"Capsule, prolonged release",1075074,https://www.moph.gov.lb/en/Drugs/view/4993
5000,N06AX16,VENLAFAXINE ARROW GENERIQUES LP,G,Venlafaxine - 150mg,150mg,"Capsule, prolonged release",987724,https://www.moph.gov.lb/en/Drugs/view/5000
5003,N06AX16,VENLAFAXINE ARROW GENERIQUES LP,G,Venlafaxine - 37.5mg,37.5mg,"Capsule, prolonged release",1075074,https://www.moph.gov.lb/en/Drugs/view/5003
4994,N06AX16,VENLAFAXINE BIOGARAN LP,G,Venlafaxine HCl - 75mg,75mg,"Capsule, prolonged release",584571,https://www.moph.gov.lb/en/Drugs/view/4994
5004,N06AX16,VENLAFAXINE BIOGARAN LP,G,Venlafaxine HCl - 37.5mg,37.5mg,"Capsule, prolonged release",538881,https://www.moph.gov.lb/en/Drugs/view/5004
5001,N06AX16,VENLAX XR 150,G,Venlafaxine HCl - 150mg,150mg,"Capsule, extended release",944529,https://www.moph.gov.lb/en/Drugs/view/5001
5002,N06AX16,VENLAX XR 150,G,Venlafaxine HCl - 150mg,150mg,"Capsule, extended release",1416794,https://www.moph.gov.lb/en/Drugs/view/5002
5005,N06AX16,VENLAX XR 37.5,G,Venlafaxine - 37.5mg,37.5mg,"Capsule, extended release",383955,https://www.moph.gov.lb/en/Drugs/view/5005
5006,N06AX16,VENLAX XR 37.5,G,Venlafaxine - 37.5mg,37.5mg,"Capsule, extended release",575933,https://www.moph.gov.lb/en/Drugs/view/5006
4995,N06AX16,VENLAX XR 75,G,Venlafaxine HCl - 75mg,75mg,"Capsule, extended release",895895,https://www.moph.gov.lb/en/Drugs/view/4995
4996,N06AX16,VENLAX XR 75,G,Venlafaxine HCl - 75mg,75mg,"Capsule, extended release",1343843,https://www.moph.gov.lb/en/Drugs/view/4996
900,B03AC,VENOFER I.V.,B,Iron (sucrose) - 100mg/5ml,100mg/5ml,Injectable concentrated solution,3594779,https://www.moph.gov.lb/en/Drugs/view/900
1446,C05CA05,VENOSMIL,G,Hidrosmin - 200mg,200mg,Capsule,976973,https://www.moph.gov.lb/en/Drugs/view/1446
1447,C05CA05,VENOSMIL,G,Hidrosmin - 2%,2%,Gel,588603,https://www.moph.gov.lb/en/Drugs/view/1447
5235,R03AC02,VENTOLIN,B,Salbutamol (sulfate) - 5mg/ml,5mg/ml,Solution,403153,https://www.moph.gov.lb/en/Drugs/view/5235
5232,R03AC02,VENTOLIN EVOHALER,B,Salbutamol (sulfate) - 100mcg/dose,100mcg/dose,Inhalation aerosol metered dose,260705,https://www.moph.gov.lb/en/Drugs/view/5232
2822,J01DD04,VERACOL,G,Ceftriaxone (sodium) - 1g,1g,Injectable lyophilised powder for solution+diluent,454219,https://www.moph.gov.lb/en/Drugs/view/2822
2482,G04BE09,VERDA,G,Vardenafil (HCl) - 10mg,10mg,"Tablet, orally disintegrating",1023880,https://www.moph.gov.lb/en/Drugs/view/2482
5170,P02CB01,VERMIFUGE,G,Piperazine citrate - 1g/5ml,1g/5ml,Syrup,148463,https://www.moph.gov.lb/en/Drugs/view/5170
5159,P02CA01,VERMOX,B,Mebendazole - 100mg/5ml,100mg/5ml,Suspension,223078,https://www.moph.gov.lb/en/Drugs/view/5159
5160,P02CA01,VERMOX,B,Mebendazole - 500mg,500mg,Tablet,106164,https://www.moph.gov.lb/en/Drugs/view/5160
5161,P02CA01,VERMOX,B,Mebendazole - 100mg,100mg,Tablet,190826,https://www.moph.gov.lb/en/Drugs/view/5161
2058,D02AF,VERRUFILM,G,"Lactic acid - 16.7%, Salicylic acid - 16.7%",,Solution,849308,https://www.moph.gov.lb/en/Drugs/view/2058
2250,D11AF,VERRUMAL,B,"Fluorouracil - 0.5g/100g, Salicylic acid - 10g/100g",,Solution,529474,https://www.moph.gov.lb/en/Drugs/view/2250
2077,D04AB01,VERSATIS,B,Lidocaine - 5%,5%,Patch,13085712,https://www.moph.gov.lb/en/Drugs/view/2077
2078,D04AB01,VERSATIS,B,Lidocaine - 5%,5%,Patch,2772347,https://www.moph.gov.lb/en/Drugs/view/2078
5112,N07CA01,VERTINEX,G,Betahistine dihydrochloride - 16mg,16mg,"Tablet, scored",1204339,https://www.moph.gov.lb/en/Drugs/view/5112
5113,N07CA01,VERTINEX,G,Betahistine dihydrochloride - 16mg,16mg,Tablet,371157,https://www.moph.gov.lb/en/Drugs/view/5113
5117,N07CA01,VERTINEX,G,Betahistine dihydrochloride - 24mg,24mg,"Tablet, scored",921492,https://www.moph.gov.lb/en/Drugs/view/5117
3570,L01EF03,VERZENIO,B,Abemaciclib - 150mg,150mg,Tablet,76122299,https://www.moph.gov.lb/en/Drugs/view/3570
3571,L01EF03,VERZENIO,B,Abemaciclib - 50mg,50mg,Tablet,76122299,https://www.moph.gov.lb/en/Drugs/view/3571
3572,L01EF03,VERZENIO,B,Abemaciclib - 100mg,100mg,Tablet,76122299,https://www.moph.gov.lb/en/Drugs/view/3572
2413,G04BD08,VESICARE,B,Solifenacin succinate - 5mg,5mg,"Tablet, film coated",1619330,https://www.moph.gov.lb/en/Drugs/view/2413
2419,G04BD08,VESICARE,B,Solifenacin succinate - 10mg,10mg,"Tablet, film coated",1619330,https://www.moph.gov.lb/en/Drugs/view/2419
2515,G04CA53,VESOMNI,B,"Tamsulosin HCl - 0.4mg, Solifenacin succinate - 6mg",,"Tablet, modified release",4491122,https://www.moph.gov.lb/en/Drugs/view/2515
746,B01AB11,VESSEL DUE F TAB.,B,Sulodexide - 250LRU,250LSU,"Capsule, soft gelatin",2792505,https://www.moph.gov.lb/en/Drugs/view/746
3138,J02AC03,VFEND,B,Voriconazole - 200mg,200mg,"Tablet, film coated",51904550,https://www.moph.gov.lb/en/Drugs/view/3138
2432,G04BE03,VIADIS,G,Sildenafil - 50mg,50mg,"Tablet, film coated",325210,https://www.moph.gov.lb/en/Drugs/view/2432
2428,G04BE03,VIAGRA,B,Sildenafil (citrate) - 50mg,50mg,"Tablet, film coated",2089675,https://www.moph.gov.lb/en/Drugs/view/2428
2438,G04BE03,VIAGRA,B,Sildenafil (citrate) - 100mg,100mg,"Tablet, film coated",2089675,https://www.moph.gov.lb/en/Drugs/view/2438
967,B05AA01,VIALEBEX,BioHuman,Albumin human - 200g/L,200g/L,Injectable solution,3417391,https://www.moph.gov.lb/en/Drugs/view/967
3164,J05AB01,VICLORIX 400,G,Aciclovir - 400mg,400mg,Tablet,3589851,https://www.moph.gov.lb/en/Drugs/view/3164
3165,J05AB01,VICLORIX 800,G,Aciclovir - 800mg,800mg,Tablet,4321797,https://www.moph.gov.lb/en/Drugs/view/3165
3179,J05AF05,VICONDINE,G,Lamivudine - 150mg,150mg,"Tablet, film coated",3573725,https://www.moph.gov.lb/en/Drugs/view/3179
3809,L02BG03,VICTEVE,G,Anastrozole - 1mg,1mg,"Tablet, film coated",1151673,https://www.moph.gov.lb/en/Drugs/view/3809
3404,L01BC07,VIDAZA,B,Azacitidine - 100mg,100mg,Injectable lyophilised powder,15158791,https://www.moph.gov.lb/en/Drugs/view/3404
5758,L01BC07,VIDAZA,B,Azacitidine - 100mg,100mg,Injectable lyophilised powder,,https://www.moph.gov.lb/en/Drugs/view/5758
649,A11CC05,VIDROP,G,Vitamin D3 - 100IU/drop,100IU/drop,Drops,346711,https://www.moph.gov.lb/en/Drugs/view/649
5550,S01AE07,VIGAMOX,G,Moxifloxacin (HCl) - 5mg/ml,5mg/ml,Drops solution,670577,https://www.moph.gov.lb/en/Drugs/view/5550
2433,G04BE03,VIGOR-50,G,Sildenafil (citrate) - 50mg,50mg,"Tablet, film coated",332761,https://www.moph.gov.lb/en/Drugs/view/2433
2434,G04BE03,VIGORAM,G,Sildenafil citrate - 50mg,50mg,Tablet,330585,https://www.moph.gov.lb/en/Drugs/view/2434
4613,N03AG01,VILAPRO CHRONO 500,G,"Sodium valproate - 333mg, Valproic acid - 145mg",,"Tablet, film coated, prolonged release",217702,https://www.moph.gov.lb/en/Drugs/view/4613
557,A10BH02,VILDAVITAE,G,Vildagliptin - 50mg,50mg,Tablet,665202,https://www.moph.gov.lb/en/Drugs/view/557
558,A10BH02,VILDIAB,G,Vildagliptin - 50mg,50mg,Tablet,806306,https://www.moph.gov.lb/en/Drugs/view/558
500,A10BD08,VILDIAB M 50/1000,G,"Metformin HCl - 1000mg, Vildagliptin - 50mg",,"Tablet, film coated",1029383,https://www.moph.gov.lb/en/Drugs/view/500
504,A10BD08,VILDIAB M 50/850,G,"Metformin HCl - 850mg, Vildagliptin - 50mg",,"Tablet, film coated",1029383,https://www.moph.gov.lb/en/Drugs/view/504
4691,N03AX18,VIMPAT,B,Lacosamide - 50mg,50mg,"Tablet, film coated",1024008,https://www.moph.gov.lb/en/Drugs/view/4691
4695,N03AX18,VIMPAT,B,Lacosamide - 100mg,100mg,"Tablet, film coated",7835296,https://www.moph.gov.lb/en/Drugs/view/4695
4699,N03AX18,VIMPAT,B,Lacosamide - 150mg,150mg,"Tablet, film coated",11754896,https://www.moph.gov.lb/en/Drugs/view/4699
4702,N03AX18,VIMPAT,B,Lacosamide - 200mg,200mg,"Tablet, film coated",13357859,https://www.moph.gov.lb/en/Drugs/view/4702
4707,N03AX18,VIMPAT,B,Lacosamide - 10mg/ml,10mg/ml,Injectable solution,13225715,https://www.moph.gov.lb/en/Drugs/view/4707
4709,N03AX18,VIMPAT,B,Lacosamide - 10mg/ml,10mg/ml,Syrup,2111177,https://www.moph.gov.lb/en/Drugs/view/4709
5649,S02CA02,VIOCORTENE,B,"Clioquinol - 10mg/ml, Flumetasone pivalate - 0.2mg/ml",,Drops,568253,https://www.moph.gov.lb/en/Drugs/view/5649
1667,C09CA03,VIOSTAN 160,G,Valsartan - 160mg,160mg,"Tablet, film coated",668082,https://www.moph.gov.lb/en/Drugs/view/1667
1668,C09CA03,VIOSTAN 40,G,Valsartan - 40mg,40mg,"Tablet, film coated",526786,https://www.moph.gov.lb/en/Drugs/view/1668
1659,C09CA03,VIOSTAN 80,G,Valsartan - 80mg,80mg,"Tablet, film coated",526786,https://www.moph.gov.lb/en/Drugs/view/1659
1792,C09DB01,VIOSTAN AM 160/10,G,"Amlodipine besylate - 10mg, Valsartan - 160mg",,"Tablet, film coated",1177206,https://www.moph.gov.lb/en/Drugs/view/1792
1785,C09DB01,VIOSTAN AM 160/5,G,"Amlodipine besylate - 5mg, Valsartan - 160mg",,"Tablet, film coated",1177206,https://www.moph.gov.lb/en/Drugs/view/1785
1821,C09DX01,VIOSTAN AM PLUS 160/10/12.5,G,"Valsartan - 160mg, Amlodipine - 10mg, Hydrochlorothiazide - 12.5mg",,"Tablet, film coated",1196020,https://www.moph.gov.lb/en/Drugs/view/1821
1823,C09DX01,VIOSTAN AM PLUS 160/10/25,G,"Valsartan - 160mg, Amlodipine - 10mg, Hydrochlorothiazide - 25mg",,"Tablet, film coated",1196020,https://www.moph.gov.lb/en/Drugs/view/1823
1827,C09DX01,VIOSTAN AM PLUS 160/5/12.5,G,"Valsartan - 160mg, Amlodipine - 5mg, Hydrochlorothiazide - 12.5mg",,"Tablet, film coated",1196020,https://www.moph.gov.lb/en/Drugs/view/1827
1818,C09DX01,VIOSTAN AM PLUS 160/5/25,G,"Valsartan - 160mg, Amlodipine - 5mg, Hydrochlorothiazide - 25mg",,"Tablet, film coated",1196020,https://www.moph.gov.lb/en/Drugs/view/1818
1829,C09DX01,VIOSTAN AM PLUS 320/10/25,G,"Valsartan - 320mg, Amlodipine - 10mg, Hydrochlorothiazide - 25mg",,"Tablet, film coated",1881380,https://www.moph.gov.lb/en/Drugs/view/1829
1735,C09DA03,VIOSTAN PLUS 160/12.5,G,"Valsartan - 160mg, Hydrochlorothiazide - 12.5mg",,"Tablet, film coated",668082,https://www.moph.gov.lb/en/Drugs/view/1735
1738,C09DA03,VIOSTAN PLUS 160/25,G,"Valsartan - 160mg, Hydrochlorothiazide - 25mg",,"Tablet, film coated",671921,https://www.moph.gov.lb/en/Drugs/view/1738
1729,C09DA03,VIOSTAN PLUS 80/12.5,G,"Valsartan - 80mg, Hydrochlorothiazide - 12.5mg",,"Tablet, film coated",547520,https://www.moph.gov.lb/en/Drugs/view/1729
514,A10BD13,VIPDOMET,B,"Metformin HCl - 500mg, Alogliptin benzoate - 12.5mg",,"Tablet, film coated",3112339,https://www.moph.gov.lb/en/Drugs/view/514
515,A10BD13,VIPDOMET,B,"Metformin HCl - 1,000mg, Alogliptin benzoate - 12.5mg",,"Tablet, film coated",3304509,https://www.moph.gov.lb/en/Drugs/view/515
561,A10BH04,VIPIDIA,B,Alogliptin benzoate - 25mg,25mg,"Tablet, film coated",2998113,https://www.moph.gov.lb/en/Drugs/view/561
3181,J05AF07,VIREAD,B,Tenofovir disoproxil - 245mg,245mg,"Tablet, film coated",15716313,https://www.moph.gov.lb/en/Drugs/view/3181
2443,G04BE03,VIRECTA,G,Sildenafil - 100mg,100mg,"Tablet, film coated",584571,https://www.moph.gov.lb/en/Drugs/view/2443
5536,S01AD09,VIRGAN,B,Ganciclovir - 1.5mg/g,1.5mg/g,Gel,804962,https://www.moph.gov.lb/en/Drugs/view/5536
3204,J05AH02,VIRIFLU,G,Oseltamivir - 75mg,75mg,Capsule,1371615,https://www.moph.gov.lb/en/Drugs/view/3204
3139,J02AC03,VIROZOLE 200,G,Voriconazole - 200mg,200mg,"Tablet, film coated",47909207,https://www.moph.gov.lb/en/Drugs/view/3139
2371,G03DB08,VISANNE,B,Dienogest - 2mg,2mg,Tablet,4980280,https://www.moph.gov.lb/en/Drugs/view/2371
634,A11CC05,VIT-X-FORTE,G,"Vitamin D3 - 10,000IU","10,000IU",Capsule,895895,https://www.moph.gov.lb/en/Drugs/view/634
910,B03AD,VITA-FERIN C,G,"Ferrous fumarate - 300mg, Folic acid - 0.5mg, Vitamin C - 200mg",,Capsule,716268,https://www.moph.gov.lb/en/Drugs/view/910
607,A11AA,VITA-GERIN,G,"Ginseng extract - 40mg, Vitamin A, palmitate - 2667IU, Vitamin D3 - 200IU, ?-Tocopheryl acetate - 10mg, Thiamine mononitrate - 1.4mg, Riboflavine - 1.6mg, Pyridoxine HCl - 2mg, Cyanocobalamin - 1mcg, Biotin - 150mcg, Nicotinamide - 18mg, Ascorbic acid - 60mg, Folic acid - 100mcg, Calcium phosphate - 100mg, Lecithin - 100mg, Magnesium sulfate - 10mg, Iron sulphate - 10mg, Copper sulfate - 2mg, Sodium selenite anhydrous - 50mcg, Zinc sulfate - 1mg",,Capsule,1342499,https://www.moph.gov.lb/en/Drugs/view/607
613,A11BA,VITALIPID N INFANT,B,"Vitamin A - 230IU/ml, Vitamin D2 - 40IU/ml, Vitamin E - 0.7IU/ml, Vitamin K1 - 20mcg/ml",,Injectable concentrate for solution,2448481,https://www.moph.gov.lb/en/Drugs/view/613
680,A11GA01,VITAMIN C S.A.L.F.,G,Ascorbic acid (vit C) - 500mg/5ml,500mg/5ml,Injectable solution,498566,https://www.moph.gov.lb/en/Drugs/view/680
673,A11DB,VITANOR,G,"Vitamin B1 - 250mg, Vitamin B6 - 250mg, Vitamin B12 - 500mcg",,"Tablet, film coated",946065,https://www.moph.gov.lb/en/Drugs/view/673
698,A12AX,VITAQPLUS,G,"Vitamin K2 - 0.05mg, Colecalciferol - 400IU, Calcium - 300mg",,Tablet,2500891,https://www.moph.gov.lb/en/Drugs/view/698
633,A11CC05,VITEX D3,G,"Vitamin D3 - 10,000IU","10,000IU",Capsule,447500,https://www.moph.gov.lb/en/Drugs/view/633
911,B03AD,VITEXFER,G,"Folic acid - 1mg, Ascorbic acid - 200mg, Iron ferrous fumarate - 100mg",,"Tablet, film coated",791523,https://www.moph.gov.lb/en/Drugs/view/911
3212,J05AR06,VITRICOMB,G,"Emtricitabine - 200mg, Tenofovir disoproxil fumarate - 300mg, Efavirenz - 600mg",,"Tablet, film coated",22191783,https://www.moph.gov.lb/en/Drugs/view/3212
3018,J01MA12,VLOFINOX,G,Levofloxacin (hemihydrate) - 500mg/100ml,500mg/100ml,Injectable solution,814369,https://www.moph.gov.lb/en/Drugs/view/3018
559,A10BH02,VLUDIN,G,Vildagliptin - 50mg,50mg,Tablet,767910,https://www.moph.gov.lb/en/Drugs/view/559
560,A10BH02,VLUDIN,G,Vildagliptin - 50mg,50mg,Tablet,767910,https://www.moph.gov.lb/en/Drugs/view/560
501,A10BD08,VLUDIN MET,G,"Metformin HCl - 1000mg, Vildagliptin - 50mg",,"Tablet, film coated",735914,https://www.moph.gov.lb/en/Drugs/view/501
505,A10BD08,VLUDIN MET,G,"Metformin HCl - 850mg, Vildagliptin - 50mg",,"Tablet, film coated",735914,https://www.moph.gov.lb/en/Drugs/view/505
1795,C09DB02,VOCADO,B,"Olmesartan medoxomil - 20mg, Amlodipine besylate - 5mg",,"Tablet, film coated",971598,https://www.moph.gov.lb/en/Drugs/view/1795
1798,C09DB02,VOCADO,B,"Olmesartan medoxomil - 40mg, Amlodipine besylate - 5mg",,"Tablet, film coated",1103295,https://www.moph.gov.lb/en/Drugs/view/1798
1801,C09DB02,VOCADO,B,"Olmesartan medoxomil - 40mg, Amlodipine besylate - 10mg",,"Tablet, film coated",1186613,https://www.moph.gov.lb/en/Drugs/view/1801
1830,C09DX03,VOCADO HCT,B,"Olmesartan medoxomil - 40mg, Amlodipine - 10mg, Hydrochlorothiazide - 25mg",,"Tablet, film coated",1523917,https://www.moph.gov.lb/en/Drugs/view/1830
1832,C09DX03,VOCADO HCT,B,"Olmesartan medoxomil - 40mg, Amlodipine - 10mg, Hydrochlorothiazide - 12.5mg",,"Tablet, film coated",1523917,https://www.moph.gov.lb/en/Drugs/view/1832
1834,C09DX03,VOCADO HCT,B,"Olmesartan medoxomil - 20mg, Amlodipine - 5mg, Hydrochlorothiazide - 12.5mg",,"Tablet, film coated",1482258,https://www.moph.gov.lb/en/Drugs/view/1834
1836,C09DX03,VOCADO HCT,B,"Olmesartan medoxomil - 40mg, Amlodipine - 5mg, Hydrochlorothiazide - 25mg",,"Tablet, film coated",1523917,https://www.moph.gov.lb/en/Drugs/view/1836
1838,C09DX03,VOCADO HCT,B,"Olmesartan medoxomil - 40mg, Amlodipine - 5mg, Hydrochlorothiazide - 12.5mg",,"Tablet, film coated",1523917,https://www.moph.gov.lb/en/Drugs/view/1838
4650,N03AX12,VOLAR,G,Gabapentin - 300mg,300mg,Capsule,1100607,https://www.moph.gov.lb/en/Drugs/view/4650
3037,J01MA12,VOLCIDIN,G,Levofloxacin (hemihydrate) - 500mg,500mg,Tablet,849820,https://www.moph.gov.lb/en/Drugs/view/3037
4084,M01AB05,VOLDEN,G,Diclofenac sodium - 75mg/3ml,75mg/3ml,Injectable solution,422351,https://www.moph.gov.lb/en/Drugs/view/4084
4235,M02AA15,VOLDIC,G,Diclofenac sodium (diethylamine) - 10mg/g,1%,Emulgel,172012,https://www.moph.gov.lb/en/Drugs/view/4235
4096,M01AB05,VOLDIC-K,G,Diclofenac potassium - 50mg,50mg,Tablet,239204,https://www.moph.gov.lb/en/Drugs/view/4096
4237,M02AA15,VOLTAREN EMULGEL 12HRS,B,Diclofenac Diethylamine - 23.2mg/g,23.2mg/g,Gel,1169143,https://www.moph.gov.lb/en/Drugs/view/4237
4238,M02AA15,VOLTAREN EMULGEL 12HRS,B,Diclofenac Diethylamine - 23.2mg/g,23.2mg/g,Gel,717612,https://www.moph.gov.lb/en/Drugs/view/4238
4065,M01AB05,VOLTFAST,B,Diclofenac potassium - 50mg,50mg,Powder for solution,165293,https://www.moph.gov.lb/en/Drugs/view/4065
4066,M01AB05,VOLTFAST,B,Diclofenac potassium - 50mg,50mg,Powder for solution,545600,https://www.moph.gov.lb/en/Drugs/view/4066
969,B05AA07,VOLUVEN,B,Starch poly(O-2-Hydroxyethyl)  - 6%,6%,Injectable solution,987724,https://www.moph.gov.lb/en/Drugs/view/969
191,A03FA01,VOMICARE INJECTION BP IM/IV,G,Metoclopramide - 10mg/2ml,10mg/2ml,Injectable solution,247267,https://www.moph.gov.lb/en/Drugs/view/191
5470,R06AE55,VOMINORE-JPM,G,"Meclozine HCl - 25mg, Pyridoxine HCl - 50mg",,Tablet,259362,https://www.moph.gov.lb/en/Drugs/view/5470
245,A04AA01,VOMITRON,G,Ondansetron (HCl) - 4mg/5ml,4mg/5ml,Solution,858779,https://www.moph.gov.lb/en/Drugs/view/245
246,A04AA01,VOMITRON,G,Ondansetron (HCl) - 4mg/5ml,4mg/5ml,Solution,304604,https://www.moph.gov.lb/en/Drugs/view/246
249,A04AA01,VOMITRON,G,Ondansetron - 16mg,16mg,Suppository,578492,https://www.moph.gov.lb/en/Drugs/view/249
250,A04AA01,VOMITRON,G,Ondansetron - 16mg,16mg,Suppository,304604,https://www.moph.gov.lb/en/Drugs/view/250
257,A04AA05,VONAXI,G,Palonosetron HCl - 250mcg/5ml,250mcg/5ml,Injectable solution,1490321,https://www.moph.gov.lb/en/Drugs/view/257
3003,J01MA02,VONECIP,G,Ciprofloxacin - 200mg/100ml,200mg/100ml,Injectable solution,579196,https://www.moph.gov.lb/en/Drugs/view/3003
129,A02BC08,VONSECA,G,Vonoprazan - 20mg,20mg,"Tablet, film coated",1706680,https://www.moph.gov.lb/en/Drugs/view/129
130,A02BC08,VONSECA,G,Vonoprazan - 10mg,10mg,"Tablet, film coated",1276650,https://www.moph.gov.lb/en/Drugs/view/130
2435,G04BE03,VONTA,G,Sildenafil citrate - 50mg,50mg,"Tablet, film coated",335961,https://www.moph.gov.lb/en/Drugs/view/2435
2436,G04BE03,VONTA,G,Sildenafil citrate - 50mg,50mg,"Tablet, film coated",90037,https://www.moph.gov.lb/en/Drugs/view/2436
3137,J02AC03,VORICONAZOLE STRAGEN,G,Voriconazole - 50mg,50mg,"Tablet, coated",15808184,https://www.moph.gov.lb/en/Drugs/view/3137
3140,J02AC03,VORICONAZOLE STRAGEN,G,Voriconazole - 200mg,200mg,"Tablet, coated",41794841,https://www.moph.gov.lb/en/Drugs/view/3140
3142,J02AC03,VORICONAZOLE STRAGEN,G,Voriconazole - 200mg,200mg,Injectable powder for solution,5841683,https://www.moph.gov.lb/en/Drugs/view/3142
3207,J05AP56,VOSEVI,B,"Sofosbuvir - 400mg, Velpatasvir - 100mg, Voxilaprevir - 100mg",,"Tablet, film coated",891634849,https://www.moph.gov.lb/en/Drugs/view/3207
4085,M01AB05,VOTREX,G,Diclofenac sodium - 75mg/3ml,75mg/3ml,Injectable solution,345368,https://www.moph.gov.lb/en/Drugs/view/4085
3606,L01EX03,VOTRIENT,B,Pazopanib HCl - 400mg,400mg,"Tablet, film coated",72470021,https://www.moph.gov.lb/en/Drugs/view/3606
3607,L01EX03,VOTRIENT,B,Pazopanib HCl - 400mg,400mg,"Tablet, film coated",72470021,https://www.moph.gov.lb/en/Drugs/view/3607
3608,L01EX03,VOTRIENT,B,Pazopanib HCl - 200mg,200mg,"Tablet, film coated",35112293,https://www.moph.gov.lb/en/Drugs/view/3608
3609,L01EX03,VOTRIENT,B,Pazopanib HCl - 200mg,200mg,"Tablet, film coated",35112293,https://www.moph.gov.lb/en/Drugs/view/3609
1707,C09CA08,VOTUM,B,Olmesartan medoxomil - 10mg,10mg,"Tablet, film coated",753896,https://www.moph.gov.lb/en/Drugs/view/1707
1708,C09CA08,VOTUM,B,Olmesartan medoxomil - 10mg,10mg,"Tablet, film coated",753896,https://www.moph.gov.lb/en/Drugs/view/1708
1711,C09CA08,VOTUM,B,Olmesartan medoxomil - 20mg,20mg,"Tablet, film coated",954128,https://www.moph.gov.lb/en/Drugs/view/1711
1712,C09CA08,VOTUM,B,Olmesartan medoxomil - 20mg,20mg,"Tablet, film coated",954128,https://www.moph.gov.lb/en/Drugs/view/1712
1715,C09CA08,VOTUM,B,Olmesartan medoxomil - 40mg,40mg,"Tablet, film coated",1032071,https://www.moph.gov.lb/en/Drugs/view/1715
1716,C09CA08,VOTUM,B,Olmesartan medoxomil - 40mg,40mg,"Tablet, film coated",1032071,https://www.moph.gov.lb/en/Drugs/view/1716
1766,C09DA08,VOTUM PLUS,B,"Olmesartan medoxomil - 40mg, Hydrochlorothiazide - 25mg",,"Tablet, film coated",933971,https://www.moph.gov.lb/en/Drugs/view/1766
1769,C09DA08,VOTUM PLUS,B,"Olmesartan medoxomil - 40mg, Hydrochlorothiazide - 12.5mg",,"Tablet, film coated",933971,https://www.moph.gov.lb/en/Drugs/view/1769
1772,C09DA08,VOTUM PLUS,B,"Olmesartan medoxomil - 20mg, Hydrochlorothiazide - 25mg",,"Tablet, film coated",900374,https://www.moph.gov.lb/en/Drugs/view/1772
1775,C09DA08,VOTUM PLUS,B,"Olmesartan medoxomil - 20mg, Hydrochlorothiazide - 12.5mg",,"Tablet, film coated",900374,https://www.moph.gov.lb/en/Drugs/view/1775
3066,J01XA01,VOXIN,G,Vancomycin (HCl) - 500mg,500mg,Injectable powder for solution,546944,https://www.moph.gov.lb/en/Drugs/view/3066
2639,J01AA08,VULGA XR,G,Minocycline - 105mg,105mg,"Tablet, film coated",1983512,https://www.moph.gov.lb/en/Drugs/view/2639
2640,J01AA08,VULGA XR,G,Minocycline - 80mg,80mg,"Tablet, film coated",1983512,https://www.moph.gov.lb/en/Drugs/view/2640
2641,J01AA08,VULGA XR,G,Minocycline - 55mg,55mg,"Tablet, film coated",1983512,https://www.moph.gov.lb/en/Drugs/view/2641
5127,N07XX08,VYNDAMAX,B,Tafamidis - 61mg,61mg,Capsule,784020041,https://www.moph.gov.lb/en/Drugs/view/5127
5967,N07XX08,VYNDAMAX,B,Tafamidis - 61mg,61mg,Capsule,,https://www.moph.gov.lb/en/Drugs/view/5967
5613,S01EE06,VYZULTA,B,Latanoprostene bunod - 0.024%,0.024%,Solution,1948572,https://www.moph.gov.lb/en/Drugs/view/5613
5718,V07AB01,WATER FOR INJECTION,G,Water for Injection -,,"Water for injection, irrigation",2706319,https://www.moph.gov.lb/en/Drugs/view/5718
5719,V07AB01,WATER FOR INJECTION,G,Water for Injection -,,"Water for injection, irrigation",2032899,https://www.moph.gov.lb/en/Drugs/view/5719
5720,V07AB01,WATER FOR INJECTION,G,Water for Injection -,,"Water for injection, irrigation",4365735,https://www.moph.gov.lb/en/Drugs/view/5720
5721,V07AB01,WATER FOR INJECTION/ DEMO,G,Water for injection -,,"Water for injection, irrigation",1339811,https://www.moph.gov.lb/en/Drugs/view/5721
5722,V07AB01,WATER FOR INJECTION/ DEMO,G,Water for injection -,,"Water for injection, irrigation",1103295,https://www.moph.gov.lb/en/Drugs/view/5722
569,A10BJ06,WEGOVY,B,Semaglutide - 0.25mg,0.25mg,Injectable solution,13332689,https://www.moph.gov.lb/en/Drugs/view/569
571,A10BJ06,WEGOVY,B,Semaglutide - 0.5mg,0.5mg,Injectable solution,13332689,https://www.moph.gov.lb/en/Drugs/view/571
572,A10BJ06,WEGOVY,B,Semaglutide - 0.5mg,0.5mg,Injectable solution,19207428,https://www.moph.gov.lb/en/Drugs/view/572
574,A10BJ06,WEGOVY,B,Semaglutide - 1mg,1mg,Injectable solution,13330172,https://www.moph.gov.lb/en/Drugs/view/574
577,A10BJ06,WEGOVY,B,Semaglutide - 2.4mg,2.4mg,Injectable solution,31996440,https://www.moph.gov.lb/en/Drugs/view/577
578,A10BJ06,WEGOVY,B,Semaglutide - 1.7mg,1.7mg,Injectable solution,22659530,https://www.moph.gov.lb/en/Drugs/view/578
3776,L01XX74,WELIREG,B,Belzutifan - 40mg,40mg,"Tablet, film coated",1550772301,https://www.moph.gov.lb/en/Drugs/view/3776
874,B02BD06,WILATE 500,BioHuman,"Von Willebrand Factor - 500IU, Blood Coagulation Factor VIII - 500IU",,Injectable powder for solution+diluent,45258360,https://www.moph.gov.lb/en/Drugs/view/874
2838,J01DD08,WINEX,G,Cefixime (trihydrate) - 100mg/5ml,100mg/5ml,Suspension,700142,https://www.moph.gov.lb/en/Drugs/view/2838
2843,J01DD08,WINEX,G,Cefixime (trihydrate) - 200mg,200mg,Capsule,731050,https://www.moph.gov.lb/en/Drugs/view/2843
2854,J01DD08,WINEX,G,Cefixime (trihydrate) - 400mg,400mg,Capsule,1307559,https://www.moph.gov.lb/en/Drugs/view/2854
1373,C02KX06,WINREVAIR,BioTech,Sotatercept - 60mg,60mg,Injectable powder for solution+solvent,2051905569,https://www.moph.gov.lb/en/Drugs/view/1373
1374,C02KX06,WINREVAIR,BioTech,Sotatercept - 60mg,60mg,Injectable powder for solution+solvent,1025952267,https://www.moph.gov.lb/en/Drugs/view/1374
1375,C02KX06,WINREVAIR,BioTech,Sotatercept - 45mg,45mg,Injectable powder for solution+solvent,1538929435,https://www.moph.gov.lb/en/Drugs/view/1375
1376,C02KX06,WINREVAIR,BioTech,Sotatercept - 45mg,45mg,Injectable powder for solution+solvent,769464200,https://www.moph.gov.lb/en/Drugs/view/1376
4333,M05BX04,WYOST,BioTech,Denosumab - 120mg,120mg,Injectable solution,23351201,https://www.moph.gov.lb/en/Drugs/view/4333
5594,S01ED51,XALACOM,B,"Timolol (maleate) - 6.8mg/ml, Latanoprost - 50?g/ml",,Drops solution,510660,https://www.moph.gov.lb/en/Drugs/view/5594
5605,S01EE01,XALAPROST,G,Latanoprost - 0.005% w/v,0.005% w/v,Drops solution,421967,https://www.moph.gov.lb/en/Drugs/view/5605
5603,S01EE01,XALATAN,B,Latanoprost - 50mcg/ml,50mcg/ml,Drops solution,704173,https://www.moph.gov.lb/en/Drugs/view/5603
4851,N05AX12,XALIPRO,G,Aripiprazole - 10mg,10mg,Tablet,2123271,https://www.moph.gov.lb/en/Drugs/view/4851
4859,N05AX12,XALIPRO,G,Aripiprazole - 15mg,15mg,Tablet,2418917,https://www.moph.gov.lb/en/Drugs/view/4859
4863,N05AX12,XALIPRO,G,Aripiprazole - 5mg,5mg,Tablet,1746995,https://www.moph.gov.lb/en/Drugs/view/4863
3544,L01ED01,XALKORI,B,Crizotinib - 250mg,250mg,Capsule,347644061,https://www.moph.gov.lb/en/Drugs/view/3544
3545,L01ED01,XALKORI,B,Crizotinib - 200mg,200mg,Capsule,347644061,https://www.moph.gov.lb/en/Drugs/view/3545
5813,L01ED01,XALKORI,B,Crizotinib - 250mg,250mg,Capsule,,https://www.moph.gov.lb/en/Drugs/view/5813
4892,N05BA12,XANAX,B,Alprazolam - 0.5mg,0.5mg,Tablet,477064,https://www.moph.gov.lb/en/Drugs/view/4892
810,B01AF01,XARELTO,B,Rivaroxaban - 2.5mg,2.5mg,"Tablet, film coated",4045168,https://www.moph.gov.lb/en/Drugs/view/810
812,B01AF01,XARELTO,B,Rivaroxaban - 15mg,15mg,"Tablet, film coated",4440862,https://www.moph.gov.lb/en/Drugs/view/812
819,B01AF01,XARELTO,B,Rivaroxaban - 20mg,20mg,"Tablet, film coated",4440862,https://www.moph.gov.lb/en/Drugs/view/819
825,B01AF01,XARELTO,B,Rivaroxaban - 10mg,10mg,"Tablet, film coated",2444450,https://www.moph.gov.lb/en/Drugs/view/825
2493,G04CA01,XATRAL XL,B,Alfuzosin HCl - 10mg,10mg,"Tablet, prolonged release",1061636,https://www.moph.gov.lb/en/Drugs/view/2493
816,B01AF01,XAVIRAN,G,Rivaroxaban - 15mg,15mg,"Tablet, film coated",952208,https://www.moph.gov.lb/en/Drugs/view/816
823,B01AF01,XAVIRAN,G,Rivaroxaban - 20mg,20mg,"Tablet, film coated",952208,https://www.moph.gov.lb/en/Drugs/view/823
829,B01AF01,XAVIRAN,G,Rivaroxaban - 10mg,10mg,"Tablet, film coated",606649,https://www.moph.gov.lb/en/Drugs/view/829
3885,L04AA29,XELJANZ,B,Tofacitinib - 5mg,5mg,Tablet,80685473,https://www.moph.gov.lb/en/Drugs/view/3885
5875,L04AA29,XELJANZ,B,Tofacitinib - 5mg,5mg,Tablet,,https://www.moph.gov.lb/en/Drugs/view/5875
3889,L04AA29,XELJANZ XR,B,Tofacitinib - 11mg,11mg,"Tablet, extended release",78687316,https://www.moph.gov.lb/en/Drugs/view/3889
3394,L01BC06,XELODA,B,Capecitabine - 500mg,500mg,"Tablet, film coated",17946398,https://www.moph.gov.lb/en/Drugs/view/3394
2145,D07AC13,XEMADERM,G,Mometasone furoate - 0.1%,0.1%,Cream,335961,https://www.moph.gov.lb/en/Drugs/view/2145
347,A08AB01,XENICAL,B,Orlistat - 120mg,120mg,Capsule,4036903,https://www.moph.gov.lb/en/Drugs/view/347
4255,M03AX01,XEOMIN,BioTech,Clostridium botulinum type A neurotoxin complex - 100 units LD50,100 units LD50,Injectable powder for solution,20517541,https://www.moph.gov.lb/en/Drugs/view/4255
4260,M03AX01,XEOMIN,BioTech,Clostridium botulinum type A neurotoxin complex - 50 units LD50,50 units LD50,Injectable powder for solution,11920109,https://www.moph.gov.lb/en/Drugs/view/4260
3773,L01XX52,XERVEXTA,G,Venetoclax - 100mg,100mg,"Tablet, film coated",407797574,https://www.moph.gov.lb/en/Drugs/view/3773
3775,L01XX52,XERVEXTA STARTING PACK,G,"Venetoclax - 10mg week 1, Venetoclax - 50mg week 2, Venetoclax - 100mg week 3&4",,"Tablet, film coated",110006000,https://www.moph.gov.lb/en/Drugs/view/3775
2868,J01DD15,XEVANEER,G,Cefdinir - 125mg/5ml,125mg/5ml,Powder for suspension,1308903,https://www.moph.gov.lb/en/Drugs/view/2868
2869,J01DD15,XEVANEER,G,Cefdinir - 125mg/5ml,125mg/5ml,Powder for suspension,686704,https://www.moph.gov.lb/en/Drugs/view/2869
2874,J01DD15,XEVANEER,G,Cefdinir - 300mg,300mg,Capsule,1350562,https://www.moph.gov.lb/en/Drugs/view/2874
4334,M05BX04,XGEVA,BioTech,Denosumab - 120mg,120mg,Injectable solution,33545669,https://www.moph.gov.lb/en/Drugs/view/4334
516,A10BD15,XIGDUO XR,B,"Metformin HCl XR - 1000mg, Dapagliflozin - 5mg",,Tablet,3867041,https://www.moph.gov.lb/en/Drugs/view/516
520,A10BD15,XIGDUO XR,B,"Metformin HCl XR - 1000mg, Dapagliflozin - 10mg",,Tablet,3006579,https://www.moph.gov.lb/en/Drugs/view/520
2590,H02AB06,XILONE FORTE,G,Prednisolone sodium phosphate - 15mg/5ml,15mg/5ml,Solution,413903,https://www.moph.gov.lb/en/Drugs/view/2590
1995,C10AX09,XIMACOL,G,Ezetimibe - 10mg,10mg,Tablet,1894818,https://www.moph.gov.lb/en/Drugs/view/1995
5351,R03DX05,XOLAIR,BioTech,Omalizumab - 150mg,150mg,Injectable solution,30766872,https://www.moph.gov.lb/en/Drugs/view/5351
5851,R03DX05,XOLAIR,BioTech,Omalizumab - 150mg,150mg,Injectable solution,,https://www.moph.gov.lb/en/Drugs/view/5851
5593,S01ED51,XOLAMOL,G,"Timolol (maleate) - 5mg/ml, Dorzolamide HCl - 20mg/ml",,Drops solution,678640,https://www.moph.gov.lb/en/Drugs/view/5593
3800,L02BB04,XTANDI,B,Enzalutamide - 40mg,40mg,"Capsule, soft",278248572,https://www.moph.gov.lb/en/Drugs/view/3800
396,A10AE56,XULTOPHY,BioTech,"Insulin degludec - 100U/ml, Liraglutide - 3.6mg/ml",,Injectable solution,13503847,https://www.moph.gov.lb/en/Drugs/view/396
397,A10AE56,XULTOPHY,BioTech,"Insulin degludec - 100U/ml, Liraglutide - 3.6mg/ml",,Injectable solution,13503847,https://www.moph.gov.lb/en/Drugs/view/397
5192,R01AA07,XYLO-COMOD,G,Xylometazoline HCl - 0.1%,0.1%,Solution,498566,https://www.moph.gov.lb/en/Drugs/view/5192
2072,D04AB01,XYLOCAINE,B,Lidocaine - 10mg/spray dose,100mg/ml,Spray,667890,https://www.moph.gov.lb/en/Drugs/view/2072
862,B02BD02,XYNTHA,BioTech,Moroctocog alfa - 500IU,500IU,Injectable lyophilised powder for solution+diluent,23067288,https://www.moph.gov.lb/en/Drugs/view/862
5804,B02BD02,XYNTHA,BioTech,Moroctocog alfa - 500IU,500IU,Injectable lyophilised powder for solution+diluent,,https://www.moph.gov.lb/en/Drugs/view/5804
5906,B02BD02,XYNTHA,BioTech,Moroctocog alfa - 500IU,500IU,Injectable lyophilised powder for solution+diluent,,https://www.moph.gov.lb/en/Drugs/view/5906
5463,R06AE09,XYZAL,B,Levocetirizine dihydrochloride - 5mg,5mg,"Tablet, film coated",572477,https://www.moph.gov.lb/en/Drugs/view/5463
2719,J01CR05,YANOVEN,G,"Piperacillin (sodium) - 2g, Tazobactam (sodium) - 0.25g",,Injectable powder for solution+diluent,830623,https://www.moph.gov.lb/en/Drugs/view/2719
2720,J01CR05,YANOVEN,G,"Piperacillin (sodium) - 2g, Tazobactam (sodium) - 0.25g",,Injectable powder for solution+diluent,7236698,https://www.moph.gov.lb/en/Drugs/view/2720
2721,J01CR05,YANOVEN,G,"Piperacillin (sodium) - 2g, Tazobactam (sodium) - 0.25g",,Injectable powder for solution,830623,https://www.moph.gov.lb/en/Drugs/view/2721
2733,J01CR05,YANOVEN,G,"Piperacillin (sodium) - 4g, Tazobactam (sodium) - 0.5g",,Injectable powder for solution,997259,https://www.moph.gov.lb/en/Drugs/view/2733
2734,J01CR05,YANOVEN,G,"Piperacillin (sodium) - 4g, Tazobactam (sodium) - 0.5g",,Injectable powder for solution,10860623,https://www.moph.gov.lb/en/Drugs/view/2734
2327,G03AA12,YASMIN,B,"Drospirenone - 3mg, Ethinylestradiol - 30mcg",,"Tablet, film coated",616824,https://www.moph.gov.lb/en/Drugs/view/2327
5065,N06DA02,YASNAL Q-TAB,G,Donepezil - 10mg,10mg,"Tablet, orodispersible",1376095,https://www.moph.gov.lb/en/Drugs/view/5065
5067,N06DA02,YASNAL Q-TAB,G,Donepezil - 5mg,5mg,"Tablet, orodispersible",1376095,https://www.moph.gov.lb/en/Drugs/view/5067
2329,G03AA12,YAZ,B,"Drospirenone - 3mg, Ethinylestradiol - 20mcg",,"Tablet, film coated",1177206,https://www.moph.gov.lb/en/Drugs/view/2329
3300,J07BL01,"YELLOW FEVER VACCINE, LIVE, FREEZE DRIED",BioTech,"Yellow Fever virus, 17D strain - no less than 1600PFU/0.5ml",,Injectable lyophilisate for solution,3527587,https://www.moph.gov.lb/en/Drugs/view/3300
3693,L01FX04,YERVOY,BioTech,Ipilimumab - 50mg/10ml,50mg/10ml,Injectable solution,332262937,https://www.moph.gov.lb/en/Drugs/view/3693
5793,L01FX04,YERVOY,BioTech,Ipilimumab - 50mg/10ml,50mg/10ml,Injectable solution,,https://www.moph.gov.lb/en/Drugs/view/5793
3470,L01CX01,YONDELIS,B,Trabectedin - 1mg,1mg,Injectable powder for solution,126536515,https://www.moph.gov.lb/en/Drugs/view/3470
5311,R03BB08,YUPELRI,B,Revefenacin - 175mcg/3ml,175mcg/3ml,Inhalation solution,3104276,https://www.moph.gov.lb/en/Drugs/view/5311
2860,J01DD13,ZAKON,G,Cefpodoxime (proxetil) - 100mg/5ml,100mg/5ml,Powder for suspension,1116733,https://www.moph.gov.lb/en/Drugs/view/2860
5168,P02CA03,ZALBENDOL,G,Albendazole - 200mg,200mg,Tablet,127985,https://www.moph.gov.lb/en/Drugs/view/5168
1583,C08DB01,ZALDEM,G,Diltiazem HCl - 60mg,60mg,"Tablet, scored",199657,https://www.moph.gov.lb/en/Drugs/view/1583
1584,C08DB01,ZALDEM CR,G,Diltiazem HCl - 180mg,180mg,"Capsule, controlled release",966287,https://www.moph.gov.lb/en/Drugs/view/1584
1585,C08DB01,ZALDEM CR,G,Diltiazem HCl - 120mg,120mg,"Capsule, controlled release",517059,https://www.moph.gov.lb/en/Drugs/view/1585
1586,C08DB01,ZALDEM CR,G,Diltiazem HCl - 240mg,240mg,"Capsule, controlled release",1002123,https://www.moph.gov.lb/en/Drugs/view/1586
4422,N02AJ13,ZALDIAR,B,"Paracetamol - 325mg, Tramadol - 37.5mg",,"Tablet, film coated",704173,https://www.moph.gov.lb/en/Drugs/view/4422
5624,S01GX08,ZALERG,G,Ketotifen - 0.25mg/ml,0.25mg/ml,Drops solution,446156,https://www.moph.gov.lb/en/Drugs/view/5624
4852,N05AX12,ZALONIL,G,Aripiprazole - 10mg,10mg,"Tablet, orodispersible",1988887,https://www.moph.gov.lb/en/Drugs/view/4852
4860,N05AX12,ZALONIL,G,Aripiprazole - 15mg,15mg,"Tablet, orodispersible",2426980,https://www.moph.gov.lb/en/Drugs/view/4860
3768,L01XX44,ZALTRAP,BioTech,Aflibercept - 100mg/4ml,100mg/4ml,Injectable concentrate for solution,35658713,https://www.moph.gov.lb/en/Drugs/view/3768
3769,L01XX44,ZALTRAP,BioTech,Aflibercept - 100mg/4ml,100mg/4ml,Injectable concentrate for solution,35658713,https://www.moph.gov.lb/en/Drugs/view/3769
3770,L01XX44,ZALTRAP,BioTech,Aflibercept - 200mg/8ml,200mg/8ml,Injectable concentrate for solution,63807499,https://www.moph.gov.lb/en/Drugs/view/3770
3771,L01XX44,ZALTRAP,BioTech,Aflibercept - 200mg/8ml,200mg/8ml,Injectable concentrate for solution,63807499,https://www.moph.gov.lb/en/Drugs/view/3771
5149,P01AB01,ZANOMET,G,Metronidazole - 500mg,500mg,Tablet,325082,https://www.moph.gov.lb/en/Drugs/view/5149
817,B01AF01,ZARLAN,G,Rivaroxaban - 15mg,15mg,"Tablet, film coated",2015764,https://www.moph.gov.lb/en/Drugs/view/817
818,B01AF01,ZARLAN,G,Rivaroxaban - 15mg,15mg,"Tablet, film coated",1343843,https://www.moph.gov.lb/en/Drugs/view/818
824,B01AF01,ZARLAN,G,Rivaroxaban - 20mg,20mg,"Tablet, film coated",1343843,https://www.moph.gov.lb/en/Drugs/view/824
830,B01AF01,ZARLAN,G,Rivaroxaban - 10mg,10mg,"Tablet, film coated",1439255,https://www.moph.gov.lb/en/Drugs/view/830
3838,L03AA02,ZARZIO,BioTech,Filgrastim - 300mcg/0.5ml,30MU/0.5ml,Injectable solution,13053190,https://www.moph.gov.lb/en/Drugs/view/3838
3839,L03AA02,ZARZIO,BioTech,Filgrastim - 300mcg/0.5ml,30MU/0.5ml,Injectable solution,13053190,https://www.moph.gov.lb/en/Drugs/view/3839
3481,L01DB06,ZAVEDOS,B,Idarubicin HCl - 10mg,10mg,Injectable freeze dried material,12071013,https://www.moph.gov.lb/en/Drugs/view/3481
2876,J01DD52,ZAVICEFTA,B,"Ceftazidime - 2g, Avibactam - 0.5g",,Injectable powder for concentrate for solution,101659975,https://www.moph.gov.lb/en/Drugs/view/2876
4603,N03AF04,ZEBINIX,B,Eslicarbazepine acetate - 800mg,800mg,Tablet,10075439,https://www.moph.gov.lb/en/Drugs/view/4603
4972,N06AB10,ZELAX 10,G,Escitalopram (oxalate) - 10mg,10mg,Caplet,833182,https://www.moph.gov.lb/en/Drugs/view/4972
4983,N06AB10,ZELAX 20,G,Escitalopram (oxalate) - 20mg,20mg,Caplet,1544075,https://www.moph.gov.lb/en/Drugs/view/4983
3541,L01EC01,ZELBORAF,B,Vemurafenib - 240mg,240mg,"Tablet, film coated",142041587,https://www.moph.gov.lb/en/Drugs/view/3541
5843,L01EC01,ZELBORAF,B,Vemurafenib - 240mg,240mg,"Tablet, film coated",,https://www.moph.gov.lb/en/Drugs/view/5843
1996,C10AX09,ZEMIL,G,Ezetimibe - 10mg,10mg,Tablet,944529,https://www.moph.gov.lb/en/Drugs/view/1996
5169,P02CA03,ZENTEL,B,Albendazole - 400mg,400mg,Tablet,169324,https://www.moph.gov.lb/en/Drugs/view/5169
5270,R03AK12,ZEPHIRUS,B,"Salmeterol - 20mcg, Budesonide - 120mcg",,"Capsule, inhalation",1412378,https://www.moph.gov.lb/en/Drugs/view/5270
5271,R03AK12,ZEPHIRUS,B,"Salmeterol - 20mcg, Budesonide - 240mcg",,"Capsule, inhalation",1678459,https://www.moph.gov.lb/en/Drugs/view/5271
2920,J01DI54,ZERBAXA,B,"Ceftolozane Sulfate - 1g, Tazobactam (sodium) - 0.5g",,Injectable powder for concentrate for solution,74780802,https://www.moph.gov.lb/en/Drugs/view/2920
497,A10BD07,ZERILUX,G,Sitagliptin - 25mg/ml,25mg/ml,Solution,1172179,https://www.moph.gov.lb/en/Drugs/view/497
3067,J01XA01,ZERMACIN,G,Vancomycin (HCl) - 0.5g,0.5g,Injectable sterile lyophilised powder for solution,840861,https://www.moph.gov.lb/en/Drugs/view/3067
3068,J01XA01,ZERMACIN,G,Vancomycin (HCl) - 0.5g,0.5g,Injectable sterile lyophilised powder for solution,5875791,https://www.moph.gov.lb/en/Drugs/view/3068
3070,J01XA01,ZERMACIN,G,Vancomycin (HCl) - 1g,1g,Injectable lyophilised powder for solution,1066115,https://www.moph.gov.lb/en/Drugs/view/3070
3071,J01XA01,ZERMACIN,G,Vancomycin (HCl) - 1g,1g,Injectable lyophilised powder for solution,6911190,https://www.moph.gov.lb/en/Drugs/view/3071
3093,J01XX08,ZERSA,G,Linezolide - 600mg/300ml,600mg/300ml,Injectable solution,3303165,https://www.moph.gov.lb/en/Drugs/view/3093
3098,J01XX08,ZERSA,G,Linezolide - 100mg/5ml,100mg/5ml,Suspension,20406792,https://www.moph.gov.lb/en/Drugs/view/3098
1621,C09BA03,ZESTORETIC,B,"Lisinopril (dihydrate) - 20mg, Hydrochlorothiazide - 12.5mg",,Tablet,663858,https://www.moph.gov.lb/en/Drugs/view/1621
1595,C09AA03,ZESTRIL,B,Lisinopril (dihydrate) - 5mg,5mg,Tablet,295645,https://www.moph.gov.lb/en/Drugs/view/1595
1597,C09AA03,ZESTRIL,B,Lisinopril (dihydrate) - 10mg,10mg,Tablet,592635,https://www.moph.gov.lb/en/Drugs/view/1597
1598,C09AA03,ZESTRIL,B,Lisinopril (dihydrate) - 20mg,20mg,Tablet,636981,https://www.moph.gov.lb/en/Drugs/view/1598
2102,D06AX01,ZETA,G,Fusidic acid - 20mg/g,20mg/g,Cream,178731,https://www.moph.gov.lb/en/Drugs/view/2102
2171,D07CC01,ZETA-CORT,G,"Fusidic acid - 20mg/g, Betamethasone (valerate) - 1mg/g",,Cream,244579,https://www.moph.gov.lb/en/Drugs/view/2171
2955,J01FA10,ZETRON,G,Azithromycin (dihydrate) - 250mg,250mg,Capsule,360150,https://www.moph.gov.lb/en/Drugs/view/2955
2956,J01FA10,ZEVLEN,G,Azithromycin (dihydrate) - 250mg,250mg,"Tablet, film coated",409552,https://www.moph.gov.lb/en/Drugs/view/2956
2918,J01DI01,ZEVTERA,B,Ceftobiprole medocaril Sodium - 500mg,500mg,Injectable powder for concentrate for solution,47129773,https://www.moph.gov.lb/en/Drugs/view/2918
3842,L03AA13,ZIEXTENZO,BioTech,Pegfilgrastim - 6mg,6mg,Injectable solution,42676168,https://www.moph.gov.lb/en/Drugs/view/3842
5876,L03AA13,ZIEXTENZO,BioTech,Pegfilgrastim - 6mg,6mg,Injectable solution,,https://www.moph.gov.lb/en/Drugs/view/5876
2758,J01DC02,ZILISTEN,G,Cefuroxime (sodium) - 750mg,750mg,Injectable dry powder,155886,https://www.moph.gov.lb/en/Drugs/view/2758
2957,J01FA10,ZIMAX,G,Azithromycin (dihydrate) - 250mg,250mg,Capsule,360150,https://www.moph.gov.lb/en/Drugs/view/2957
5120,N07CA03,ZINASEN,G,Flunarizine (HCl) - 10mg,10mg,Tablet,591291,https://www.moph.gov.lb/en/Drugs/view/5120
2919,J01DI02,ZINFORO,G,Ceftaroline fosamil - 600mg,600mg,Injectable powder for concentrate for solution,44995862,https://www.moph.gov.lb/en/Drugs/view/2919
2749,J01DC02,ZINNAT,B,Cefuroxime (axetil) - 250mg,250mg,"Tablet, film coated",349399,https://www.moph.gov.lb/en/Drugs/view/2749
2750,J01DC02,ZINNAT,B,Cefuroxime (axetil) - 250mg/5ml,250mg/5ml,Granules for suspension,1120782,https://www.moph.gov.lb/en/Drugs/view/2750
2759,J01DC02,ZINNAT,B,Cefuroxime (axetil) - 500mg,500mg,"Tablet, film coated",908603,https://www.moph.gov.lb/en/Drugs/view/2759
2763,J01DC02,ZINOXIMOR,G,Cefuroxime (axetil) - 500mg,500mg,"Tablet, film coated",698798,https://www.moph.gov.lb/en/Drugs/view/2763
1490,C07AB07,ZIOPROL,G,Bisoprolol - 5mg,5mg,"Tablet, film coated",409552,https://www.moph.gov.lb/en/Drugs/view/1490
1676,C09CA04,ZIOREL,G,Irbesartan - 150mg,150mg,"Tablet, film coated",575933,https://www.moph.gov.lb/en/Drugs/view/1676
1685,C09CA04,ZIOREL,G,Irbesartan - 300mg,300mg,"Tablet, film coated",575933,https://www.moph.gov.lb/en/Drugs/view/1685
1745,C09DA04,ZIOREL PLUS,G,"Irbesartan - 150mg, Hydrochlorothiazide - 12.5mg",,"Tablet, film coated",559294,https://www.moph.gov.lb/en/Drugs/view/1745
1752,C09DA04,ZIOREL PLUS,G,"Irbesartan - 300mg, Hydrochlorothiazide - 12.5mg",,"Tablet, film coated",559294,https://www.moph.gov.lb/en/Drugs/view/1752
3682,L01FG01,ZIRABEV,BioTech,Bevacizumab - 400mg/16ml,400mg/16ml,Injectable solution,49965229,https://www.moph.gov.lb/en/Drugs/view/3682
3689,L01FG01,ZIRABEV,BioTech,Bevacizumab - 100mg/4ml,100mg/4ml,Injectable solution,14800115,https://www.moph.gov.lb/en/Drugs/view/3689
4674,N03AX14,ZITERA,G,Levetiracetam - 500mg,500mg,"Tablet, film coated",2203902,https://www.moph.gov.lb/en/Drugs/view/4674
4682,N03AX14,ZITERA,G,"Levetiracetam - 1,000mg","1,000mg","Tablet, film coated",3225222,https://www.moph.gov.lb/en/Drugs/view/4682
2963,J01FA10,ZITHROFORTE,G,Azithromycin (dihydrate) - 500mg,500mg,"Tablet, film coated",485127,https://www.moph.gov.lb/en/Drugs/view/2963
2946,J01FA10,ZITHROMAX,B,Azithromycin (dihydrate) - 300mg/7.5ml,300mg/7.5ml,Powder for suspension,489159,https://www.moph.gov.lb/en/Drugs/view/2946
2947,J01FA10,ZITHROMAX,B,Azithromycin (dihydrate) - 250mg,250mg,Capsule,591291,https://www.moph.gov.lb/en/Drugs/view/2947
239,A04AA01,ZOFAMED ODT,G,Ondansetron - 8mg,8mg,"Tablet, orodispersible",998283,https://www.moph.gov.lb/en/Drugs/view/239
211,A04AA01,ZOFRAN,B,Ondansetron (HCl dihydrate) - 8mg,8mg,"Tablet, film coated",6323076,https://www.moph.gov.lb/en/Drugs/view/211
218,A04AA01,ZOFRAN INJECTION,B,Ondansetron (HCl dihydrate) - 4mg/2ml,4mg/2ml,Injectable solution,7273246,https://www.moph.gov.lb/en/Drugs/view/218
225,A04AA01,ZOFRAN INJECTION,B,Ondansetron (HCl dihydrate) - 8mg/4ml,8mg/4ml,Injectable solution,9742118,https://www.moph.gov.lb/en/Drugs/view/225
3779,L02AE03,ZOLADEX  DEPOT,B,Goserelin (acetate) - 3.6mg,3.6mg,Injectable suspension,8820074,https://www.moph.gov.lb/en/Drugs/view/3779
3780,L02AE03,ZOLADEX LA,B,Goserelin (acetate) - 10.8mg,10.8mg,Injectable suspension,35121328,https://www.moph.gov.lb/en/Drugs/view/3780
5778,L02AE03,ZOLADEX LA,B,Goserelin (acetate) - 10.8mg,10.8mg,Injectable suspension,,https://www.moph.gov.lb/en/Drugs/view/5778
4777,N05AH03,ZOLAPINE,G,Olanzapine - 5mg,5mg,"Tablet, orodispersible",1186165,https://www.moph.gov.lb/en/Drugs/view/4777
4786,N05AH03,ZOLAPINE,G,Olanzapine - 10mg,10mg,"Tablet, orodispersible",2106249,https://www.moph.gov.lb/en/Drugs/view/4786
4323,M05BA08,ZOLEDRA,G,Zoledronic acid - 4mg,4mg,Injectable powder for solution,6368470,https://www.moph.gov.lb/en/Drugs/view/4323
4324,M05BA08,ZOLEDRO-DENK,G,Zoledronic acid - 4mg/5ml,4mg/5ml,Injectable concentrate for solution,4388990,https://www.moph.gov.lb/en/Drugs/view/4324
5893,M05BA08,ZOLEDRO-DENK,G,Zoledronic acid - 4mg/5ml,4mg/5ml,Injectable concentrate for solution,,https://www.moph.gov.lb/en/Drugs/view/5893
4325,M05BA08,ZOLEDRONIC ACID ACCORD,G,Zoledronic acid - 4mg/5ml,4mg/5ml,Injectable concentrate for solution,7028741,https://www.moph.gov.lb/en/Drugs/view/4325
4326,M05BA08,ZOLEDRONIC ACID HIKMA,G,Zoledronic acid (monohydrate) - 4mg/5ml,4mg/5ml,Injectable concentrate for solution,9098466,https://www.moph.gov.lb/en/Drugs/view/4326
5467,R06AE09,ZOLICIN,G,Levocetirizine dihydrochloride - 5mg,5mg,"Tablet, film coated",228453,https://www.moph.gov.lb/en/Drugs/view/5467
5469,R06AE09,ZOLICIN,G,Levocetirizine dihydrochloride - 0.5mg/ml,0.5mg/ml,Solution,663858,https://www.moph.gov.lb/en/Drugs/view/5469
4580,N02CC03,ZOLMITRIPTAN ARROW GENERIGUES,G,Zolmitriptan - 2.5mg,2.5mg,"Tablet, film coated",1726838,https://www.moph.gov.lb/en/Drugs/view/4580
4581,N02CC03,ZOLMITRIPTAN ARROW GENERIGUES,G,Zolmitriptan - 2.5mg,2.5mg,"Tablet, film coated",857372,https://www.moph.gov.lb/en/Drugs/view/4581
4582,N02CC03,ZOLMITRIPTAN BIOGARAN,G,Zolmitriptan - 2.5mg,2.5mg,"Tablet, orodispersible",921876,https://www.moph.gov.lb/en/Drugs/view/4582
4583,N02CC03,ZOLMITRIPTAN BIOGARAN,G,Zolmitriptan - 2.5mg,2.5mg,"Tablet, orodispersible",1683835,https://www.moph.gov.lb/en/Drugs/view/4583
4948,N06AB06,ZOLOFT,B,Sertraline HCl - 50mg,50mg,"Tablet, scored",596666,https://www.moph.gov.lb/en/Drugs/view/4948
4949,N06AB06,ZOLOFT,B,Sertraline HCl - 50mg,50mg,"Tablet, scored",596666,https://www.moph.gov.lb/en/Drugs/view/4949
2944,J01FA10,ZOMAX,G,Azithromycin (dihydrate) - 200mg/5ml,200mg/5ml,Powder for suspension,258018,https://www.moph.gov.lb/en/Drugs/view/2944
2945,J01FA10,ZOMAX,G,Azithromycin (dihydrate) - 200mg/5ml,200mg/5ml,Powder for suspension,258018,https://www.moph.gov.lb/en/Drugs/view/2945
2958,J01FA10,ZOMAX,G,Azithromycin (dihydrate) - 250mg,250mg,Capsule,360150,https://www.moph.gov.lb/en/Drugs/view/2958
240,A04AA01,ZONETRON ODT,G,Ondansetron - 8mg,8mg,"Tablet, orodispersible",998283,https://www.moph.gov.lb/en/Drugs/view/240
248,A04AA01,ZONETRON ODT,G,Ondansetron - 4mg,4mg,"Tablet, orodispersible",972686,https://www.moph.gov.lb/en/Drugs/view/248
3810,L02BG03,ZORTEX,G,Anastrozole - 1mg,1mg,"Tablet, film coated",1944092,https://www.moph.gov.lb/en/Drugs/view/3810
3160,J05AB01,ZOVIRAX,B,Aciclovir - 200mg/5ml,200mg/5ml,Suspension,487815,https://www.moph.gov.lb/en/Drugs/view/3160
3157,J05AB01,ZOVIRAX IV,B,Aciclovir - 250mg,250mg,Injectable freeze dried substance,2146116,https://www.moph.gov.lb/en/Drugs/view/3157
3411,L01BC07,ZYDROME,G,Azacitidine - 100mg,100mg,Injectable lyophilised powder,10967854,https://www.moph.gov.lb/en/Drugs/view/3411
523,A10BD15,ZYGLOMET XR 10/1000,G,"Dapagliflozin - 10mg, Metformin HCl XR - 1000mg",,"Tablet, film coated",2467295,https://www.moph.gov.lb/en/Drugs/view/523
519,A10BD15,ZYGLOMET XR 5/1000,G,"Dapagliflozin - 5mg, Metformin HCl XR - 1000mg",,"Tablet, film coated",2578386,https://www.moph.gov.lb/en/Drugs/view/519
585,A10BK01,ZYGLOR 10,G,Dapagliflozin - 10mg,10mg,"Tablet, film coated",2039953,https://www.moph.gov.lb/en/Drugs/view/585
4281,M04AA01,ZYLORIC,B,Allopurinol - 100mg,100mg,Tablet,278175,https://www.moph.gov.lb/en/Drugs/view/4281
4284,M04AA01,ZYLORIC,B,Allopurinol - 300mg,300mg,Tablet,302365,https://www.moph.gov.lb/en/Drugs/view/4284
2015,C10BA06,ZYMPASS,B,"Rosuvastatin (calcium) - 10mg, Ezetimibe - 10mg",,"Tablet, film coated",2138053,https://www.moph.gov.lb/en/Drugs/view/2015
2017,C10BA06,ZYMPASS,B,"Rosuvastatin (calcium) - 20mg, Ezetimibe - 10mg",,"Tablet, film coated",2482077,https://www.moph.gov.lb/en/Drugs/view/2017
2018,C10BA06,ZYMPASS,B,"Rosuvastatin (calcium) - 40mg, Ezetimibe - 10mg",,"Tablet, film coated",2482077,https://www.moph.gov.lb/en/Drugs/view/2018
4765,N05AH03,ZYPREXA,B,Olanzapine - 5mg,5mg,Tablet,1197364,https://www.moph.gov.lb/en/Drugs/view/4765
4766,N05AH03,ZYPREXA,B,Olanzapine - 5mg,5mg,Tablet,1197364,https://www.moph.gov.lb/en/Drugs/view/4766
4788,N05AH03,ZYPREXA,B,Olanzapine - 10mg,10mg,Tablet,1468820,https://www.moph.gov.lb/en/Drugs/view/4788
4789,N05AH03,ZYPREXA,B,Olanzapine - 10mg,10mg,Tablet,1468820,https://www.moph.gov.lb/en/Drugs/view/4789
4770,N05AH03,ZYPREXA VELOTAB,B,Olanzapine - 5mg,5mg,"Tablet, dispersible",2607054,https://www.moph.gov.lb/en/Drugs/view/4770
4771,N05AH03,ZYPREXA VELOTAB,B,Olanzapine - 5mg,5mg,"Tablet, dispersible",2607054,https://www.moph.gov.lb/en/Drugs/view/4771
4780,N05AH03,ZYPREXA VELOTAB,B,Olanzapine - 10mg,10mg,"Tablet, dispersible",5214109,https://www.moph.gov.lb/en/Drugs/view/4780
4781,N05AH03,ZYPREXA VELOTAB,B,Olanzapine - 10mg,10mg,"Tablet, dispersible",5214109,https://www.moph.gov.lb/en/Drugs/view/4781
5452,R06AE07,ZYRTEC,B,Cetirizine (dihydrochloride) - 10mg,10mg,"Tablet, film coated",593978,https://www.moph.gov.lb/en/Drugs/view/5452
5458,R06AE07,ZYRTEC,B,Cetirizine (dihydrochloride) - 1%,1%,Drops,170668,https://www.moph.gov.lb/en/Drugs/view/5458
5460,R06AE07,ZYRTEC,B,Cetirizine (dihydrochloride) - 5mg/5ml,,Solution,278175,https://www.moph.gov.lb/en/Drugs/view/5460
4778,N05AH03,ZYRWAN OD,G,Olanzapine - 5mg,5mg,"Tablet, orodispersible",831391,https://www.moph.gov.lb/en/Drugs/view/4778
4787,N05AH03,ZYRWAN OD,G,Olanzapine - 10mg,10mg,"Tablet, orodispersible",2564819,https://www.moph.gov.lb/en/Drugs/view/4787
3830,L02BX03,ZYTIGA,B,Abiraterone acetate - 500mg,500mg,"Tablet, film coated",72383958,https://www.moph.gov.lb/en/Drugs/view/3830
3632,L01FA01,ZYTUX,BioTech,Rituximab - 100mg/10ml,100mg/10ml,Injectable concentrate for solution,16463240,https://www.moph.gov.lb/en/Drugs/view/3632
3641,L01FA01,ZYTUX,BioTech,Rituximab - 500mg/50ml,500mg/50ml,Injectable concentrate for solution,27724196,https://www.moph.gov.lb/en/Drugs/view/3641
3094,J01XX08,ZYVOX,B,Linezolide - 600mg,600mg,Tablet,35584461,https://www.moph.gov.lb/en/Drugs/view/3094
3088,J01XX08,ZYVOX IV,B,Linezolide - 600mg/300ml,600mg/300ml,Injectable solution,4414523,https://www.moph.gov.lb/en/Drugs/view/3088
